Copyright 1986-2022 Xilinx, Inc. All Rights Reserved.
------------------------------------------------------------------------------------------------------------------------------------------------------------------------------------------------------------------------
| Tool Version : Vivado v.2022.2 (win64) Build 3671981 Fri Oct 14 05:00:03 MDT 2022
| Date         : Sat Dec  7 14:09:35 2024
| Host         : zeroDay running 64-bit major release  (build 9200)
| Command      : report_timing_summary -max_paths 10 -report_unconstrained -file WinRARTop_timing_summary_routed.rpt -pb WinRARTop_timing_summary_routed.pb -rpx WinRARTop_timing_summary_routed.rpx -warn_on_violation
| Design       : WinRARTop
| Device       : 7a100t-csg324
| Speed File   : -1  PRODUCTION 1.23 2018-06-13
------------------------------------------------------------------------------------------------------------------------------------------------------------------------------------------------------------------------

Timing Summary Report

------------------------------------------------------------------------------------------------
| Timer Settings
| --------------
------------------------------------------------------------------------------------------------

  Enable Multi Corner Analysis               :  Yes
  Enable Pessimism Removal                   :  Yes
  Pessimism Removal Resolution               :  Nearest Common Node
  Enable Input Delay Default Clock           :  No
  Enable Preset / Clear Arcs                 :  No
  Disable Flight Delays                      :  No
  Ignore I/O Paths                           :  No
  Timing Early Launch at Borrowing Latches   :  No
  Borrow Time for Max Delay Exceptions       :  Yes
  Merge Timing Exceptions                    :  Yes

  Corner  Analyze    Analyze    
  Name    Max Paths  Min Paths  
  ------  ---------  ---------  
  Slow    Yes        Yes        
  Fast    Yes        Yes        


------------------------------------------------------------------------------------------------
| Report Methodology
| ------------------
------------------------------------------------------------------------------------------------

Rule       Severity          Description                     Violations  
---------  ----------------  ------------------------------  ----------  
TIMING-17  Critical Warning  Non-clocked sequential cell     17          
TIMING-18  Warning           Missing input or output delay   8           
TIMING-20  Warning           Non-clocked latch               65          
LATCH-1    Advisory          Existing latches in the design  1           

Note: This report is based on the most recent report_methodology run and may not be up-to-date. Run report_methodology on the current design for the latest report.



check_timing report

Table of Contents
-----------------
1. checking no_clock (343)
2. checking constant_clock (0)
3. checking pulse_width_clock (0)
4. checking unconstrained_internal_endpoints (82)
5. checking no_input_delay (1)
6. checking no_output_delay (15)
7. checking multiple_clock (0)
8. checking generated_clocks (0)
9. checking loops (0)
10. checking partial_input_delay (0)
11. checking partial_output_delay (0)
12. checking latch_loops (0)

1. checking no_clock (343)
--------------------------
 There are 17 register/latch pins with no clock driven by root clock pin: clockReg_reg[0]/Q (HIGH)

 There is 1 register/latch pin with no clock driven by root clock pin: cpu/fetch_instance/InstrMemAccess_inst/memParse/instrOut_reg[26]/Q (HIGH)

 There are 65 register/latch pins with no clock driven by root clock pin: cpu/fetch_instance/InstrMemAccess_inst/memParse/instrOut_reg[27]/Q (HIGH)

 There are 65 register/latch pins with no clock driven by root clock pin: cpu/fetch_instance/InstrMemAccess_inst/memParse/instrOut_reg[28]/Q (HIGH)

 There are 65 register/latch pins with no clock driven by root clock pin: cpu/fetch_instance/InstrMemAccess_inst/memParse/instrOut_reg[29]/Q (HIGH)

 There are 65 register/latch pins with no clock driven by root clock pin: cpu/fetch_instance/InstrMemAccess_inst/memParse/instrOut_reg[30]/Q (HIGH)

 There are 65 register/latch pins with no clock driven by root clock pin: cpu/fetch_instance/InstrMemAccess_inst/memParse/instrOut_reg[31]/Q (HIGH)


2. checking constant_clock (0)
------------------------------
 There are 0 register/latch pins with constant_clock.


3. checking pulse_width_clock (0)
---------------------------------
 There are 0 register/latch pins which need pulse_width check


4. checking unconstrained_internal_endpoints (82)
-------------------------------------------------
 There are 82 pins that are not constrained for maximum delay. (HIGH)

 There are 0 pins that are not constrained for maximum delay due to constant clock.


5. checking no_input_delay (1)
------------------------------
 There is 1 input port with no input delay specified. (HIGH)

 There are 0 input ports with no input delay but user has a false path constraint.


6. checking no_output_delay (15)
--------------------------------
 There are 15 ports with no output delay specified. (HIGH)

 There are 0 ports with no output delay but user has a false path constraint

 There are 0 ports with no output delay but with a timing clock defined on it or propagating through it


7. checking multiple_clock (0)
------------------------------
 There are 0 register/latch pins with multiple clocks.


8. checking generated_clocks (0)
--------------------------------
 There are 0 generated clocks that are not connected to a clock source.


9. checking loops (0)
---------------------
 There are 0 combinational loops in the design.


10. checking partial_input_delay (0)
------------------------------------
 There are 0 input ports with partial input delay specified.


11. checking partial_output_delay (0)
-------------------------------------
 There are 0 ports with partial output delay specified.


12. checking latch_loops (0)
----------------------------
 There are 0 combinational latch loops in the design through latch input



------------------------------------------------------------------------------------------------
| Design Timing Summary
| ---------------------
------------------------------------------------------------------------------------------------

    WNS(ns)      TNS(ns)  TNS Failing Endpoints  TNS Total Endpoints      WHS(ns)      THS(ns)  THS Failing Endpoints  THS Total Endpoints     WPWS(ns)     TPWS(ns)  TPWS Failing Endpoints  TPWS Total Endpoints  
    -------      -------  ---------------------  -------------------      -------      -------  ---------------------  -------------------     --------     --------  ----------------------  --------------------  
      0.041        0.000                      0                 6241        0.036        0.000                      0                 6241        0.456        0.000                       0                  3579  


All user specified timing constraints are met.


------------------------------------------------------------------------------------------------
| Clock Summary
| -------------
------------------------------------------------------------------------------------------------

Clock  Waveform(ns)         Period(ns)      Frequency(MHz)
-----  ------------         ----------      --------------
Clk    {0.000 1.700}        3.400           294.118         


------------------------------------------------------------------------------------------------
| Intra Clock Table
| -----------------
------------------------------------------------------------------------------------------------

Clock             WNS(ns)      TNS(ns)  TNS Failing Endpoints  TNS Total Endpoints      WHS(ns)      THS(ns)  THS Failing Endpoints  THS Total Endpoints     WPWS(ns)     TPWS(ns)  TPWS Failing Endpoints  TPWS Total Endpoints  
-----             -------      -------  ---------------------  -------------------      -------      -------  ---------------------  -------------------     --------     --------  ----------------------  --------------------  
Clk                 0.041        0.000                      0                 6241        0.036        0.000                      0                 6241        0.456        0.000                       0                  3579  


------------------------------------------------------------------------------------------------
| Inter Clock Table
| -----------------
------------------------------------------------------------------------------------------------

From Clock    To Clock          WNS(ns)      TNS(ns)  TNS Failing Endpoints  TNS Total Endpoints      WHS(ns)      THS(ns)  THS Failing Endpoints  THS Total Endpoints  
----------    --------          -------      -------  ---------------------  -------------------      -------      -------  ---------------------  -------------------  


------------------------------------------------------------------------------------------------
| Other Path Groups Table
| -----------------------
------------------------------------------------------------------------------------------------

Path Group    From Clock    To Clock          WNS(ns)      TNS(ns)  TNS Failing Endpoints  TNS Total Endpoints      WHS(ns)      THS(ns)  THS Failing Endpoints  THS Total Endpoints  
----------    ----------    --------          -------      -------  ---------------------  -------------------      -------      -------  ---------------------  -------------------  


------------------------------------------------------------------------------------------------
| User Ignored Path Table
| -----------------------
------------------------------------------------------------------------------------------------

Path Group    From Clock    To Clock    
----------    ----------    --------    


------------------------------------------------------------------------------------------------
| Unconstrained Path Table
| ------------------------
------------------------------------------------------------------------------------------------

Path Group    From Clock    To Clock    
----------    ----------    --------    
(none)                                    
(none)        Clk                         
(none)                      Clk           


------------------------------------------------------------------------------------------------
| Timing Details
| --------------
------------------------------------------------------------------------------------------------


---------------------------------------------------------------------------------------------------
From Clock:  Clk
  To Clock:  Clk

Setup :            0  Failing Endpoints,  Worst Slack        0.041ns,  Total Violation        0.000ns
Hold  :            0  Failing Endpoints,  Worst Slack        0.036ns,  Total Violation        0.000ns
PW    :            0  Failing Endpoints,  Worst Slack        0.456ns,  Total Violation        0.000ns
---------------------------------------------------------------------------------------------------


Max Delay Paths
--------------------------------------------------------------------------------------
Slack (MET) :             0.041ns  (required time - arrival time)
  Source:                 cpu/enable_reg[33][0]/C
                            (rising edge-triggered cell FDRE clocked by Clk  {rise@0.000ns fall@1.700ns period=3.400ns})
  Destination:            cpu/decode_instance/reg_file/mem_reg[31][8]/CE
                            (rising edge-triggered cell FDRE clocked by Clk  {rise@0.000ns fall@1.700ns period=3.400ns})
  Path Group:             Clk
  Path Type:              Setup (Max at Slow Process Corner)
  Requirement:            3.400ns  (Clk rise@3.400ns - Clk rise@0.000ns)
  Data Path Delay:        3.078ns  (logic 0.766ns (24.887%)  route 2.312ns (75.113%))
  Logic Levels:           2  (LUT5=1 LUT6=1)
  Clock Path Skew:        -0.041ns (DCD - SCD + CPR)
    Destination Clock Delay (DCD):    4.914ns = ( 8.314 - 3.400 ) 
    Source Clock Delay      (SCD):    5.214ns
    Clock Pessimism Removal (CPR):    0.259ns
  Clock Uncertainty:      0.035ns  ((TSJ^2 + TIJ^2)^1/2 + DJ) / 2 + PE
    Total System Jitter     (TSJ):    0.071ns
    Total Input Jitter      (TIJ):    0.000ns
    Discrete Jitter          (DJ):    0.000ns
    Phase Error              (PE):    0.000ns

    Location             Delay type                Incr(ns)  Path(ns)    Netlist Resource(s)
  -------------------------------------------------------------------    -------------------
                         (clock Clk rise edge)        0.000     0.000 r  
    E3                                                0.000     0.000 r  Clk (IN)
                         net (fo=0)                   0.000     0.000    Clk
    E3                   IBUF (Prop_ibuf_I_O)         1.482     1.482 r  Clk_IBUF_inst/O
                         net (fo=1, routed)           2.025     3.506    Clk_IBUF
    BUFGCTRL_X0Y16       BUFG (Prop_bufg_I_O)         0.096     3.602 r  Clk_IBUF_BUFG_inst/O
                         net (fo=3578, routed)        1.612     5.214    cpu/Clk_IBUF_BUFG
    SLICE_X42Y134        FDRE                                         r  cpu/enable_reg[33][0]/C
  -------------------------------------------------------------------    -------------------
    SLICE_X42Y134        FDRE (Prop_fdre_C_Q)         0.518     5.732 r  cpu/enable_reg[33][0]/Q
                         net (fo=3, routed)           0.827     6.559    cpu/writeback_instance/enable_reg[33]_37
    SLICE_X41Y134        LUT5 (Prop_lut5_I0_O)        0.124     6.683 r  cpu/writeback_instance/mem[2][31]_i_2/O
                         net (fo=28, routed)          0.749     7.432    cpu/writeback_instance/mem[2][31]_i_2_n_0
    SLICE_X42Y135        LUT6 (Prop_lut6_I1_O)        0.124     7.556 r  cpu/writeback_instance/mem[31][31]_i_1/O
                         net (fo=32, routed)          0.736     8.292    cpu/decode_instance/reg_file/mem_reg[31][0]_0[0]
    SLICE_X41Y131        FDRE                                         r  cpu/decode_instance/reg_file/mem_reg[31][8]/CE
  -------------------------------------------------------------------    -------------------

                         (clock Clk rise edge)        3.400     3.400 r  
    E3                                                0.000     3.400 r  Clk (IN)
                         net (fo=0)                   0.000     3.400    Clk
    E3                   IBUF (Prop_ibuf_I_O)         1.411     4.811 r  Clk_IBUF_inst/O
                         net (fo=1, routed)           1.920     6.731    Clk_IBUF
    BUFGCTRL_X0Y16       BUFG (Prop_bufg_I_O)         0.091     6.822 r  Clk_IBUF_BUFG_inst/O
                         net (fo=3578, routed)        1.492     8.314    cpu/decode_instance/reg_file/Clk_IBUF_BUFG
    SLICE_X41Y131        FDRE                                         r  cpu/decode_instance/reg_file/mem_reg[31][8]/C
                         clock pessimism              0.259     8.573    
                         clock uncertainty           -0.035     8.538    
    SLICE_X41Y131        FDRE (Setup_fdre_C_CE)      -0.205     8.333    cpu/decode_instance/reg_file/mem_reg[31][8]
  -------------------------------------------------------------------
                         required time                          8.333    
                         arrival time                          -8.292    
  -------------------------------------------------------------------
                         slack                                  0.041    

Slack (MET) :             0.041ns  (required time - arrival time)
  Source:                 cpu/enable_reg[33][0]/C
                            (rising edge-triggered cell FDRE clocked by Clk  {rise@0.000ns fall@1.700ns period=3.400ns})
  Destination:            cpu/decode_instance/reg_file/mem_reg[31][9]/CE
                            (rising edge-triggered cell FDRE clocked by Clk  {rise@0.000ns fall@1.700ns period=3.400ns})
  Path Group:             Clk
  Path Type:              Setup (Max at Slow Process Corner)
  Requirement:            3.400ns  (Clk rise@3.400ns - Clk rise@0.000ns)
  Data Path Delay:        3.078ns  (logic 0.766ns (24.887%)  route 2.312ns (75.113%))
  Logic Levels:           2  (LUT5=1 LUT6=1)
  Clock Path Skew:        -0.041ns (DCD - SCD + CPR)
    Destination Clock Delay (DCD):    4.914ns = ( 8.314 - 3.400 ) 
    Source Clock Delay      (SCD):    5.214ns
    Clock Pessimism Removal (CPR):    0.259ns
  Clock Uncertainty:      0.035ns  ((TSJ^2 + TIJ^2)^1/2 + DJ) / 2 + PE
    Total System Jitter     (TSJ):    0.071ns
    Total Input Jitter      (TIJ):    0.000ns
    Discrete Jitter          (DJ):    0.000ns
    Phase Error              (PE):    0.000ns

    Location             Delay type                Incr(ns)  Path(ns)    Netlist Resource(s)
  -------------------------------------------------------------------    -------------------
                         (clock Clk rise edge)        0.000     0.000 r  
    E3                                                0.000     0.000 r  Clk (IN)
                         net (fo=0)                   0.000     0.000    Clk
    E3                   IBUF (Prop_ibuf_I_O)         1.482     1.482 r  Clk_IBUF_inst/O
                         net (fo=1, routed)           2.025     3.506    Clk_IBUF
    BUFGCTRL_X0Y16       BUFG (Prop_bufg_I_O)         0.096     3.602 r  Clk_IBUF_BUFG_inst/O
                         net (fo=3578, routed)        1.612     5.214    cpu/Clk_IBUF_BUFG
    SLICE_X42Y134        FDRE                                         r  cpu/enable_reg[33][0]/C
  -------------------------------------------------------------------    -------------------
    SLICE_X42Y134        FDRE (Prop_fdre_C_Q)         0.518     5.732 r  cpu/enable_reg[33][0]/Q
                         net (fo=3, routed)           0.827     6.559    cpu/writeback_instance/enable_reg[33]_37
    SLICE_X41Y134        LUT5 (Prop_lut5_I0_O)        0.124     6.683 r  cpu/writeback_instance/mem[2][31]_i_2/O
                         net (fo=28, routed)          0.749     7.432    cpu/writeback_instance/mem[2][31]_i_2_n_0
    SLICE_X42Y135        LUT6 (Prop_lut6_I1_O)        0.124     7.556 r  cpu/writeback_instance/mem[31][31]_i_1/O
                         net (fo=32, routed)          0.736     8.292    cpu/decode_instance/reg_file/mem_reg[31][0]_0[0]
    SLICE_X41Y131        FDRE                                         r  cpu/decode_instance/reg_file/mem_reg[31][9]/CE
  -------------------------------------------------------------------    -------------------

                         (clock Clk rise edge)        3.400     3.400 r  
    E3                                                0.000     3.400 r  Clk (IN)
                         net (fo=0)                   0.000     3.400    Clk
    E3                   IBUF (Prop_ibuf_I_O)         1.411     4.811 r  Clk_IBUF_inst/O
                         net (fo=1, routed)           1.920     6.731    Clk_IBUF
    BUFGCTRL_X0Y16       BUFG (Prop_bufg_I_O)         0.091     6.822 r  Clk_IBUF_BUFG_inst/O
                         net (fo=3578, routed)        1.492     8.314    cpu/decode_instance/reg_file/Clk_IBUF_BUFG
    SLICE_X41Y131        FDRE                                         r  cpu/decode_instance/reg_file/mem_reg[31][9]/C
                         clock pessimism              0.259     8.573    
                         clock uncertainty           -0.035     8.538    
    SLICE_X41Y131        FDRE (Setup_fdre_C_CE)      -0.205     8.333    cpu/decode_instance/reg_file/mem_reg[31][9]
  -------------------------------------------------------------------
                         required time                          8.333    
                         arrival time                          -8.292    
  -------------------------------------------------------------------
                         slack                                  0.041    

Slack (MET) :             0.054ns  (required time - arrival time)
  Source:                 cpu/fetch_instance/Fetch_inst/imm_reg_reg[5]/C
                            (rising edge-triggered cell FDRE clocked by Clk  {rise@0.000ns fall@1.700ns period=3.400ns})
  Destination:            cpu/fetch_instance/Fetch_inst/pc0/PCResult_reg[9]/D
                            (rising edge-triggered cell FDRE clocked by Clk  {rise@0.000ns fall@1.700ns period=3.400ns})
  Path Group:             Clk
  Path Type:              Setup (Max at Slow Process Corner)
  Requirement:            3.400ns  (Clk rise@3.400ns - Clk rise@0.000ns)
  Data Path Delay:        3.304ns  (logic 1.849ns (55.969%)  route 1.455ns (44.031%))
  Logic Levels:           4  (CARRY4=1 LUT2=1 LUT5=1 LUT6=1)
  Clock Path Skew:        -0.038ns (DCD - SCD + CPR)
    Destination Clock Delay (DCD):    4.909ns = ( 8.309 - 3.400 ) 
    Source Clock Delay      (SCD):    5.206ns
    Clock Pessimism Removal (CPR):    0.259ns
  Clock Uncertainty:      0.035ns  ((TSJ^2 + TIJ^2)^1/2 + DJ) / 2 + PE
    Total System Jitter     (TSJ):    0.071ns
    Total Input Jitter      (TIJ):    0.000ns
    Discrete Jitter          (DJ):    0.000ns
    Phase Error              (PE):    0.000ns

    Location             Delay type                Incr(ns)  Path(ns)    Netlist Resource(s)
  -------------------------------------------------------------------    -------------------
                         (clock Clk rise edge)        0.000     0.000 r  
    E3                                                0.000     0.000 r  Clk (IN)
                         net (fo=0)                   0.000     0.000    Clk
    E3                   IBUF (Prop_ibuf_I_O)         1.482     1.482 r  Clk_IBUF_inst/O
                         net (fo=1, routed)           2.025     3.506    Clk_IBUF
    BUFGCTRL_X0Y16       BUFG (Prop_bufg_I_O)         0.096     3.602 r  Clk_IBUF_BUFG_inst/O
                         net (fo=3578, routed)        1.604     5.206    cpu/fetch_instance/Fetch_inst/Clk_IBUF_BUFG
    SLICE_X34Y125        FDRE                                         r  cpu/fetch_instance/Fetch_inst/imm_reg_reg[5]/C
  -------------------------------------------------------------------    -------------------
    SLICE_X34Y125        FDRE (Prop_fdre_C_Q)         0.478     5.684 r  cpu/fetch_instance/Fetch_inst/imm_reg_reg[5]/Q
                         net (fo=2, routed)           0.716     6.400    cpu/fetch_instance/Fetch_inst/imm_reg_reg_n_0_[5]
    SLICE_X29Y125        LUT2 (Prop_lut2_I1_O)        0.301     6.701 r  cpu/fetch_instance/Fetch_inst/secondAdderOutput0_carry__0_i_3/O
                         net (fo=1, routed)           0.000     6.701    cpu/fetch_instance/Fetch_inst/secondAdderOutput0_carry__0_i_3_n_0
    SLICE_X29Y125        CARRY4 (Prop_carry4_S[1]_O[3])
                                                      0.640     7.341 r  cpu/fetch_instance/Fetch_inst/secondAdderOutput0_carry__0/O[3]
                         net (fo=1, routed)           0.295     7.636    cpu/fetch_instance/Fetch_inst/pc0/secondAdderOutput0[7]
    SLICE_X29Y126        LUT6 (Prop_lut6_I2_O)        0.306     7.942 r  cpu/fetch_instance/Fetch_inst/pc0/PCResult[9]_i_2/O
                         net (fo=1, routed)           0.444     8.386    cpu/fetch_instance/Fetch_inst/pc0/PCResult[9]_i_2_n_0
    SLICE_X32Y125        LUT5 (Prop_lut5_I0_O)        0.124     8.510 r  cpu/fetch_instance/Fetch_inst/pc0/PCResult[9]_i_1/O
                         net (fo=1, routed)           0.000     8.510    cpu/fetch_instance/Fetch_inst/pc0/addressOut[9]
    SLICE_X32Y125        FDRE                                         r  cpu/fetch_instance/Fetch_inst/pc0/PCResult_reg[9]/D
  -------------------------------------------------------------------    -------------------

                         (clock Clk rise edge)        3.400     3.400 r  
    E3                                                0.000     3.400 r  Clk (IN)
                         net (fo=0)                   0.000     3.400    Clk
    E3                   IBUF (Prop_ibuf_I_O)         1.411     4.811 r  Clk_IBUF_inst/O
                         net (fo=1, routed)           1.920     6.731    Clk_IBUF
    BUFGCTRL_X0Y16       BUFG (Prop_bufg_I_O)         0.091     6.822 r  Clk_IBUF_BUFG_inst/O
                         net (fo=3578, routed)        1.487     8.309    cpu/fetch_instance/Fetch_inst/pc0/Clk_IBUF_BUFG
    SLICE_X32Y125        FDRE                                         r  cpu/fetch_instance/Fetch_inst/pc0/PCResult_reg[9]/C
                         clock pessimism              0.259     8.568    
                         clock uncertainty           -0.035     8.533    
    SLICE_X32Y125        FDRE (Setup_fdre_C_D)        0.031     8.564    cpu/fetch_instance/Fetch_inst/pc0/PCResult_reg[9]
  -------------------------------------------------------------------
                         required time                          8.564    
                         arrival time                          -8.510    
  -------------------------------------------------------------------
                         slack                                  0.054    

Slack (MET) :             0.054ns  (required time - arrival time)
  Source:                 cpu/fetch_instance/Fetch_inst/instrMemAddress_reg_reg[2]/C
                            (rising edge-triggered cell FDRE clocked by Clk  {rise@0.000ns fall@1.700ns period=3.400ns})
  Destination:            cpu/fetch_instance/Fetch_inst/internalNextInstr_reg_reg[2]/D
                            (rising edge-triggered cell FDRE clocked by Clk  {rise@0.000ns fall@1.700ns period=3.400ns})
  Path Group:             Clk
  Path Type:              Setup (Max at Slow Process Corner)
  Requirement:            3.400ns  (Clk rise@3.400ns - Clk rise@0.000ns)
  Data Path Delay:        2.985ns  (logic 1.152ns (38.589%)  route 1.833ns (61.411%))
  Logic Levels:           2  (CARRY4=1 LUT3=1)
  Clock Path Skew:        -0.042ns (DCD - SCD + CPR)
    Destination Clock Delay (DCD):    4.910ns = ( 8.310 - 3.400 ) 
    Source Clock Delay      (SCD):    5.211ns
    Clock Pessimism Removal (CPR):    0.259ns
  Clock Uncertainty:      0.035ns  ((TSJ^2 + TIJ^2)^1/2 + DJ) / 2 + PE
    Total System Jitter     (TSJ):    0.071ns
    Total Input Jitter      (TIJ):    0.000ns
    Discrete Jitter          (DJ):    0.000ns
    Phase Error              (PE):    0.000ns

    Location             Delay type                Incr(ns)  Path(ns)    Netlist Resource(s)
  -------------------------------------------------------------------    -------------------
                         (clock Clk rise edge)        0.000     0.000 r  
    E3                                                0.000     0.000 r  Clk (IN)
                         net (fo=0)                   0.000     0.000    Clk
    E3                   IBUF (Prop_ibuf_I_O)         1.482     1.482 r  Clk_IBUF_inst/O
                         net (fo=1, routed)           2.025     3.506    Clk_IBUF
    BUFGCTRL_X0Y16       BUFG (Prop_bufg_I_O)         0.096     3.602 r  Clk_IBUF_BUFG_inst/O
                         net (fo=3578, routed)        1.609     5.211    cpu/fetch_instance/Fetch_inst/Clk_IBUF_BUFG
    SLICE_X29Y127        FDRE                                         r  cpu/fetch_instance/Fetch_inst/instrMemAddress_reg_reg[2]/C
  -------------------------------------------------------------------    -------------------
    SLICE_X29Y127        FDRE (Prop_fdre_C_Q)         0.456     5.667 r  cpu/fetch_instance/Fetch_inst/instrMemAddress_reg_reg[2]/Q
                         net (fo=2, routed)           0.429     6.097    cpu/fetch_instance/Fetch_inst/instrMemAddressWire[0]
    SLICE_X28Y126        CARRY4 (Prop_carry4_S[0]_O[0])
                                                      0.371     6.468 f  cpu/fetch_instance/Fetch_inst/PCAdderIn0_carry/O[0]
                         net (fo=5, routed)           0.869     7.336    cpu/fetch_instance/Fetch_inst/pc0/PCAdderIn0[0]
    SLICE_X28Y125        LUT3 (Prop_lut3_I0_O)        0.325     7.661 r  cpu/fetch_instance/Fetch_inst/pc0/internalNextInstr_reg[2]_i_1/O
                         net (fo=1, routed)           0.535     8.197    cpu/fetch_instance/Fetch_inst/internalNextInstr[2]
    SLICE_X28Y124        FDRE                                         r  cpu/fetch_instance/Fetch_inst/internalNextInstr_reg_reg[2]/D
  -------------------------------------------------------------------    -------------------

                         (clock Clk rise edge)        3.400     3.400 r  
    E3                                                0.000     3.400 r  Clk (IN)
                         net (fo=0)                   0.000     3.400    Clk
    E3                   IBUF (Prop_ibuf_I_O)         1.411     4.811 r  Clk_IBUF_inst/O
                         net (fo=1, routed)           1.920     6.731    Clk_IBUF
    BUFGCTRL_X0Y16       BUFG (Prop_bufg_I_O)         0.091     6.822 r  Clk_IBUF_BUFG_inst/O
                         net (fo=3578, routed)        1.488     8.310    cpu/fetch_instance/Fetch_inst/Clk_IBUF_BUFG
    SLICE_X28Y124        FDRE                                         r  cpu/fetch_instance/Fetch_inst/internalNextInstr_reg_reg[2]/C
                         clock pessimism              0.259     8.569    
                         clock uncertainty           -0.035     8.534    
    SLICE_X28Y124        FDRE (Setup_fdre_C_D)       -0.283     8.251    cpu/fetch_instance/Fetch_inst/internalNextInstr_reg_reg[2]
  -------------------------------------------------------------------
                         required time                          8.251    
                         arrival time                          -8.197    
  -------------------------------------------------------------------
                         slack                                  0.054    

Slack (MET) :             0.055ns  (required time - arrival time)
  Source:                 cpu/enable_reg[33][0]/C
                            (rising edge-triggered cell FDRE clocked by Clk  {rise@0.000ns fall@1.700ns period=3.400ns})
  Destination:            cpu/decode_instance/reg_file/mem_reg[8][0]/CE
                            (rising edge-triggered cell FDRE clocked by Clk  {rise@0.000ns fall@1.700ns period=3.400ns})
  Path Group:             Clk
  Path Type:              Setup (Max at Slow Process Corner)
  Requirement:            3.400ns  (Clk rise@3.400ns - Clk rise@0.000ns)
  Data Path Delay:        3.069ns  (logic 0.766ns (24.956%)  route 2.303ns (75.044%))
  Logic Levels:           2  (LUT5=1 LUT6=1)
  Clock Path Skew:        -0.035ns (DCD - SCD + CPR)
    Destination Clock Delay (DCD):    4.920ns = ( 8.320 - 3.400 ) 
    Source Clock Delay      (SCD):    5.214ns
    Clock Pessimism Removal (CPR):    0.259ns
  Clock Uncertainty:      0.035ns  ((TSJ^2 + TIJ^2)^1/2 + DJ) / 2 + PE
    Total System Jitter     (TSJ):    0.071ns
    Total Input Jitter      (TIJ):    0.000ns
    Discrete Jitter          (DJ):    0.000ns
    Phase Error              (PE):    0.000ns

    Location             Delay type                Incr(ns)  Path(ns)    Netlist Resource(s)
  -------------------------------------------------------------------    -------------------
                         (clock Clk rise edge)        0.000     0.000 r  
    E3                                                0.000     0.000 r  Clk (IN)
                         net (fo=0)                   0.000     0.000    Clk
    E3                   IBUF (Prop_ibuf_I_O)         1.482     1.482 r  Clk_IBUF_inst/O
                         net (fo=1, routed)           2.025     3.506    Clk_IBUF
    BUFGCTRL_X0Y16       BUFG (Prop_bufg_I_O)         0.096     3.602 r  Clk_IBUF_BUFG_inst/O
                         net (fo=3578, routed)        1.612     5.214    cpu/Clk_IBUF_BUFG
    SLICE_X42Y134        FDRE                                         r  cpu/enable_reg[33][0]/C
  -------------------------------------------------------------------    -------------------
    SLICE_X42Y134        FDRE (Prop_fdre_C_Q)         0.518     5.732 r  cpu/enable_reg[33][0]/Q
                         net (fo=3, routed)           0.827     6.559    cpu/writeback_instance/enable_reg[33]_37
    SLICE_X41Y134        LUT5 (Prop_lut5_I0_O)        0.124     6.683 r  cpu/writeback_instance/mem[2][31]_i_2/O
                         net (fo=28, routed)          0.788     7.471    cpu/writeback_instance/mem[2][31]_i_2_n_0
    SLICE_X42Y135        LUT6 (Prop_lut6_I4_O)        0.124     7.595 r  cpu/writeback_instance/mem[8][31]_i_1/O
                         net (fo=32, routed)          0.688     8.284    cpu/decode_instance/reg_file/mem_reg[8][0]_0[0]
    SLICE_X37Y135        FDRE                                         r  cpu/decode_instance/reg_file/mem_reg[8][0]/CE
  -------------------------------------------------------------------    -------------------

                         (clock Clk rise edge)        3.400     3.400 r  
    E3                                                0.000     3.400 r  Clk (IN)
                         net (fo=0)                   0.000     3.400    Clk
    E3                   IBUF (Prop_ibuf_I_O)         1.411     4.811 r  Clk_IBUF_inst/O
                         net (fo=1, routed)           1.920     6.731    Clk_IBUF
    BUFGCTRL_X0Y16       BUFG (Prop_bufg_I_O)         0.091     6.822 r  Clk_IBUF_BUFG_inst/O
                         net (fo=3578, routed)        1.498     8.320    cpu/decode_instance/reg_file/Clk_IBUF_BUFG
    SLICE_X37Y135        FDRE                                         r  cpu/decode_instance/reg_file/mem_reg[8][0]/C
                         clock pessimism              0.259     8.579    
                         clock uncertainty           -0.035     8.544    
    SLICE_X37Y135        FDRE (Setup_fdre_C_CE)      -0.205     8.339    cpu/decode_instance/reg_file/mem_reg[8][0]
  -------------------------------------------------------------------
                         required time                          8.339    
                         arrival time                          -8.284    
  -------------------------------------------------------------------
                         slack                                  0.055    

Slack (MET) :             0.055ns  (required time - arrival time)
  Source:                 cpu/enable_reg[33][0]/C
                            (rising edge-triggered cell FDRE clocked by Clk  {rise@0.000ns fall@1.700ns period=3.400ns})
  Destination:            cpu/decode_instance/reg_file/mem_reg[8][15]/CE
                            (rising edge-triggered cell FDRE clocked by Clk  {rise@0.000ns fall@1.700ns period=3.400ns})
  Path Group:             Clk
  Path Type:              Setup (Max at Slow Process Corner)
  Requirement:            3.400ns  (Clk rise@3.400ns - Clk rise@0.000ns)
  Data Path Delay:        3.069ns  (logic 0.766ns (24.956%)  route 2.303ns (75.044%))
  Logic Levels:           2  (LUT5=1 LUT6=1)
  Clock Path Skew:        -0.035ns (DCD - SCD + CPR)
    Destination Clock Delay (DCD):    4.920ns = ( 8.320 - 3.400 ) 
    Source Clock Delay      (SCD):    5.214ns
    Clock Pessimism Removal (CPR):    0.259ns
  Clock Uncertainty:      0.035ns  ((TSJ^2 + TIJ^2)^1/2 + DJ) / 2 + PE
    Total System Jitter     (TSJ):    0.071ns
    Total Input Jitter      (TIJ):    0.000ns
    Discrete Jitter          (DJ):    0.000ns
    Phase Error              (PE):    0.000ns

    Location             Delay type                Incr(ns)  Path(ns)    Netlist Resource(s)
  -------------------------------------------------------------------    -------------------
                         (clock Clk rise edge)        0.000     0.000 r  
    E3                                                0.000     0.000 r  Clk (IN)
                         net (fo=0)                   0.000     0.000    Clk
    E3                   IBUF (Prop_ibuf_I_O)         1.482     1.482 r  Clk_IBUF_inst/O
                         net (fo=1, routed)           2.025     3.506    Clk_IBUF
    BUFGCTRL_X0Y16       BUFG (Prop_bufg_I_O)         0.096     3.602 r  Clk_IBUF_BUFG_inst/O
                         net (fo=3578, routed)        1.612     5.214    cpu/Clk_IBUF_BUFG
    SLICE_X42Y134        FDRE                                         r  cpu/enable_reg[33][0]/C
  -------------------------------------------------------------------    -------------------
    SLICE_X42Y134        FDRE (Prop_fdre_C_Q)         0.518     5.732 r  cpu/enable_reg[33][0]/Q
                         net (fo=3, routed)           0.827     6.559    cpu/writeback_instance/enable_reg[33]_37
    SLICE_X41Y134        LUT5 (Prop_lut5_I0_O)        0.124     6.683 r  cpu/writeback_instance/mem[2][31]_i_2/O
                         net (fo=28, routed)          0.788     7.471    cpu/writeback_instance/mem[2][31]_i_2_n_0
    SLICE_X42Y135        LUT6 (Prop_lut6_I4_O)        0.124     7.595 r  cpu/writeback_instance/mem[8][31]_i_1/O
                         net (fo=32, routed)          0.688     8.284    cpu/decode_instance/reg_file/mem_reg[8][0]_0[0]
    SLICE_X37Y135        FDRE                                         r  cpu/decode_instance/reg_file/mem_reg[8][15]/CE
  -------------------------------------------------------------------    -------------------

                         (clock Clk rise edge)        3.400     3.400 r  
    E3                                                0.000     3.400 r  Clk (IN)
                         net (fo=0)                   0.000     3.400    Clk
    E3                   IBUF (Prop_ibuf_I_O)         1.411     4.811 r  Clk_IBUF_inst/O
                         net (fo=1, routed)           1.920     6.731    Clk_IBUF
    BUFGCTRL_X0Y16       BUFG (Prop_bufg_I_O)         0.091     6.822 r  Clk_IBUF_BUFG_inst/O
                         net (fo=3578, routed)        1.498     8.320    cpu/decode_instance/reg_file/Clk_IBUF_BUFG
    SLICE_X37Y135        FDRE                                         r  cpu/decode_instance/reg_file/mem_reg[8][15]/C
                         clock pessimism              0.259     8.579    
                         clock uncertainty           -0.035     8.544    
    SLICE_X37Y135        FDRE (Setup_fdre_C_CE)      -0.205     8.339    cpu/decode_instance/reg_file/mem_reg[8][15]
  -------------------------------------------------------------------
                         required time                          8.339    
                         arrival time                          -8.284    
  -------------------------------------------------------------------
                         slack                                  0.055    

Slack (MET) :             0.055ns  (required time - arrival time)
  Source:                 cpu/enable_reg[33][0]/C
                            (rising edge-triggered cell FDRE clocked by Clk  {rise@0.000ns fall@1.700ns period=3.400ns})
  Destination:            cpu/decode_instance/reg_file/mem_reg[8][1]/CE
                            (rising edge-triggered cell FDRE clocked by Clk  {rise@0.000ns fall@1.700ns period=3.400ns})
  Path Group:             Clk
  Path Type:              Setup (Max at Slow Process Corner)
  Requirement:            3.400ns  (Clk rise@3.400ns - Clk rise@0.000ns)
  Data Path Delay:        3.069ns  (logic 0.766ns (24.956%)  route 2.303ns (75.044%))
  Logic Levels:           2  (LUT5=1 LUT6=1)
  Clock Path Skew:        -0.035ns (DCD - SCD + CPR)
    Destination Clock Delay (DCD):    4.920ns = ( 8.320 - 3.400 ) 
    Source Clock Delay      (SCD):    5.214ns
    Clock Pessimism Removal (CPR):    0.259ns
  Clock Uncertainty:      0.035ns  ((TSJ^2 + TIJ^2)^1/2 + DJ) / 2 + PE
    Total System Jitter     (TSJ):    0.071ns
    Total Input Jitter      (TIJ):    0.000ns
    Discrete Jitter          (DJ):    0.000ns
    Phase Error              (PE):    0.000ns

    Location             Delay type                Incr(ns)  Path(ns)    Netlist Resource(s)
  -------------------------------------------------------------------    -------------------
                         (clock Clk rise edge)        0.000     0.000 r  
    E3                                                0.000     0.000 r  Clk (IN)
                         net (fo=0)                   0.000     0.000    Clk
    E3                   IBUF (Prop_ibuf_I_O)         1.482     1.482 r  Clk_IBUF_inst/O
                         net (fo=1, routed)           2.025     3.506    Clk_IBUF
    BUFGCTRL_X0Y16       BUFG (Prop_bufg_I_O)         0.096     3.602 r  Clk_IBUF_BUFG_inst/O
                         net (fo=3578, routed)        1.612     5.214    cpu/Clk_IBUF_BUFG
    SLICE_X42Y134        FDRE                                         r  cpu/enable_reg[33][0]/C
  -------------------------------------------------------------------    -------------------
    SLICE_X42Y134        FDRE (Prop_fdre_C_Q)         0.518     5.732 r  cpu/enable_reg[33][0]/Q
                         net (fo=3, routed)           0.827     6.559    cpu/writeback_instance/enable_reg[33]_37
    SLICE_X41Y134        LUT5 (Prop_lut5_I0_O)        0.124     6.683 r  cpu/writeback_instance/mem[2][31]_i_2/O
                         net (fo=28, routed)          0.788     7.471    cpu/writeback_instance/mem[2][31]_i_2_n_0
    SLICE_X42Y135        LUT6 (Prop_lut6_I4_O)        0.124     7.595 r  cpu/writeback_instance/mem[8][31]_i_1/O
                         net (fo=32, routed)          0.688     8.284    cpu/decode_instance/reg_file/mem_reg[8][0]_0[0]
    SLICE_X37Y135        FDRE                                         r  cpu/decode_instance/reg_file/mem_reg[8][1]/CE
  -------------------------------------------------------------------    -------------------

                         (clock Clk rise edge)        3.400     3.400 r  
    E3                                                0.000     3.400 r  Clk (IN)
                         net (fo=0)                   0.000     3.400    Clk
    E3                   IBUF (Prop_ibuf_I_O)         1.411     4.811 r  Clk_IBUF_inst/O
                         net (fo=1, routed)           1.920     6.731    Clk_IBUF
    BUFGCTRL_X0Y16       BUFG (Prop_bufg_I_O)         0.091     6.822 r  Clk_IBUF_BUFG_inst/O
                         net (fo=3578, routed)        1.498     8.320    cpu/decode_instance/reg_file/Clk_IBUF_BUFG
    SLICE_X37Y135        FDRE                                         r  cpu/decode_instance/reg_file/mem_reg[8][1]/C
                         clock pessimism              0.259     8.579    
                         clock uncertainty           -0.035     8.544    
    SLICE_X37Y135        FDRE (Setup_fdre_C_CE)      -0.205     8.339    cpu/decode_instance/reg_file/mem_reg[8][1]
  -------------------------------------------------------------------
                         required time                          8.339    
                         arrival time                          -8.284    
  -------------------------------------------------------------------
                         slack                                  0.055    

Slack (MET) :             0.055ns  (required time - arrival time)
  Source:                 cpu/enable_reg[33][0]/C
                            (rising edge-triggered cell FDRE clocked by Clk  {rise@0.000ns fall@1.700ns period=3.400ns})
  Destination:            cpu/decode_instance/reg_file/mem_reg[8][25]/CE
                            (rising edge-triggered cell FDRE clocked by Clk  {rise@0.000ns fall@1.700ns period=3.400ns})
  Path Group:             Clk
  Path Type:              Setup (Max at Slow Process Corner)
  Requirement:            3.400ns  (Clk rise@3.400ns - Clk rise@0.000ns)
  Data Path Delay:        3.069ns  (logic 0.766ns (24.956%)  route 2.303ns (75.044%))
  Logic Levels:           2  (LUT5=1 LUT6=1)
  Clock Path Skew:        -0.035ns (DCD - SCD + CPR)
    Destination Clock Delay (DCD):    4.920ns = ( 8.320 - 3.400 ) 
    Source Clock Delay      (SCD):    5.214ns
    Clock Pessimism Removal (CPR):    0.259ns
  Clock Uncertainty:      0.035ns  ((TSJ^2 + TIJ^2)^1/2 + DJ) / 2 + PE
    Total System Jitter     (TSJ):    0.071ns
    Total Input Jitter      (TIJ):    0.000ns
    Discrete Jitter          (DJ):    0.000ns
    Phase Error              (PE):    0.000ns

    Location             Delay type                Incr(ns)  Path(ns)    Netlist Resource(s)
  -------------------------------------------------------------------    -------------------
                         (clock Clk rise edge)        0.000     0.000 r  
    E3                                                0.000     0.000 r  Clk (IN)
                         net (fo=0)                   0.000     0.000    Clk
    E3                   IBUF (Prop_ibuf_I_O)         1.482     1.482 r  Clk_IBUF_inst/O
                         net (fo=1, routed)           2.025     3.506    Clk_IBUF
    BUFGCTRL_X0Y16       BUFG (Prop_bufg_I_O)         0.096     3.602 r  Clk_IBUF_BUFG_inst/O
                         net (fo=3578, routed)        1.612     5.214    cpu/Clk_IBUF_BUFG
    SLICE_X42Y134        FDRE                                         r  cpu/enable_reg[33][0]/C
  -------------------------------------------------------------------    -------------------
    SLICE_X42Y134        FDRE (Prop_fdre_C_Q)         0.518     5.732 r  cpu/enable_reg[33][0]/Q
                         net (fo=3, routed)           0.827     6.559    cpu/writeback_instance/enable_reg[33]_37
    SLICE_X41Y134        LUT5 (Prop_lut5_I0_O)        0.124     6.683 r  cpu/writeback_instance/mem[2][31]_i_2/O
                         net (fo=28, routed)          0.788     7.471    cpu/writeback_instance/mem[2][31]_i_2_n_0
    SLICE_X42Y135        LUT6 (Prop_lut6_I4_O)        0.124     7.595 r  cpu/writeback_instance/mem[8][31]_i_1/O
                         net (fo=32, routed)          0.688     8.284    cpu/decode_instance/reg_file/mem_reg[8][0]_0[0]
    SLICE_X37Y135        FDRE                                         r  cpu/decode_instance/reg_file/mem_reg[8][25]/CE
  -------------------------------------------------------------------    -------------------

                         (clock Clk rise edge)        3.400     3.400 r  
    E3                                                0.000     3.400 r  Clk (IN)
                         net (fo=0)                   0.000     3.400    Clk
    E3                   IBUF (Prop_ibuf_I_O)         1.411     4.811 r  Clk_IBUF_inst/O
                         net (fo=1, routed)           1.920     6.731    Clk_IBUF
    BUFGCTRL_X0Y16       BUFG (Prop_bufg_I_O)         0.091     6.822 r  Clk_IBUF_BUFG_inst/O
                         net (fo=3578, routed)        1.498     8.320    cpu/decode_instance/reg_file/Clk_IBUF_BUFG
    SLICE_X37Y135        FDRE                                         r  cpu/decode_instance/reg_file/mem_reg[8][25]/C
                         clock pessimism              0.259     8.579    
                         clock uncertainty           -0.035     8.544    
    SLICE_X37Y135        FDRE (Setup_fdre_C_CE)      -0.205     8.339    cpu/decode_instance/reg_file/mem_reg[8][25]
  -------------------------------------------------------------------
                         required time                          8.339    
                         arrival time                          -8.284    
  -------------------------------------------------------------------
                         slack                                  0.055    

Slack (MET) :             0.055ns  (required time - arrival time)
  Source:                 cpu/enable_reg[33][0]/C
                            (rising edge-triggered cell FDRE clocked by Clk  {rise@0.000ns fall@1.700ns period=3.400ns})
  Destination:            cpu/decode_instance/reg_file/mem_reg[8][28]/CE
                            (rising edge-triggered cell FDRE clocked by Clk  {rise@0.000ns fall@1.700ns period=3.400ns})
  Path Group:             Clk
  Path Type:              Setup (Max at Slow Process Corner)
  Requirement:            3.400ns  (Clk rise@3.400ns - Clk rise@0.000ns)
  Data Path Delay:        3.069ns  (logic 0.766ns (24.956%)  route 2.303ns (75.044%))
  Logic Levels:           2  (LUT5=1 LUT6=1)
  Clock Path Skew:        -0.035ns (DCD - SCD + CPR)
    Destination Clock Delay (DCD):    4.920ns = ( 8.320 - 3.400 ) 
    Source Clock Delay      (SCD):    5.214ns
    Clock Pessimism Removal (CPR):    0.259ns
  Clock Uncertainty:      0.035ns  ((TSJ^2 + TIJ^2)^1/2 + DJ) / 2 + PE
    Total System Jitter     (TSJ):    0.071ns
    Total Input Jitter      (TIJ):    0.000ns
    Discrete Jitter          (DJ):    0.000ns
    Phase Error              (PE):    0.000ns

    Location             Delay type                Incr(ns)  Path(ns)    Netlist Resource(s)
  -------------------------------------------------------------------    -------------------
                         (clock Clk rise edge)        0.000     0.000 r  
    E3                                                0.000     0.000 r  Clk (IN)
                         net (fo=0)                   0.000     0.000    Clk
    E3                   IBUF (Prop_ibuf_I_O)         1.482     1.482 r  Clk_IBUF_inst/O
                         net (fo=1, routed)           2.025     3.506    Clk_IBUF
    BUFGCTRL_X0Y16       BUFG (Prop_bufg_I_O)         0.096     3.602 r  Clk_IBUF_BUFG_inst/O
                         net (fo=3578, routed)        1.612     5.214    cpu/Clk_IBUF_BUFG
    SLICE_X42Y134        FDRE                                         r  cpu/enable_reg[33][0]/C
  -------------------------------------------------------------------    -------------------
    SLICE_X42Y134        FDRE (Prop_fdre_C_Q)         0.518     5.732 r  cpu/enable_reg[33][0]/Q
                         net (fo=3, routed)           0.827     6.559    cpu/writeback_instance/enable_reg[33]_37
    SLICE_X41Y134        LUT5 (Prop_lut5_I0_O)        0.124     6.683 r  cpu/writeback_instance/mem[2][31]_i_2/O
                         net (fo=28, routed)          0.788     7.471    cpu/writeback_instance/mem[2][31]_i_2_n_0
    SLICE_X42Y135        LUT6 (Prop_lut6_I4_O)        0.124     7.595 r  cpu/writeback_instance/mem[8][31]_i_1/O
                         net (fo=32, routed)          0.688     8.284    cpu/decode_instance/reg_file/mem_reg[8][0]_0[0]
    SLICE_X37Y135        FDRE                                         r  cpu/decode_instance/reg_file/mem_reg[8][28]/CE
  -------------------------------------------------------------------    -------------------

                         (clock Clk rise edge)        3.400     3.400 r  
    E3                                                0.000     3.400 r  Clk (IN)
                         net (fo=0)                   0.000     3.400    Clk
    E3                   IBUF (Prop_ibuf_I_O)         1.411     4.811 r  Clk_IBUF_inst/O
                         net (fo=1, routed)           1.920     6.731    Clk_IBUF
    BUFGCTRL_X0Y16       BUFG (Prop_bufg_I_O)         0.091     6.822 r  Clk_IBUF_BUFG_inst/O
                         net (fo=3578, routed)        1.498     8.320    cpu/decode_instance/reg_file/Clk_IBUF_BUFG
    SLICE_X37Y135        FDRE                                         r  cpu/decode_instance/reg_file/mem_reg[8][28]/C
                         clock pessimism              0.259     8.579    
                         clock uncertainty           -0.035     8.544    
    SLICE_X37Y135        FDRE (Setup_fdre_C_CE)      -0.205     8.339    cpu/decode_instance/reg_file/mem_reg[8][28]
  -------------------------------------------------------------------
                         required time                          8.339    
                         arrival time                          -8.284    
  -------------------------------------------------------------------
                         slack                                  0.055    

Slack (MET) :             0.055ns  (required time - arrival time)
  Source:                 cpu/enable_reg[33][0]/C
                            (rising edge-triggered cell FDRE clocked by Clk  {rise@0.000ns fall@1.700ns period=3.400ns})
  Destination:            cpu/decode_instance/reg_file/mem_reg[8][9]/CE
                            (rising edge-triggered cell FDRE clocked by Clk  {rise@0.000ns fall@1.700ns period=3.400ns})
  Path Group:             Clk
  Path Type:              Setup (Max at Slow Process Corner)
  Requirement:            3.400ns  (Clk rise@3.400ns - Clk rise@0.000ns)
  Data Path Delay:        3.069ns  (logic 0.766ns (24.956%)  route 2.303ns (75.044%))
  Logic Levels:           2  (LUT5=1 LUT6=1)
  Clock Path Skew:        -0.035ns (DCD - SCD + CPR)
    Destination Clock Delay (DCD):    4.920ns = ( 8.320 - 3.400 ) 
    Source Clock Delay      (SCD):    5.214ns
    Clock Pessimism Removal (CPR):    0.259ns
  Clock Uncertainty:      0.035ns  ((TSJ^2 + TIJ^2)^1/2 + DJ) / 2 + PE
    Total System Jitter     (TSJ):    0.071ns
    Total Input Jitter      (TIJ):    0.000ns
    Discrete Jitter          (DJ):    0.000ns
    Phase Error              (PE):    0.000ns

    Location             Delay type                Incr(ns)  Path(ns)    Netlist Resource(s)
  -------------------------------------------------------------------    -------------------
                         (clock Clk rise edge)        0.000     0.000 r  
    E3                                                0.000     0.000 r  Clk (IN)
                         net (fo=0)                   0.000     0.000    Clk
    E3                   IBUF (Prop_ibuf_I_O)         1.482     1.482 r  Clk_IBUF_inst/O
                         net (fo=1, routed)           2.025     3.506    Clk_IBUF
    BUFGCTRL_X0Y16       BUFG (Prop_bufg_I_O)         0.096     3.602 r  Clk_IBUF_BUFG_inst/O
                         net (fo=3578, routed)        1.612     5.214    cpu/Clk_IBUF_BUFG
    SLICE_X42Y134        FDRE                                         r  cpu/enable_reg[33][0]/C
  -------------------------------------------------------------------    -------------------
    SLICE_X42Y134        FDRE (Prop_fdre_C_Q)         0.518     5.732 r  cpu/enable_reg[33][0]/Q
                         net (fo=3, routed)           0.827     6.559    cpu/writeback_instance/enable_reg[33]_37
    SLICE_X41Y134        LUT5 (Prop_lut5_I0_O)        0.124     6.683 r  cpu/writeback_instance/mem[2][31]_i_2/O
                         net (fo=28, routed)          0.788     7.471    cpu/writeback_instance/mem[2][31]_i_2_n_0
    SLICE_X42Y135        LUT6 (Prop_lut6_I4_O)        0.124     7.595 r  cpu/writeback_instance/mem[8][31]_i_1/O
                         net (fo=32, routed)          0.688     8.284    cpu/decode_instance/reg_file/mem_reg[8][0]_0[0]
    SLICE_X37Y135        FDRE                                         r  cpu/decode_instance/reg_file/mem_reg[8][9]/CE
  -------------------------------------------------------------------    -------------------

                         (clock Clk rise edge)        3.400     3.400 r  
    E3                                                0.000     3.400 r  Clk (IN)
                         net (fo=0)                   0.000     3.400    Clk
    E3                   IBUF (Prop_ibuf_I_O)         1.411     4.811 r  Clk_IBUF_inst/O
                         net (fo=1, routed)           1.920     6.731    Clk_IBUF
    BUFGCTRL_X0Y16       BUFG (Prop_bufg_I_O)         0.091     6.822 r  Clk_IBUF_BUFG_inst/O
                         net (fo=3578, routed)        1.498     8.320    cpu/decode_instance/reg_file/Clk_IBUF_BUFG
    SLICE_X37Y135        FDRE                                         r  cpu/decode_instance/reg_file/mem_reg[8][9]/C
                         clock pessimism              0.259     8.579    
                         clock uncertainty           -0.035     8.544    
    SLICE_X37Y135        FDRE (Setup_fdre_C_CE)      -0.205     8.339    cpu/decode_instance/reg_file/mem_reg[8][9]
  -------------------------------------------------------------------
                         required time                          8.339    
                         arrival time                          -8.284    
  -------------------------------------------------------------------
                         slack                                  0.055    





Min Delay Paths
--------------------------------------------------------------------------------------
Slack (MET) :             0.036ns  (arrival time - required time)
  Source:                 cpu/execute/ALU32BitFast/finalStage/resInt_reg[18]/C
                            (rising edge-triggered cell FDRE clocked by Clk  {rise@0.000ns fall@1.700ns period=3.400ns})
  Destination:            cpu/execute/ALU32BitFast/finalStage/res_reg[18]/D
                            (rising edge-triggered cell FDRE clocked by Clk  {rise@0.000ns fall@1.700ns period=3.400ns})
  Path Group:             Clk
  Path Type:              Hold (Min at Fast Process Corner)
  Requirement:            0.000ns  (Clk rise@0.000ns - Clk rise@0.000ns)
  Data Path Delay:        0.376ns  (logic 0.141ns (37.460%)  route 0.235ns (62.540%))
  Logic Levels:           0  
  Clock Path Skew:        0.266ns (DCD - SCD - CPR)
    Destination Clock Delay (DCD):    1.992ns
    Source Clock Delay      (SCD):    1.475ns
    Clock Pessimism Removal (CPR):    0.250ns

    Location             Delay type                Incr(ns)  Path(ns)    Netlist Resource(s)
  -------------------------------------------------------------------    -------------------
                         (clock Clk rise edge)        0.000     0.000 r  
    E3                                                0.000     0.000 r  Clk (IN)
                         net (fo=0)                   0.000     0.000    Clk
    E3                   IBUF (Prop_ibuf_I_O)         0.250     0.250 r  Clk_IBUF_inst/O
                         net (fo=1, routed)           0.644     0.894    Clk_IBUF
    BUFGCTRL_X0Y16       BUFG (Prop_bufg_I_O)         0.026     0.920 r  Clk_IBUF_BUFG_inst/O
                         net (fo=3578, routed)        0.556     1.475    cpu/execute/ALU32BitFast/finalStage/Clk_IBUF_BUFG
    SLICE_X53Y110        FDRE                                         r  cpu/execute/ALU32BitFast/finalStage/resInt_reg[18]/C
  -------------------------------------------------------------------    -------------------
    SLICE_X53Y110        FDRE (Prop_fdre_C_Q)         0.141     1.616 r  cpu/execute/ALU32BitFast/finalStage/resInt_reg[18]/Q
                         net (fo=1, routed)           0.235     1.852    cpu/execute/ALU32BitFast/finalStage/resInt_reg_n_0_[18]
    SLICE_X49Y112        FDRE                                         r  cpu/execute/ALU32BitFast/finalStage/res_reg[18]/D
  -------------------------------------------------------------------    -------------------

                         (clock Clk rise edge)        0.000     0.000 r  
    E3                                                0.000     0.000 r  Clk (IN)
                         net (fo=0)                   0.000     0.000    Clk
    E3                   IBUF (Prop_ibuf_I_O)         0.438     0.438 r  Clk_IBUF_inst/O
                         net (fo=1, routed)           0.699     1.136    Clk_IBUF
    BUFGCTRL_X0Y16       BUFG (Prop_bufg_I_O)         0.029     1.165 r  Clk_IBUF_BUFG_inst/O
                         net (fo=3578, routed)        0.827     1.992    cpu/execute/ALU32BitFast/finalStage/Clk_IBUF_BUFG
    SLICE_X49Y112        FDRE                                         r  cpu/execute/ALU32BitFast/finalStage/res_reg[18]/C
                         clock pessimism             -0.250     1.741    
    SLICE_X49Y112        FDRE (Hold_fdre_C_D)         0.075     1.816    cpu/execute/ALU32BitFast/finalStage/res_reg[18]
  -------------------------------------------------------------------
                         required time                         -1.816    
                         arrival time                           1.852    
  -------------------------------------------------------------------
                         slack                                  0.036    

Slack (MET) :             0.036ns  (arrival time - required time)
  Source:                 cpu/execute/ALU32BitFast/adder_stages[15].adderStage/SHLResOut_reg[20]/C
                            (rising edge-triggered cell FDRE clocked by Clk  {rise@0.000ns fall@1.700ns period=3.400ns})
  Destination:            cpu/execute/ALU32BitFast/finalStage/resInt_reg[20]/D
                            (rising edge-triggered cell FDRE clocked by Clk  {rise@0.000ns fall@1.700ns period=3.400ns})
  Path Group:             Clk
  Path Type:              Hold (Min at Fast Process Corner)
  Requirement:            0.000ns  (Clk rise@0.000ns - Clk rise@0.000ns)
  Data Path Delay:        0.404ns  (logic 0.248ns (61.395%)  route 0.156ns (38.605%))
  Logic Levels:           2  (LUT5=1 MUXF7=1)
  Clock Path Skew:        0.263ns (DCD - SCD - CPR)
    Destination Clock Delay (DCD):    1.988ns
    Source Clock Delay      (SCD):    1.474ns
    Clock Pessimism Removal (CPR):    0.250ns

    Location             Delay type                Incr(ns)  Path(ns)    Netlist Resource(s)
  -------------------------------------------------------------------    -------------------
                         (clock Clk rise edge)        0.000     0.000 r  
    E3                                                0.000     0.000 r  Clk (IN)
                         net (fo=0)                   0.000     0.000    Clk
    E3                   IBUF (Prop_ibuf_I_O)         0.250     0.250 r  Clk_IBUF_inst/O
                         net (fo=1, routed)           0.644     0.894    Clk_IBUF
    BUFGCTRL_X0Y16       BUFG (Prop_bufg_I_O)         0.026     0.920 r  Clk_IBUF_BUFG_inst/O
                         net (fo=3578, routed)        0.555     1.474    cpu/execute/ALU32BitFast/adder_stages[15].adderStage/Clk_IBUF_BUFG
    SLICE_X51Y113        FDRE                                         r  cpu/execute/ALU32BitFast/adder_stages[15].adderStage/SHLResOut_reg[20]/C
  -------------------------------------------------------------------    -------------------
    SLICE_X51Y113        FDRE (Prop_fdre_C_Q)         0.141     1.615 r  cpu/execute/ALU32BitFast/adder_stages[15].adderStage/SHLResOut_reg[20]/Q
                         net (fo=1, routed)           0.156     1.771    cpu/execute/ALU32BitFast/finalStage/shlRes[16]_27[20]
    SLICE_X52Y114        LUT5 (Prop_lut5_I2_O)        0.045     1.816 r  cpu/execute/ALU32BitFast/finalStage/resInt[20]_i_2/O
                         net (fo=1, routed)           0.000     1.816    cpu/execute/ALU32BitFast/finalStage/resInt[20]_i_2_n_0
    SLICE_X52Y114        MUXF7 (Prop_muxf7_I0_O)      0.062     1.878 r  cpu/execute/ALU32BitFast/finalStage/resInt_reg[20]_i_1/O
                         net (fo=1, routed)           0.000     1.878    cpu/execute/ALU32BitFast/finalStage/resInt[20]
    SLICE_X52Y114        FDRE                                         r  cpu/execute/ALU32BitFast/finalStage/resInt_reg[20]/D
  -------------------------------------------------------------------    -------------------

                         (clock Clk rise edge)        0.000     0.000 r  
    E3                                                0.000     0.000 r  Clk (IN)
                         net (fo=0)                   0.000     0.000    Clk
    E3                   IBUF (Prop_ibuf_I_O)         0.438     0.438 r  Clk_IBUF_inst/O
                         net (fo=1, routed)           0.699     1.136    Clk_IBUF
    BUFGCTRL_X0Y16       BUFG (Prop_bufg_I_O)         0.029     1.165 r  Clk_IBUF_BUFG_inst/O
                         net (fo=3578, routed)        0.822     1.988    cpu/execute/ALU32BitFast/finalStage/Clk_IBUF_BUFG
    SLICE_X52Y114        FDRE                                         r  cpu/execute/ALU32BitFast/finalStage/resInt_reg[20]/C
                         clock pessimism             -0.250     1.737    
    SLICE_X52Y114        FDRE (Hold_fdre_C_D)         0.105     1.842    cpu/execute/ALU32BitFast/finalStage/resInt_reg[20]
  -------------------------------------------------------------------
                         required time                         -1.842    
                         arrival time                           1.878    
  -------------------------------------------------------------------
                         slack                                  0.036    

Slack (MET) :             0.040ns  (arrival time - required time)
  Source:                 cpu/execute/ALU32BitFast/setup/inBDelayReg_reg[5][26]/C
                            (rising edge-triggered cell FDRE clocked by Clk  {rise@0.000ns fall@1.700ns period=3.400ns})
  Destination:            cpu/execute/ALU32BitFast/setup/inBReg_reg[5][26]/D
                            (rising edge-triggered cell FDRE clocked by Clk  {rise@0.000ns fall@1.700ns period=3.400ns})
  Path Group:             Clk
  Path Type:              Hold (Min at Fast Process Corner)
  Requirement:            0.000ns  (Clk rise@0.000ns - Clk rise@0.000ns)
  Data Path Delay:        0.379ns  (logic 0.141ns (37.179%)  route 0.238ns (62.821%))
  Logic Levels:           0  
  Clock Path Skew:        0.267ns (DCD - SCD - CPR)
    Destination Clock Delay (DCD):    1.987ns
    Source Clock Delay      (SCD):    1.469ns
    Clock Pessimism Removal (CPR):    0.250ns

    Location             Delay type                Incr(ns)  Path(ns)    Netlist Resource(s)
  -------------------------------------------------------------------    -------------------
                         (clock Clk rise edge)        0.000     0.000 r  
    E3                                                0.000     0.000 r  Clk (IN)
                         net (fo=0)                   0.000     0.000    Clk
    E3                   IBUF (Prop_ibuf_I_O)         0.250     0.250 r  Clk_IBUF_inst/O
                         net (fo=1, routed)           0.644     0.894    Clk_IBUF
    BUFGCTRL_X0Y16       BUFG (Prop_bufg_I_O)         0.026     0.920 r  Clk_IBUF_BUFG_inst/O
                         net (fo=3578, routed)        0.550     1.469    cpu/execute/ALU32BitFast/setup/Clk_IBUF_BUFG
    SLICE_X51Y120        FDRE                                         r  cpu/execute/ALU32BitFast/setup/inBDelayReg_reg[5][26]/C
  -------------------------------------------------------------------    -------------------
    SLICE_X51Y120        FDRE (Prop_fdre_C_Q)         0.141     1.610 r  cpu/execute/ALU32BitFast/setup/inBDelayReg_reg[5][26]/Q
                         net (fo=1, routed)           0.238     1.849    cpu/execute/ALU32BitFast/setup/inBDelayReg_reg_n_0_[5][26]
    SLICE_X55Y115        FDRE                                         r  cpu/execute/ALU32BitFast/setup/inBReg_reg[5][26]/D
  -------------------------------------------------------------------    -------------------

                         (clock Clk rise edge)        0.000     0.000 r  
    E3                                                0.000     0.000 r  Clk (IN)
                         net (fo=0)                   0.000     0.000    Clk
    E3                   IBUF (Prop_ibuf_I_O)         0.438     0.438 r  Clk_IBUF_inst/O
                         net (fo=1, routed)           0.699     1.136    Clk_IBUF
    BUFGCTRL_X0Y16       BUFG (Prop_bufg_I_O)         0.029     1.165 r  Clk_IBUF_BUFG_inst/O
                         net (fo=3578, routed)        0.822     1.987    cpu/execute/ALU32BitFast/setup/Clk_IBUF_BUFG
    SLICE_X55Y115        FDRE                                         r  cpu/execute/ALU32BitFast/setup/inBReg_reg[5][26]/C
                         clock pessimism             -0.250     1.736    
    SLICE_X55Y115        FDRE (Hold_fdre_C_D)         0.072     1.808    cpu/execute/ALU32BitFast/setup/inBReg_reg[5][26]
  -------------------------------------------------------------------
                         required time                         -1.808    
                         arrival time                           1.849    
  -------------------------------------------------------------------
                         slack                                  0.040    

Slack (MET) :             0.046ns  (arrival time - required time)
  Source:                 cpu/execute/ALU32BitFast/setup/inBDelayReg_reg[5][31]/C
                            (rising edge-triggered cell FDRE clocked by Clk  {rise@0.000ns fall@1.700ns period=3.400ns})
  Destination:            cpu/execute/ALU32BitFast/setup/inBReg_reg[5][31]/D
                            (rising edge-triggered cell FDRE clocked by Clk  {rise@0.000ns fall@1.700ns period=3.400ns})
  Path Group:             Clk
  Path Type:              Hold (Min at Fast Process Corner)
  Requirement:            0.000ns  (Clk rise@0.000ns - Clk rise@0.000ns)
  Data Path Delay:        0.384ns  (logic 0.141ns (36.753%)  route 0.243ns (63.247%))
  Logic Levels:           0  
  Clock Path Skew:        0.266ns (DCD - SCD - CPR)
    Destination Clock Delay (DCD):    1.985ns
    Source Clock Delay      (SCD):    1.468ns
    Clock Pessimism Removal (CPR):    0.250ns

    Location             Delay type                Incr(ns)  Path(ns)    Netlist Resource(s)
  -------------------------------------------------------------------    -------------------
                         (clock Clk rise edge)        0.000     0.000 r  
    E3                                                0.000     0.000 r  Clk (IN)
                         net (fo=0)                   0.000     0.000    Clk
    E3                   IBUF (Prop_ibuf_I_O)         0.250     0.250 r  Clk_IBUF_inst/O
                         net (fo=1, routed)           0.644     0.894    Clk_IBUF
    BUFGCTRL_X0Y16       BUFG (Prop_bufg_I_O)         0.026     0.920 r  Clk_IBUF_BUFG_inst/O
                         net (fo=3578, routed)        0.549     1.468    cpu/execute/ALU32BitFast/setup/Clk_IBUF_BUFG
    SLICE_X51Y122        FDRE                                         r  cpu/execute/ALU32BitFast/setup/inBDelayReg_reg[5][31]/C
  -------------------------------------------------------------------    -------------------
    SLICE_X51Y122        FDRE (Prop_fdre_C_Q)         0.141     1.609 r  cpu/execute/ALU32BitFast/setup/inBDelayReg_reg[5][31]/Q
                         net (fo=1, routed)           0.243     1.852    cpu/execute/ALU32BitFast/setup/inBDelayReg_reg_n_0_[5][31]
    SLICE_X55Y117        FDRE                                         r  cpu/execute/ALU32BitFast/setup/inBReg_reg[5][31]/D
  -------------------------------------------------------------------    -------------------

                         (clock Clk rise edge)        0.000     0.000 r  
    E3                                                0.000     0.000 r  Clk (IN)
                         net (fo=0)                   0.000     0.000    Clk
    E3                   IBUF (Prop_ibuf_I_O)         0.438     0.438 r  Clk_IBUF_inst/O
                         net (fo=1, routed)           0.699     1.136    Clk_IBUF
    BUFGCTRL_X0Y16       BUFG (Prop_bufg_I_O)         0.029     1.165 r  Clk_IBUF_BUFG_inst/O
                         net (fo=3578, routed)        0.819     1.985    cpu/execute/ALU32BitFast/setup/Clk_IBUF_BUFG
    SLICE_X55Y117        FDRE                                         r  cpu/execute/ALU32BitFast/setup/inBReg_reg[5][31]/C
                         clock pessimism             -0.250     1.734    
    SLICE_X55Y117        FDRE (Hold_fdre_C_D)         0.072     1.806    cpu/execute/ALU32BitFast/setup/inBReg_reg[5][31]
  -------------------------------------------------------------------
                         required time                         -1.806    
                         arrival time                           1.852    
  -------------------------------------------------------------------
                         slack                                  0.046    

Slack (MET) :             0.046ns  (arrival time - required time)
  Source:                 cpu/execute/ALU32BitFast/finalStage/resInt_reg[19]/C
                            (rising edge-triggered cell FDRE clocked by Clk  {rise@0.000ns fall@1.700ns period=3.400ns})
  Destination:            cpu/execute/ALU32BitFast/finalStage/res_reg[19]/D
                            (rising edge-triggered cell FDRE clocked by Clk  {rise@0.000ns fall@1.700ns period=3.400ns})
  Path Group:             Clk
  Path Type:              Hold (Min at Fast Process Corner)
  Requirement:            0.000ns  (Clk rise@0.000ns - Clk rise@0.000ns)
  Data Path Delay:        0.383ns  (logic 0.141ns (36.824%)  route 0.242ns (63.176%))
  Logic Levels:           0  
  Clock Path Skew:        0.266ns (DCD - SCD - CPR)
    Destination Clock Delay (DCD):    1.992ns
    Source Clock Delay      (SCD):    1.475ns
    Clock Pessimism Removal (CPR):    0.250ns

    Location             Delay type                Incr(ns)  Path(ns)    Netlist Resource(s)
  -------------------------------------------------------------------    -------------------
                         (clock Clk rise edge)        0.000     0.000 r  
    E3                                                0.000     0.000 r  Clk (IN)
                         net (fo=0)                   0.000     0.000    Clk
    E3                   IBUF (Prop_ibuf_I_O)         0.250     0.250 r  Clk_IBUF_inst/O
                         net (fo=1, routed)           0.644     0.894    Clk_IBUF
    BUFGCTRL_X0Y16       BUFG (Prop_bufg_I_O)         0.026     0.920 r  Clk_IBUF_BUFG_inst/O
                         net (fo=3578, routed)        0.556     1.475    cpu/execute/ALU32BitFast/finalStage/Clk_IBUF_BUFG
    SLICE_X53Y110        FDRE                                         r  cpu/execute/ALU32BitFast/finalStage/resInt_reg[19]/C
  -------------------------------------------------------------------    -------------------
    SLICE_X53Y110        FDRE (Prop_fdre_C_Q)         0.141     1.616 r  cpu/execute/ALU32BitFast/finalStage/resInt_reg[19]/Q
                         net (fo=1, routed)           0.242     1.858    cpu/execute/ALU32BitFast/finalStage/resInt_reg_n_0_[19]
    SLICE_X49Y112        FDRE                                         r  cpu/execute/ALU32BitFast/finalStage/res_reg[19]/D
  -------------------------------------------------------------------    -------------------

                         (clock Clk rise edge)        0.000     0.000 r  
    E3                                                0.000     0.000 r  Clk (IN)
                         net (fo=0)                   0.000     0.000    Clk
    E3                   IBUF (Prop_ibuf_I_O)         0.438     0.438 r  Clk_IBUF_inst/O
                         net (fo=1, routed)           0.699     1.136    Clk_IBUF
    BUFGCTRL_X0Y16       BUFG (Prop_bufg_I_O)         0.029     1.165 r  Clk_IBUF_BUFG_inst/O
                         net (fo=3578, routed)        0.827     1.992    cpu/execute/ALU32BitFast/finalStage/Clk_IBUF_BUFG
    SLICE_X49Y112        FDRE                                         r  cpu/execute/ALU32BitFast/finalStage/res_reg[19]/C
                         clock pessimism             -0.250     1.741    
    SLICE_X49Y112        FDRE (Hold_fdre_C_D)         0.071     1.812    cpu/execute/ALU32BitFast/finalStage/res_reg[19]
  -------------------------------------------------------------------
                         required time                         -1.812    
                         arrival time                           1.858    
  -------------------------------------------------------------------
                         slack                                  0.046    

Slack (MET) :             0.056ns  (arrival time - required time)
  Source:                 cpu/execute/ALU32BitFast/setup/inBDelayReg_reg[5][28]/C
                            (rising edge-triggered cell FDRE clocked by Clk  {rise@0.000ns fall@1.700ns period=3.400ns})
  Destination:            cpu/execute/ALU32BitFast/setup/inBReg_reg[5][28]/D
                            (rising edge-triggered cell FDRE clocked by Clk  {rise@0.000ns fall@1.700ns period=3.400ns})
  Path Group:             Clk
  Path Type:              Hold (Min at Fast Process Corner)
  Requirement:            0.000ns  (Clk rise@0.000ns - Clk rise@0.000ns)
  Data Path Delay:        0.392ns  (logic 0.141ns (35.924%)  route 0.251ns (64.076%))
  Logic Levels:           0  
  Clock Path Skew:        0.267ns (DCD - SCD - CPR)
    Destination Clock Delay (DCD):    1.987ns
    Source Clock Delay      (SCD):    1.469ns
    Clock Pessimism Removal (CPR):    0.250ns

    Location             Delay type                Incr(ns)  Path(ns)    Netlist Resource(s)
  -------------------------------------------------------------------    -------------------
                         (clock Clk rise edge)        0.000     0.000 r  
    E3                                                0.000     0.000 r  Clk (IN)
                         net (fo=0)                   0.000     0.000    Clk
    E3                   IBUF (Prop_ibuf_I_O)         0.250     0.250 r  Clk_IBUF_inst/O
                         net (fo=1, routed)           0.644     0.894    Clk_IBUF
    BUFGCTRL_X0Y16       BUFG (Prop_bufg_I_O)         0.026     0.920 r  Clk_IBUF_BUFG_inst/O
                         net (fo=3578, routed)        0.550     1.469    cpu/execute/ALU32BitFast/setup/Clk_IBUF_BUFG
    SLICE_X49Y121        FDRE                                         r  cpu/execute/ALU32BitFast/setup/inBDelayReg_reg[5][28]/C
  -------------------------------------------------------------------    -------------------
    SLICE_X49Y121        FDRE (Prop_fdre_C_Q)         0.141     1.610 r  cpu/execute/ALU32BitFast/setup/inBDelayReg_reg[5][28]/Q
                         net (fo=1, routed)           0.251     1.862    cpu/execute/ALU32BitFast/setup/inBDelayReg_reg_n_0_[5][28]
    SLICE_X57Y116        FDRE                                         r  cpu/execute/ALU32BitFast/setup/inBReg_reg[5][28]/D
  -------------------------------------------------------------------    -------------------

                         (clock Clk rise edge)        0.000     0.000 r  
    E3                                                0.000     0.000 r  Clk (IN)
                         net (fo=0)                   0.000     0.000    Clk
    E3                   IBUF (Prop_ibuf_I_O)         0.438     0.438 r  Clk_IBUF_inst/O
                         net (fo=1, routed)           0.699     1.136    Clk_IBUF
    BUFGCTRL_X0Y16       BUFG (Prop_bufg_I_O)         0.029     1.165 r  Clk_IBUF_BUFG_inst/O
                         net (fo=3578, routed)        0.822     1.987    cpu/execute/ALU32BitFast/setup/Clk_IBUF_BUFG
    SLICE_X57Y116        FDRE                                         r  cpu/execute/ALU32BitFast/setup/inBReg_reg[5][28]/C
                         clock pessimism             -0.250     1.736    
    SLICE_X57Y116        FDRE (Hold_fdre_C_D)         0.070     1.806    cpu/execute/ALU32BitFast/setup/inBReg_reg[5][28]
  -------------------------------------------------------------------
                         required time                         -1.806    
                         arrival time                           1.862    
  -------------------------------------------------------------------
                         slack                                  0.056    

Slack (MET) :             0.061ns  (arrival time - required time)
  Source:                 cpu/execute/ForceInstrReg_reg[21][0]_srl23___cpu_enable_reg_r_21_srlopt/C
                            (rising edge-triggered cell FDRE clocked by Clk  {rise@0.000ns fall@1.700ns period=3.400ns})
  Destination:            cpu/execute/ForceInstrReg_reg[21][0]_srl23___cpu_enable_reg_r_21/D
                            (rising edge-triggered cell SRLC32E clocked by Clk  {rise@0.000ns fall@1.700ns period=3.400ns})
  Path Group:             Clk
  Path Type:              Hold (Min at Fast Process Corner)
  Requirement:            0.000ns  (Clk rise@0.000ns - Clk rise@0.000ns)
  Data Path Delay:        0.390ns  (logic 0.128ns (32.829%)  route 0.262ns (67.171%))
  Logic Levels:           0  
  Clock Path Skew:        0.267ns (DCD - SCD - CPR)
    Destination Clock Delay (DCD):    1.983ns
    Source Clock Delay      (SCD):    1.465ns
    Clock Pessimism Removal (CPR):    0.250ns

    Location             Delay type                Incr(ns)  Path(ns)    Netlist Resource(s)
  -------------------------------------------------------------------    -------------------
                         (clock Clk rise edge)        0.000     0.000 r  
    E3                                                0.000     0.000 r  Clk (IN)
                         net (fo=0)                   0.000     0.000    Clk
    E3                   IBUF (Prop_ibuf_I_O)         0.250     0.250 r  Clk_IBUF_inst/O
                         net (fo=1, routed)           0.644     0.894    Clk_IBUF
    BUFGCTRL_X0Y16       BUFG (Prop_bufg_I_O)         0.026     0.920 r  Clk_IBUF_BUFG_inst/O
                         net (fo=3578, routed)        0.546     1.465    cpu/execute/Clk_IBUF_BUFG
    SLICE_X51Y124        FDRE                                         r  cpu/execute/ForceInstrReg_reg[21][0]_srl23___cpu_enable_reg_r_21_srlopt/C
  -------------------------------------------------------------------    -------------------
    SLICE_X51Y124        FDRE (Prop_fdre_C_Q)         0.128     1.593 r  cpu/execute/ForceInstrReg_reg[21][0]_srl23___cpu_enable_reg_r_21_srlopt/Q
                         net (fo=1, routed)           0.262     1.855    cpu/execute/srlopt_n
    SLICE_X56Y120        SRLC32E                                      r  cpu/execute/ForceInstrReg_reg[21][0]_srl23___cpu_enable_reg_r_21/D
  -------------------------------------------------------------------    -------------------

                         (clock Clk rise edge)        0.000     0.000 r  
    E3                                                0.000     0.000 r  Clk (IN)
                         net (fo=0)                   0.000     0.000    Clk
    E3                   IBUF (Prop_ibuf_I_O)         0.438     0.438 r  Clk_IBUF_inst/O
                         net (fo=1, routed)           0.699     1.136    Clk_IBUF
    BUFGCTRL_X0Y16       BUFG (Prop_bufg_I_O)         0.029     1.165 r  Clk_IBUF_BUFG_inst/O
                         net (fo=3578, routed)        0.818     1.983    cpu/execute/Clk_IBUF_BUFG
    SLICE_X56Y120        SRLC32E                                      r  cpu/execute/ForceInstrReg_reg[21][0]_srl23___cpu_enable_reg_r_21/CLK
                         clock pessimism             -0.250     1.732    
    SLICE_X56Y120        SRLC32E (Hold_srlc32e_CLK_D)
                                                      0.062     1.794    cpu/execute/ForceInstrReg_reg[21][0]_srl23___cpu_enable_reg_r_21
  -------------------------------------------------------------------
                         required time                         -1.794    
                         arrival time                           1.855    
  -------------------------------------------------------------------
                         slack                                  0.061    

Slack (MET) :             0.064ns  (arrival time - required time)
  Source:                 cpu/execute/ALU32BitFast/setup/inAReg_reg[3][6]/C
                            (rising edge-triggered cell FDRE clocked by Clk  {rise@0.000ns fall@1.700ns period=3.400ns})
  Destination:            cpu/execute/ALU32BitFast/adder_stages[0].adderStage/inAOut_reg[6]_srl2___cpu_enable_reg_r_0/D
                            (rising edge-triggered cell SRL16E clocked by Clk  {rise@0.000ns fall@1.700ns period=3.400ns})
  Path Group:             Clk
  Path Type:              Hold (Min at Fast Process Corner)
  Requirement:            0.000ns  (Clk rise@0.000ns - Clk rise@0.000ns)
  Data Path Delay:        0.262ns  (logic 0.141ns (53.779%)  route 0.121ns (46.221%))
  Logic Levels:           0  
  Clock Path Skew:        0.015ns (DCD - SCD - CPR)
    Destination Clock Delay (DCD):    1.993ns
    Source Clock Delay      (SCD):    1.477ns
    Clock Pessimism Removal (CPR):    0.500ns

    Location             Delay type                Incr(ns)  Path(ns)    Netlist Resource(s)
  -------------------------------------------------------------------    -------------------
                         (clock Clk rise edge)        0.000     0.000 r  
    E3                                                0.000     0.000 r  Clk (IN)
                         net (fo=0)                   0.000     0.000    Clk
    E3                   IBUF (Prop_ibuf_I_O)         0.250     0.250 r  Clk_IBUF_inst/O
                         net (fo=1, routed)           0.644     0.894    Clk_IBUF
    BUFGCTRL_X0Y16       BUFG (Prop_bufg_I_O)         0.026     0.920 r  Clk_IBUF_BUFG_inst/O
                         net (fo=3578, routed)        0.558     1.477    cpu/execute/ALU32BitFast/setup/Clk_IBUF_BUFG
    SLICE_X36Y117        FDRE                                         r  cpu/execute/ALU32BitFast/setup/inAReg_reg[3][6]/C
  -------------------------------------------------------------------    -------------------
    SLICE_X36Y117        FDRE (Prop_fdre_C_Q)         0.141     1.618 r  cpu/execute/ALU32BitFast/setup/inAReg_reg[3][6]/Q
                         net (fo=4, routed)           0.121     1.740    cpu/execute/ALU32BitFast/adder_stages[0].adderStage/Q[0]
    SLICE_X34Y116        SRL16E                                       r  cpu/execute/ALU32BitFast/adder_stages[0].adderStage/inAOut_reg[6]_srl2___cpu_enable_reg_r_0/D
  -------------------------------------------------------------------    -------------------

                         (clock Clk rise edge)        0.000     0.000 r  
    E3                                                0.000     0.000 r  Clk (IN)
                         net (fo=0)                   0.000     0.000    Clk
    E3                   IBUF (Prop_ibuf_I_O)         0.438     0.438 r  Clk_IBUF_inst/O
                         net (fo=1, routed)           0.699     1.136    Clk_IBUF
    BUFGCTRL_X0Y16       BUFG (Prop_bufg_I_O)         0.029     1.165 r  Clk_IBUF_BUFG_inst/O
                         net (fo=3578, routed)        0.828     1.993    cpu/execute/ALU32BitFast/adder_stages[0].adderStage/Clk_IBUF_BUFG
    SLICE_X34Y116        SRL16E                                       r  cpu/execute/ALU32BitFast/adder_stages[0].adderStage/inAOut_reg[6]_srl2___cpu_enable_reg_r_0/CLK
                         clock pessimism             -0.500     1.492    
    SLICE_X34Y116        SRL16E (Hold_srl16e_CLK_D)
                                                      0.183     1.675    cpu/execute/ALU32BitFast/adder_stages[0].adderStage/inAOut_reg[6]_srl2___cpu_enable_reg_r_0
  -------------------------------------------------------------------
                         required time                         -1.675    
                         arrival time                           1.740    
  -------------------------------------------------------------------
                         slack                                  0.064    

Slack (MET) :             0.066ns  (arrival time - required time)
  Source:                 cpu/execute/ALU32BitFast/finalStage/resInt_reg[15]/C
                            (rising edge-triggered cell FDRE clocked by Clk  {rise@0.000ns fall@1.700ns period=3.400ns})
  Destination:            cpu/execute/ALU32BitFast/finalStage/res_reg[15]/D
                            (rising edge-triggered cell FDRE clocked by Clk  {rise@0.000ns fall@1.700ns period=3.400ns})
  Path Group:             Clk
  Path Type:              Hold (Min at Fast Process Corner)
  Requirement:            0.000ns  (Clk rise@0.000ns - Clk rise@0.000ns)
  Data Path Delay:        0.378ns  (logic 0.141ns (37.282%)  route 0.237ns (62.718%))
  Logic Levels:           0  
  Clock Path Skew:        0.265ns (DCD - SCD - CPR)
    Destination Clock Delay (DCD):    1.992ns
    Source Clock Delay      (SCD):    1.476ns
    Clock Pessimism Removal (CPR):    0.250ns

    Location             Delay type                Incr(ns)  Path(ns)    Netlist Resource(s)
  -------------------------------------------------------------------    -------------------
                         (clock Clk rise edge)        0.000     0.000 r  
    E3                                                0.000     0.000 r  Clk (IN)
                         net (fo=0)                   0.000     0.000    Clk
    E3                   IBUF (Prop_ibuf_I_O)         0.250     0.250 r  Clk_IBUF_inst/O
                         net (fo=1, routed)           0.644     0.894    Clk_IBUF
    BUFGCTRL_X0Y16       BUFG (Prop_bufg_I_O)         0.026     0.920 r  Clk_IBUF_BUFG_inst/O
                         net (fo=3578, routed)        0.557     1.476    cpu/execute/ALU32BitFast/finalStage/Clk_IBUF_BUFG
    SLICE_X53Y107        FDRE                                         r  cpu/execute/ALU32BitFast/finalStage/resInt_reg[15]/C
  -------------------------------------------------------------------    -------------------
    SLICE_X53Y107        FDRE (Prop_fdre_C_Q)         0.141     1.617 r  cpu/execute/ALU32BitFast/finalStage/resInt_reg[15]/Q
                         net (fo=1, routed)           0.237     1.855    cpu/execute/ALU32BitFast/finalStage/resInt_reg_n_0_[15]
    SLICE_X49Y112        FDRE                                         r  cpu/execute/ALU32BitFast/finalStage/res_reg[15]/D
  -------------------------------------------------------------------    -------------------

                         (clock Clk rise edge)        0.000     0.000 r  
    E3                                                0.000     0.000 r  Clk (IN)
                         net (fo=0)                   0.000     0.000    Clk
    E3                   IBUF (Prop_ibuf_I_O)         0.438     0.438 r  Clk_IBUF_inst/O
                         net (fo=1, routed)           0.699     1.136    Clk_IBUF
    BUFGCTRL_X0Y16       BUFG (Prop_bufg_I_O)         0.029     1.165 r  Clk_IBUF_BUFG_inst/O
                         net (fo=3578, routed)        0.827     1.992    cpu/execute/ALU32BitFast/finalStage/Clk_IBUF_BUFG
    SLICE_X49Y112        FDRE                                         r  cpu/execute/ALU32BitFast/finalStage/res_reg[15]/C
                         clock pessimism             -0.250     1.741    
    SLICE_X49Y112        FDRE (Hold_fdre_C_D)         0.047     1.788    cpu/execute/ALU32BitFast/finalStage/res_reg[15]
  -------------------------------------------------------------------
                         required time                         -1.788    
                         arrival time                           1.855    
  -------------------------------------------------------------------
                         slack                                  0.066    

Slack (MET) :             0.071ns  (arrival time - required time)
  Source:                 cpu/execute/ALU32BitFast/opCodeFinal_reg[2]/C
                            (rising edge-triggered cell FDRE clocked by Clk  {rise@0.000ns fall@1.700ns period=3.400ns})
  Destination:            cpu/execute/ALU32BitFast/finalStage/resInt_reg[15]/D
                            (rising edge-triggered cell FDRE clocked by Clk  {rise@0.000ns fall@1.700ns period=3.400ns})
  Path Group:             Clk
  Path Type:              Hold (Min at Fast Process Corner)
  Requirement:            0.000ns  (Clk rise@0.000ns - Clk rise@0.000ns)
  Data Path Delay:        0.440ns  (logic 0.267ns (60.670%)  route 0.173ns (39.330%))
  Logic Levels:           1  (MUXF7=1)
  Clock Path Skew:        0.264ns (DCD - SCD - CPR)
    Destination Clock Delay (DCD):    1.992ns
    Source Clock Delay      (SCD):    1.477ns
    Clock Pessimism Removal (CPR):    0.250ns

    Location             Delay type                Incr(ns)  Path(ns)    Netlist Resource(s)
  -------------------------------------------------------------------    -------------------
                         (clock Clk rise edge)        0.000     0.000 r  
    E3                                                0.000     0.000 r  Clk (IN)
                         net (fo=0)                   0.000     0.000    Clk
    E3                   IBUF (Prop_ibuf_I_O)         0.250     0.250 r  Clk_IBUF_inst/O
                         net (fo=1, routed)           0.644     0.894    Clk_IBUF
    BUFGCTRL_X0Y16       BUFG (Prop_bufg_I_O)         0.026     0.920 r  Clk_IBUF_BUFG_inst/O
                         net (fo=3578, routed)        0.558     1.477    cpu/execute/ALU32BitFast/Clk_IBUF_BUFG
    SLICE_X51Y107        FDRE                                         r  cpu/execute/ALU32BitFast/opCodeFinal_reg[2]/C
  -------------------------------------------------------------------    -------------------
    SLICE_X51Y107        FDRE (Prop_fdre_C_Q)         0.128     1.605 r  cpu/execute/ALU32BitFast/opCodeFinal_reg[2]/Q
                         net (fo=32, routed)          0.173     1.779    cpu/execute/ALU32BitFast/finalStage/Q[2]
    SLICE_X53Y107        MUXF7 (Prop_muxf7_S_O)       0.139     1.918 r  cpu/execute/ALU32BitFast/finalStage/resInt_reg[15]_i_1/O
                         net (fo=1, routed)           0.000     1.918    cpu/execute/ALU32BitFast/finalStage/resInt[15]
    SLICE_X53Y107        FDRE                                         r  cpu/execute/ALU32BitFast/finalStage/resInt_reg[15]/D
  -------------------------------------------------------------------    -------------------

                         (clock Clk rise edge)        0.000     0.000 r  
    E3                                                0.000     0.000 r  Clk (IN)
                         net (fo=0)                   0.000     0.000    Clk
    E3                   IBUF (Prop_ibuf_I_O)         0.438     0.438 r  Clk_IBUF_inst/O
                         net (fo=1, routed)           0.699     1.136    Clk_IBUF
    BUFGCTRL_X0Y16       BUFG (Prop_bufg_I_O)         0.029     1.165 r  Clk_IBUF_BUFG_inst/O
                         net (fo=3578, routed)        0.826     1.992    cpu/execute/ALU32BitFast/finalStage/Clk_IBUF_BUFG
    SLICE_X53Y107        FDRE                                         r  cpu/execute/ALU32BitFast/finalStage/resInt_reg[15]/C
                         clock pessimism             -0.250     1.741    
    SLICE_X53Y107        FDRE (Hold_fdre_C_D)         0.105     1.846    cpu/execute/ALU32BitFast/finalStage/resInt_reg[15]
  -------------------------------------------------------------------
                         required time                         -1.846    
                         arrival time                           1.918    
  -------------------------------------------------------------------
                         slack                                  0.071    





Pulse Width Checks
--------------------------------------------------------------------------------------
Clock Name:         Clk
Waveform(ns):       { 0.000 1.700 }
Period(ns):         3.400
Sources:            { Clk }

Check Type        Corner  Lib Pin             Reference Pin  Required(ns)  Actual(ns)  Slack(ns)  Location        Pin
Min Period        n/a     RAMB18E1/CLKARDCLK  n/a            2.944         3.400       0.456      RAMB18_X0Y44    cpu/memory/datamemory/AccessUnit/Stack_reg/CLKARDCLK
Min Period        n/a     RAMB18E1/CLKBWRCLK  n/a            2.944         3.400       0.456      RAMB18_X0Y44    cpu/memory/datamemory/AccessUnit/Stack_reg/CLKBWRCLK
Min Period        n/a     RAMB18E1/CLKARDCLK  n/a            2.576         3.400       0.824      RAMB18_X0Y51    instrOut_reg[31]_i_2/CLKARDCLK
Min Period        n/a     RAMB18E1/CLKBWRCLK  n/a            2.576         3.400       0.824      RAMB18_X0Y51    instrOut_reg[31]_i_2/CLKBWRCLK
Min Period        n/a     RAMB18E1/CLKARDCLK  n/a            2.576         3.400       0.824      RAMB18_X0Y50    instrOut_reg[31]_i_3/CLKARDCLK
Min Period        n/a     RAMB18E1/CLKBWRCLK  n/a            2.576         3.400       0.824      RAMB18_X0Y50    instrOut_reg[31]_i_3/CLKBWRCLK
Min Period        n/a     BUFG/I              n/a            2.155         3.400       1.245      BUFGCTRL_X0Y16  Clk_IBUF_BUFG_inst/I
Min Period        n/a     FDRE/C              n/a            1.000         3.400       2.400      SLICE_X41Y123   clockReg_reg[0]/C
Min Period        n/a     FDRE/C              n/a            1.000         3.400       2.400      SLICE_X41Y123   resetShiftReg_reg[0]/C
Min Period        n/a     FDRE/C              n/a            1.000         3.400       2.400      SLICE_X40Y122   resetShiftReg_reg[1]/C
Low Pulse Width   Slow    SRLC32E/CLK         n/a            0.980         1.700       0.720      SLICE_X42Y125   cpu/enable_reg[31][0]_srl32___cpu_enable_reg_r_30/CLK
Low Pulse Width   Fast    SRLC32E/CLK         n/a            0.980         1.700       0.720      SLICE_X42Y125   cpu/enable_reg[31][0]_srl32___cpu_enable_reg_r_30/CLK
Low Pulse Width   Slow    SRLC32E/CLK         n/a            0.980         1.700       0.720      SLICE_X38Y122   cpu/execute/DataAtInstr20_16InReg_reg[21][0]_srl22___cpu_enable_reg_r_20/CLK
Low Pulse Width   Fast    SRLC32E/CLK         n/a            0.980         1.700       0.720      SLICE_X38Y122   cpu/execute/DataAtInstr20_16InReg_reg[21][0]_srl22___cpu_enable_reg_r_20/CLK
Low Pulse Width   Slow    SRLC32E/CLK         n/a            0.980         1.700       0.720      SLICE_X30Y121   cpu/execute/DataAtInstr20_16InReg_reg[21][10]_srl22___cpu_enable_reg_r_20/CLK
Low Pulse Width   Fast    SRLC32E/CLK         n/a            0.980         1.700       0.720      SLICE_X30Y121   cpu/execute/DataAtInstr20_16InReg_reg[21][10]_srl22___cpu_enable_reg_r_20/CLK
Low Pulse Width   Slow    SRLC32E/CLK         n/a            0.980         1.700       0.720      SLICE_X30Y121   cpu/execute/DataAtInstr20_16InReg_reg[21][11]_srl22___cpu_enable_reg_r_20/CLK
Low Pulse Width   Fast    SRLC32E/CLK         n/a            0.980         1.700       0.720      SLICE_X30Y121   cpu/execute/DataAtInstr20_16InReg_reg[21][11]_srl22___cpu_enable_reg_r_20/CLK
Low Pulse Width   Slow    SRLC32E/CLK         n/a            0.980         1.700       0.720      SLICE_X38Y121   cpu/execute/DataAtInstr20_16InReg_reg[21][12]_srl22___cpu_enable_reg_r_20/CLK
Low Pulse Width   Fast    SRLC32E/CLK         n/a            0.980         1.700       0.720      SLICE_X38Y121   cpu/execute/DataAtInstr20_16InReg_reg[21][12]_srl22___cpu_enable_reg_r_20/CLK
High Pulse Width  Slow    SRLC32E/CLK         n/a            0.980         1.700       0.720      SLICE_X42Y125   cpu/enable_reg[31][0]_srl32___cpu_enable_reg_r_30/CLK
High Pulse Width  Fast    SRLC32E/CLK         n/a            0.980         1.700       0.720      SLICE_X42Y125   cpu/enable_reg[31][0]_srl32___cpu_enable_reg_r_30/CLK
High Pulse Width  Slow    SRLC32E/CLK         n/a            0.980         1.700       0.720      SLICE_X38Y122   cpu/execute/DataAtInstr20_16InReg_reg[21][0]_srl22___cpu_enable_reg_r_20/CLK
High Pulse Width  Fast    SRLC32E/CLK         n/a            0.980         1.700       0.720      SLICE_X38Y122   cpu/execute/DataAtInstr20_16InReg_reg[21][0]_srl22___cpu_enable_reg_r_20/CLK
High Pulse Width  Slow    SRLC32E/CLK         n/a            0.980         1.700       0.720      SLICE_X30Y121   cpu/execute/DataAtInstr20_16InReg_reg[21][10]_srl22___cpu_enable_reg_r_20/CLK
High Pulse Width  Fast    SRLC32E/CLK         n/a            0.980         1.700       0.720      SLICE_X30Y121   cpu/execute/DataAtInstr20_16InReg_reg[21][10]_srl22___cpu_enable_reg_r_20/CLK
High Pulse Width  Slow    SRLC32E/CLK         n/a            0.980         1.700       0.720      SLICE_X30Y121   cpu/execute/DataAtInstr20_16InReg_reg[21][11]_srl22___cpu_enable_reg_r_20/CLK
High Pulse Width  Fast    SRLC32E/CLK         n/a            0.980         1.700       0.720      SLICE_X30Y121   cpu/execute/DataAtInstr20_16InReg_reg[21][11]_srl22___cpu_enable_reg_r_20/CLK
High Pulse Width  Slow    SRLC32E/CLK         n/a            0.980         1.700       0.720      SLICE_X38Y121   cpu/execute/DataAtInstr20_16InReg_reg[21][12]_srl22___cpu_enable_reg_r_20/CLK
High Pulse Width  Fast    SRLC32E/CLK         n/a            0.980         1.700       0.720      SLICE_X38Y121   cpu/execute/DataAtInstr20_16InReg_reg[21][12]_srl22___cpu_enable_reg_r_20/CLK



--------------------------------------------------------------------------------------
Path Group:  (none)
From Clock:  
  To Clock:  

Max Delay            32 Endpoints
Min Delay            32 Endpoints
--------------------------------------------------------------------------------------


Max Delay Paths
--------------------------------------------------------------------------------------
Slack:                    inf
  Source:                 uut/cnt_reg[18]/C
                            (rising edge-triggered cell FDRE)
  Destination:            out7[6]
                            (output port)
  Path Group:             (none)
  Path Type:              Max at Slow Process Corner
  Data Path Delay:        11.936ns  (logic 4.960ns (41.554%)  route 6.976ns (58.446%))
  Logic Levels:           5  (FDRE=1 LUT4=1 LUT6=1 MUXF7=1 OBUF=1)

    Location             Delay type                Incr(ns)  Path(ns)    Netlist Resource(s)
  -------------------------------------------------------------------    -------------------
    SLICE_X38Y126        FDRE                         0.000     0.000 r  uut/cnt_reg[18]/C
    SLICE_X38Y126        FDRE (Prop_fdre_C_Q)         0.518     0.518 r  uut/cnt_reg[18]/Q
                         net (fo=17, routed)          1.206     1.724    cpu/decode_instance/reg_file/sel0[1]
    SLICE_X36Y130        LUT6 (Prop_lut6_I2_O)        0.124     1.848 r  cpu/decode_instance/reg_file/out7_OBUF[6]_inst_i_12/O
                         net (fo=1, routed)           0.000     1.848    cpu/decode_instance/reg_file/out7_OBUF[6]_inst_i_12_n_0
    SLICE_X36Y130        MUXF7 (Prop_muxf7_I0_O)      0.212     2.060 r  cpu/decode_instance/reg_file/out7_OBUF[6]_inst_i_5/O
                         net (fo=7, routed)           1.043     3.103    cpu/decode_instance/reg_file/uut/in4__27[1]
    SLICE_X31Y127        LUT4 (Prop_lut4_I3_O)        0.327     3.430 r  cpu/decode_instance/reg_file/out7_OBUF[6]_inst_i_1/O
                         net (fo=1, routed)           4.727     8.157    out7_OBUF[6]
    T10                  OBUF (Prop_obuf_I_O)         3.779    11.936 r  out7_OBUF[6]_inst/O
                         net (fo=0)                   0.000    11.936    out7[6]
    T10                                                               r  out7[6] (OUT)
  -------------------------------------------------------------------    -------------------

Slack:                    inf
  Source:                 uut/cnt_reg[18]/C
                            (rising edge-triggered cell FDRE)
  Destination:            out7[5]
                            (output port)
  Path Group:             (none)
  Path Type:              Max at Slow Process Corner
  Data Path Delay:        11.602ns  (logic 4.708ns (40.581%)  route 6.894ns (59.419%))
  Logic Levels:           5  (FDRE=1 LUT4=1 LUT6=1 MUXF7=1 OBUF=1)

    Location             Delay type                Incr(ns)  Path(ns)    Netlist Resource(s)
  -------------------------------------------------------------------    -------------------
    SLICE_X38Y126        FDRE                         0.000     0.000 r  uut/cnt_reg[18]/C
    SLICE_X38Y126        FDRE (Prop_fdre_C_Q)         0.518     0.518 r  uut/cnt_reg[18]/Q
                         net (fo=17, routed)          1.054     1.572    cpu/decode_instance/reg_file/sel0[1]
    SLICE_X36Y128        LUT6 (Prop_lut6_I2_O)        0.124     1.696 r  cpu/decode_instance/reg_file/out7_OBUF[6]_inst_i_10/O
                         net (fo=1, routed)           0.000     1.696    cpu/decode_instance/reg_file/out7_OBUF[6]_inst_i_10_n_0
    SLICE_X36Y128        MUXF7 (Prop_muxf7_I0_O)      0.212     1.908 r  cpu/decode_instance/reg_file/out7_OBUF[6]_inst_i_4/O
                         net (fo=7, routed)           0.970     2.879    cpu/decode_instance/reg_file/uut/in4__27[0]
    SLICE_X31Y127        LUT4 (Prop_lut4_I2_O)        0.299     3.178 r  cpu/decode_instance/reg_file/out7_OBUF[5]_inst_i_1/O
                         net (fo=1, routed)           4.869     8.047    out7_OBUF[5]
    R10                  OBUF (Prop_obuf_I_O)         3.555    11.603 r  out7_OBUF[5]_inst/O
                         net (fo=0)                   0.000    11.603    out7[5]
    R10                                                               r  out7[5] (OUT)
  -------------------------------------------------------------------    -------------------

Slack:                    inf
  Source:                 uut/cnt_reg[18]/C
                            (rising edge-triggered cell FDRE)
  Destination:            out7[1]
                            (output port)
  Path Group:             (none)
  Path Type:              Max at Slow Process Corner
  Data Path Delay:        11.379ns  (logic 4.714ns (41.424%)  route 6.665ns (58.576%))
  Logic Levels:           5  (FDRE=1 LUT4=1 LUT6=1 MUXF7=1 OBUF=1)

    Location             Delay type                Incr(ns)  Path(ns)    Netlist Resource(s)
  -------------------------------------------------------------------    -------------------
    SLICE_X38Y126        FDRE                         0.000     0.000 r  uut/cnt_reg[18]/C
    SLICE_X38Y126        FDRE (Prop_fdre_C_Q)         0.518     0.518 r  uut/cnt_reg[18]/Q
                         net (fo=17, routed)          1.206     1.724    cpu/decode_instance/reg_file/sel0[1]
    SLICE_X36Y130        LUT6 (Prop_lut6_I2_O)        0.124     1.848 r  cpu/decode_instance/reg_file/out7_OBUF[6]_inst_i_12/O
                         net (fo=1, routed)           0.000     1.848    cpu/decode_instance/reg_file/out7_OBUF[6]_inst_i_12_n_0
    SLICE_X36Y130        MUXF7 (Prop_muxf7_I0_O)      0.212     2.060 r  cpu/decode_instance/reg_file/out7_OBUF[6]_inst_i_5/O
                         net (fo=7, routed)           1.045     3.105    cpu/decode_instance/reg_file/uut/in4__27[1]
    SLICE_X31Y127        LUT4 (Prop_lut4_I3_O)        0.299     3.404 r  cpu/decode_instance/reg_file/out7_OBUF[1]_inst_i_1/O
                         net (fo=1, routed)           4.415     7.818    out7_OBUF[1]
    T11                  OBUF (Prop_obuf_I_O)         3.561    11.379 r  out7_OBUF[1]_inst/O
                         net (fo=0)                   0.000    11.379    out7[1]
    T11                                                               r  out7[1] (OUT)
  -------------------------------------------------------------------    -------------------

Slack:                    inf
  Source:                 uut/cnt_reg[18]/C
                            (rising edge-triggered cell FDRE)
  Destination:            out7[2]
                            (output port)
  Path Group:             (none)
  Path Type:              Max at Slow Process Corner
  Data Path Delay:        11.013ns  (logic 4.687ns (42.553%)  route 6.327ns (57.447%))
  Logic Levels:           5  (FDRE=1 LUT4=1 LUT6=1 MUXF7=1 OBUF=1)

    Location             Delay type                Incr(ns)  Path(ns)    Netlist Resource(s)
  -------------------------------------------------------------------    -------------------
    SLICE_X38Y126        FDRE                         0.000     0.000 r  uut/cnt_reg[18]/C
    SLICE_X38Y126        FDRE (Prop_fdre_C_Q)         0.518     0.518 r  uut/cnt_reg[18]/Q
                         net (fo=17, routed)          1.054     1.572    cpu/decode_instance/reg_file/sel0[1]
    SLICE_X36Y128        LUT6 (Prop_lut6_I2_O)        0.124     1.696 r  cpu/decode_instance/reg_file/out7_OBUF[6]_inst_i_10/O
                         net (fo=1, routed)           0.000     1.696    cpu/decode_instance/reg_file/out7_OBUF[6]_inst_i_10_n_0
    SLICE_X36Y128        MUXF7 (Prop_muxf7_I0_O)      0.212     1.908 r  cpu/decode_instance/reg_file/out7_OBUF[6]_inst_i_4/O
                         net (fo=7, routed)           1.191     3.099    cpu/decode_instance/reg_file/uut/in4__27[0]
    SLICE_X31Y127        LUT4 (Prop_lut4_I3_O)        0.299     3.398 r  cpu/decode_instance/reg_file/out7_OBUF[2]_inst_i_1/O
                         net (fo=1, routed)           4.082     7.480    out7_OBUF[2]
    P15                  OBUF (Prop_obuf_I_O)         3.534    11.013 r  out7_OBUF[2]_inst/O
                         net (fo=0)                   0.000    11.013    out7[2]
    P15                                                               r  out7[2] (OUT)
  -------------------------------------------------------------------    -------------------

Slack:                    inf
  Source:                 uut/cnt_reg[18]/C
                            (rising edge-triggered cell FDRE)
  Destination:            out7[0]
                            (output port)
  Path Group:             (none)
  Path Type:              Max at Slow Process Corner
  Data Path Delay:        10.496ns  (logic 4.690ns (44.688%)  route 5.805ns (55.312%))
  Logic Levels:           5  (FDRE=1 LUT4=1 LUT6=1 MUXF7=1 OBUF=1)

    Location             Delay type                Incr(ns)  Path(ns)    Netlist Resource(s)
  -------------------------------------------------------------------    -------------------
    SLICE_X38Y126        FDRE                         0.000     0.000 r  uut/cnt_reg[18]/C
    SLICE_X38Y126        FDRE (Prop_fdre_C_Q)         0.518     0.518 r  uut/cnt_reg[18]/Q
                         net (fo=17, routed)          1.206     1.724    cpu/decode_instance/reg_file/sel0[1]
    SLICE_X36Y130        LUT6 (Prop_lut6_I2_O)        0.124     1.848 r  cpu/decode_instance/reg_file/out7_OBUF[6]_inst_i_12/O
                         net (fo=1, routed)           0.000     1.848    cpu/decode_instance/reg_file/out7_OBUF[6]_inst_i_12_n_0
    SLICE_X36Y130        MUXF7 (Prop_muxf7_I0_O)      0.212     2.060 r  cpu/decode_instance/reg_file/out7_OBUF[6]_inst_i_5/O
                         net (fo=7, routed)           1.043     3.103    cpu/decode_instance/reg_file/uut/in4__27[1]
    SLICE_X31Y127        LUT4 (Prop_lut4_I3_O)        0.299     3.402 r  cpu/decode_instance/reg_file/out7_OBUF[0]_inst_i_1/O
                         net (fo=1, routed)           3.557     6.958    out7_OBUF[0]
    L18                  OBUF (Prop_obuf_I_O)         3.537    10.496 r  out7_OBUF[0]_inst/O
                         net (fo=0)                   0.000    10.496    out7[0]
    L18                                                               r  out7[0] (OUT)
  -------------------------------------------------------------------    -------------------

Slack:                    inf
  Source:                 uut/cnt_reg[18]/C
                            (rising edge-triggered cell FDRE)
  Destination:            out7[4]
                            (output port)
  Path Group:             (none)
  Path Type:              Max at Slow Process Corner
  Data Path Delay:        10.481ns  (logic 4.879ns (46.550%)  route 5.602ns (53.450%))
  Logic Levels:           5  (FDRE=1 LUT4=1 LUT6=1 MUXF7=1 OBUF=1)

    Location             Delay type                Incr(ns)  Path(ns)    Netlist Resource(s)
  -------------------------------------------------------------------    -------------------
    SLICE_X38Y126        FDRE                         0.000     0.000 r  uut/cnt_reg[18]/C
    SLICE_X38Y126        FDRE (Prop_fdre_C_Q)         0.518     0.518 r  uut/cnt_reg[18]/Q
                         net (fo=17, routed)          1.054     1.572    cpu/decode_instance/reg_file/sel0[1]
    SLICE_X36Y128        LUT6 (Prop_lut6_I2_O)        0.124     1.696 f  cpu/decode_instance/reg_file/out7_OBUF[6]_inst_i_10/O
                         net (fo=1, routed)           0.000     1.696    cpu/decode_instance/reg_file/out7_OBUF[6]_inst_i_10_n_0
    SLICE_X36Y128        MUXF7 (Prop_muxf7_I0_O)      0.212     1.908 f  cpu/decode_instance/reg_file/out7_OBUF[6]_inst_i_4/O
                         net (fo=7, routed)           1.191     3.099    cpu/decode_instance/reg_file/uut/in4__27[0]
    SLICE_X31Y127        LUT4 (Prop_lut4_I1_O)        0.329     3.428 r  cpu/decode_instance/reg_file/out7_OBUF[4]_inst_i_1/O
                         net (fo=1, routed)           3.357     6.785    out7_OBUF[4]
    K16                  OBUF (Prop_obuf_I_O)         3.696    10.481 r  out7_OBUF[4]_inst/O
                         net (fo=0)                   0.000    10.481    out7[4]
    K16                                                               r  out7[4] (OUT)
  -------------------------------------------------------------------    -------------------

Slack:                    inf
  Source:                 uut/cnt_reg[17]/C
                            (rising edge-triggered cell FDRE)
  Destination:            en_out[7]
                            (output port)
  Path Group:             (none)
  Path Type:              Max at Slow Process Corner
  Data Path Delay:        10.312ns  (logic 4.428ns (42.945%)  route 5.883ns (57.055%))
  Logic Levels:           3  (FDRE=1 LUT3=1 OBUF=1)

    Location             Delay type                Incr(ns)  Path(ns)    Netlist Resource(s)
  -------------------------------------------------------------------    -------------------
    SLICE_X38Y126        FDRE                         0.000     0.000 r  uut/cnt_reg[17]/C
    SLICE_X38Y126        FDRE (Prop_fdre_C_Q)         0.518     0.518 f  uut/cnt_reg[17]/Q
                         net (fo=17, routed)          1.430     1.948    uut/sel0[0]
    SLICE_X31Y121        LUT3 (Prop_lut3_I1_O)        0.149     2.097 r  uut/en_out_OBUF[7]_inst_i_1/O
                         net (fo=1, routed)           4.453     6.550    en_out_OBUF[7]
    U13                  OBUF (Prop_obuf_I_O)         3.761    10.312 r  en_out_OBUF[7]_inst/O
                         net (fo=0)                   0.000    10.312    en_out[7]
    U13                                                               r  en_out[7] (OUT)
  -------------------------------------------------------------------    -------------------

Slack:                    inf
  Source:                 uut/cnt_reg[18]/C
                            (rising edge-triggered cell FDRE)
  Destination:            en_out[2]
                            (output port)
  Path Group:             (none)
  Path Type:              Max at Slow Process Corner
  Data Path Delay:        9.928ns  (logic 4.216ns (42.470%)  route 5.711ns (57.530%))
  Logic Levels:           3  (FDRE=1 LUT3=1 OBUF=1)

    Location             Delay type                Incr(ns)  Path(ns)    Netlist Resource(s)
  -------------------------------------------------------------------    -------------------
    SLICE_X38Y126        FDRE                         0.000     0.000 r  uut/cnt_reg[18]/C
    SLICE_X38Y126        FDRE (Prop_fdre_C_Q)         0.518     0.518 f  uut/cnt_reg[18]/Q
                         net (fo=17, routed)          1.243     1.761    uut/sel0[1]
    SLICE_X31Y121        LUT3 (Prop_lut3_I2_O)        0.124     1.885 r  uut/en_out_OBUF[2]_inst_i_1/O
                         net (fo=1, routed)           4.469     6.353    en_out_OBUF[2]
    T9                   OBUF (Prop_obuf_I_O)         3.574     9.928 r  en_out_OBUF[2]_inst/O
                         net (fo=0)                   0.000     9.928    en_out[2]
    T9                                                                r  en_out[2] (OUT)
  -------------------------------------------------------------------    -------------------

Slack:                    inf
  Source:                 uut/cnt_reg[18]/C
                            (rising edge-triggered cell FDRE)
  Destination:            out7[3]
                            (output port)
  Path Group:             (none)
  Path Type:              Max at Slow Process Corner
  Data Path Delay:        9.870ns  (logic 4.939ns (50.045%)  route 4.930ns (49.955%))
  Logic Levels:           5  (FDRE=1 LUT4=1 LUT6=1 MUXF7=1 OBUF=1)

    Location             Delay type                Incr(ns)  Path(ns)    Netlist Resource(s)
  -------------------------------------------------------------------    -------------------
    SLICE_X38Y126        FDRE                         0.000     0.000 r  uut/cnt_reg[18]/C
    SLICE_X38Y126        FDRE (Prop_fdre_C_Q)         0.518     0.518 r  uut/cnt_reg[18]/Q
                         net (fo=17, routed)          1.206     1.724    cpu/decode_instance/reg_file/sel0[1]
    SLICE_X36Y130        LUT6 (Prop_lut6_I2_O)        0.124     1.848 r  cpu/decode_instance/reg_file/out7_OBUF[6]_inst_i_12/O
                         net (fo=1, routed)           0.000     1.848    cpu/decode_instance/reg_file/out7_OBUF[6]_inst_i_12_n_0
    SLICE_X36Y130        MUXF7 (Prop_muxf7_I0_O)      0.212     2.060 r  cpu/decode_instance/reg_file/out7_OBUF[6]_inst_i_5/O
                         net (fo=7, routed)           1.045     3.105    cpu/decode_instance/reg_file/uut/in4__27[1]
    SLICE_X31Y127        LUT4 (Prop_lut4_I3_O)        0.327     3.432 r  cpu/decode_instance/reg_file/out7_OBUF[3]_inst_i_1/O
                         net (fo=1, routed)           2.680     6.111    out7_OBUF[3]
    K13                  OBUF (Prop_obuf_I_O)         3.758     9.870 r  out7_OBUF[3]_inst/O
                         net (fo=0)                   0.000     9.870    out7[3]
    K13                                                               r  out7[3] (OUT)
  -------------------------------------------------------------------    -------------------

Slack:                    inf
  Source:                 uut/cnt_reg[17]/C
                            (rising edge-triggered cell FDRE)
  Destination:            en_out[5]
                            (output port)
  Path Group:             (none)
  Path Type:              Max at Slow Process Corner
  Data Path Delay:        9.617ns  (logic 4.427ns (46.032%)  route 5.190ns (53.968%))
  Logic Levels:           3  (FDRE=1 LUT3=1 OBUF=1)

    Location             Delay type                Incr(ns)  Path(ns)    Netlist Resource(s)
  -------------------------------------------------------------------    -------------------
    SLICE_X38Y126        FDRE                         0.000     0.000 r  uut/cnt_reg[17]/C
    SLICE_X38Y126        FDRE (Prop_fdre_C_Q)         0.518     0.518 f  uut/cnt_reg[17]/Q
                         net (fo=17, routed)          1.226     1.744    uut/sel0[0]
    SLICE_X31Y121        LUT3 (Prop_lut3_I1_O)        0.154     1.898 r  uut/en_out_OBUF[5]_inst_i_1/O
                         net (fo=1, routed)           3.964     5.862    en_out_OBUF[5]
    T14                  OBUF (Prop_obuf_I_O)         3.755     9.617 r  en_out_OBUF[5]_inst/O
                         net (fo=0)                   0.000     9.617    en_out[5]
    T14                                                               r  en_out[5] (OUT)
  -------------------------------------------------------------------    -------------------





Min Delay Paths
--------------------------------------------------------------------------------------
Slack:                    inf
  Source:                 uut/cnt_reg[13]/C
                            (rising edge-triggered cell FDRE)
  Destination:            uut/cnt_reg[13]/D
  Path Group:             (none)
  Path Type:              Min at Fast Process Corner
  Data Path Delay:        0.388ns  (logic 0.274ns (70.550%)  route 0.114ns (29.450%))
  Logic Levels:           2  (CARRY4=1 FDRE=1)

    Location             Delay type                Incr(ns)  Path(ns)    Netlist Resource(s)
  -------------------------------------------------------------------    -------------------
    SLICE_X38Y125        FDRE                         0.000     0.000 r  uut/cnt_reg[13]/C
    SLICE_X38Y125        FDRE (Prop_fdre_C_Q)         0.164     0.164 r  uut/cnt_reg[13]/Q
                         net (fo=1, routed)           0.114     0.278    uut/cnt_reg_n_0_[13]
    SLICE_X38Y125        CARRY4 (Prop_carry4_S[2]_O[2])
                                                      0.110     0.388 r  uut/cnt_reg[11]_i_1/O[2]
                         net (fo=1, routed)           0.000     0.388    uut/cnt_reg[11]_i_1_n_5
    SLICE_X38Y125        FDRE                                         r  uut/cnt_reg[13]/D
  -------------------------------------------------------------------    -------------------

Slack:                    inf
  Source:                 uut/cnt_reg[13]/C
                            (rising edge-triggered cell FDRE)
  Destination:            uut/cnt_reg[14]/D
  Path Group:             (none)
  Path Type:              Min at Fast Process Corner
  Data Path Delay:        0.424ns  (logic 0.310ns (73.048%)  route 0.114ns (26.952%))
  Logic Levels:           2  (CARRY4=1 FDRE=1)

    Location             Delay type                Incr(ns)  Path(ns)    Netlist Resource(s)
  -------------------------------------------------------------------    -------------------
    SLICE_X38Y125        FDRE                         0.000     0.000 r  uut/cnt_reg[13]/C
    SLICE_X38Y125        FDRE (Prop_fdre_C_Q)         0.164     0.164 r  uut/cnt_reg[13]/Q
                         net (fo=1, routed)           0.114     0.278    uut/cnt_reg_n_0_[13]
    SLICE_X38Y125        CARRY4 (Prop_carry4_S[2]_O[3])
                                                      0.146     0.424 r  uut/cnt_reg[11]_i_1/O[3]
                         net (fo=1, routed)           0.000     0.424    uut/cnt_reg[11]_i_1_n_4
    SLICE_X38Y125        FDRE                                         r  uut/cnt_reg[14]/D
  -------------------------------------------------------------------    -------------------

Slack:                    inf
  Source:                 uut/cnt_reg[3]/C
                            (rising edge-triggered cell FDRE)
  Destination:            uut/cnt_reg[3]/D
  Path Group:             (none)
  Path Type:              Min at Fast Process Corner
  Data Path Delay:        0.442ns  (logic 0.279ns (63.107%)  route 0.163ns (36.893%))
  Logic Levels:           3  (CARRY4=1 FDRE=1 LUT1=1)

    Location             Delay type                Incr(ns)  Path(ns)    Netlist Resource(s)
  -------------------------------------------------------------------    -------------------
    SLICE_X38Y123        FDRE                         0.000     0.000 r  uut/cnt_reg[3]/C
    SLICE_X38Y123        FDRE (Prop_fdre_C_Q)         0.164     0.164 f  uut/cnt_reg[3]/Q
                         net (fo=1, routed)           0.163     0.327    uut/cnt_reg_n_0_[3]
    SLICE_X38Y123        LUT1 (Prop_lut1_I0_O)        0.045     0.372 r  uut/cnt[3]_i_2/O
                         net (fo=1, routed)           0.000     0.372    uut/cnt[3]_i_2_n_0
    SLICE_X38Y123        CARRY4 (Prop_carry4_S[0]_O[0])
                                                      0.070     0.442 r  uut/cnt_reg[3]_i_1/O[0]
                         net (fo=1, routed)           0.000     0.442    uut/cnt_reg[3]_i_1_n_7
    SLICE_X38Y123        FDRE                                         r  uut/cnt_reg[3]/D
  -------------------------------------------------------------------    -------------------

Slack:                    inf
  Source:                 uut/cnt_reg[16]/C
                            (rising edge-triggered cell FDRE)
  Destination:            uut/cnt_reg[16]/D
  Path Group:             (none)
  Path Type:              Min at Fast Process Corner
  Data Path Delay:        0.443ns  (logic 0.275ns (62.009%)  route 0.168ns (37.991%))
  Logic Levels:           2  (CARRY4=1 FDRE=1)

    Location             Delay type                Incr(ns)  Path(ns)    Netlist Resource(s)
  -------------------------------------------------------------------    -------------------
    SLICE_X38Y126        FDRE                         0.000     0.000 r  uut/cnt_reg[16]/C
    SLICE_X38Y126        FDRE (Prop_fdre_C_Q)         0.164     0.164 r  uut/cnt_reg[16]/Q
                         net (fo=1, routed)           0.168     0.332    uut/cnt_reg_n_0_[16]
    SLICE_X38Y126        CARRY4 (Prop_carry4_S[1]_O[1])
                                                      0.111     0.443 r  uut/cnt_reg[15]_i_1/O[1]
                         net (fo=1, routed)           0.000     0.443    uut/cnt_reg[15]_i_1_n_6
    SLICE_X38Y126        FDRE                                         r  uut/cnt_reg[16]/D
  -------------------------------------------------------------------    -------------------

Slack:                    inf
  Source:                 uut/cnt_reg[4]/C
                            (rising edge-triggered cell FDRE)
  Destination:            uut/cnt_reg[4]/D
  Path Group:             (none)
  Path Type:              Min at Fast Process Corner
  Data Path Delay:        0.443ns  (logic 0.275ns (62.009%)  route 0.168ns (37.991%))
  Logic Levels:           2  (CARRY4=1 FDRE=1)

    Location             Delay type                Incr(ns)  Path(ns)    Netlist Resource(s)
  -------------------------------------------------------------------    -------------------
    SLICE_X38Y123        FDRE                         0.000     0.000 r  uut/cnt_reg[4]/C
    SLICE_X38Y123        FDRE (Prop_fdre_C_Q)         0.164     0.164 r  uut/cnt_reg[4]/Q
                         net (fo=1, routed)           0.168     0.332    uut/cnt_reg_n_0_[4]
    SLICE_X38Y123        CARRY4 (Prop_carry4_S[1]_O[1])
                                                      0.111     0.443 r  uut/cnt_reg[3]_i_1/O[1]
                         net (fo=1, routed)           0.000     0.443    uut/cnt_reg[3]_i_1_n_6
    SLICE_X38Y123        FDRE                                         r  uut/cnt_reg[4]/D
  -------------------------------------------------------------------    -------------------

Slack:                    inf
  Source:                 uut/cnt_reg[5]/C
                            (rising edge-triggered cell FDRE)
  Destination:            uut/cnt_reg[5]/D
  Path Group:             (none)
  Path Type:              Min at Fast Process Corner
  Data Path Delay:        0.445ns  (logic 0.274ns (61.506%)  route 0.171ns (38.494%))
  Logic Levels:           2  (CARRY4=1 FDRE=1)

    Location             Delay type                Incr(ns)  Path(ns)    Netlist Resource(s)
  -------------------------------------------------------------------    -------------------
    SLICE_X38Y123        FDRE                         0.000     0.000 r  uut/cnt_reg[5]/C
    SLICE_X38Y123        FDRE (Prop_fdre_C_Q)         0.164     0.164 r  uut/cnt_reg[5]/Q
                         net (fo=1, routed)           0.171     0.335    uut/cnt_reg_n_0_[5]
    SLICE_X38Y123        CARRY4 (Prop_carry4_S[2]_O[2])
                                                      0.110     0.445 r  uut/cnt_reg[3]_i_1/O[2]
                         net (fo=1, routed)           0.000     0.445    uut/cnt_reg[3]_i_1_n_5
    SLICE_X38Y123        FDRE                                         r  uut/cnt_reg[5]/D
  -------------------------------------------------------------------    -------------------

Slack:                    inf
  Source:                 uut/cnt_reg[11]/C
                            (rising edge-triggered cell FDRE)
  Destination:            uut/cnt_reg[11]/D
  Path Group:             (none)
  Path Type:              Min at Fast Process Corner
  Data Path Delay:        0.449ns  (logic 0.279ns (62.071%)  route 0.170ns (37.929%))
  Logic Levels:           2  (CARRY4=1 FDRE=1)

    Location             Delay type                Incr(ns)  Path(ns)    Netlist Resource(s)
  -------------------------------------------------------------------    -------------------
    SLICE_X38Y125        FDRE                         0.000     0.000 r  uut/cnt_reg[11]/C
    SLICE_X38Y125        FDRE (Prop_fdre_C_Q)         0.164     0.164 r  uut/cnt_reg[11]/Q
                         net (fo=1, routed)           0.170     0.334    uut/cnt_reg_n_0_[11]
    SLICE_X38Y125        CARRY4 (Prop_carry4_S[0]_O[0])
                                                      0.115     0.449 r  uut/cnt_reg[11]_i_1/O[0]
                         net (fo=1, routed)           0.000     0.449    uut/cnt_reg[11]_i_1_n_7
    SLICE_X38Y125        FDRE                                         r  uut/cnt_reg[11]/D
  -------------------------------------------------------------------    -------------------

Slack:                    inf
  Source:                 uut/cnt_reg[15]/C
                            (rising edge-triggered cell FDRE)
  Destination:            uut/cnt_reg[15]/D
  Path Group:             (none)
  Path Type:              Min at Fast Process Corner
  Data Path Delay:        0.449ns  (logic 0.279ns (62.071%)  route 0.170ns (37.929%))
  Logic Levels:           2  (CARRY4=1 FDRE=1)

    Location             Delay type                Incr(ns)  Path(ns)    Netlist Resource(s)
  -------------------------------------------------------------------    -------------------
    SLICE_X38Y126        FDRE                         0.000     0.000 r  uut/cnt_reg[15]/C
    SLICE_X38Y126        FDRE (Prop_fdre_C_Q)         0.164     0.164 r  uut/cnt_reg[15]/Q
                         net (fo=1, routed)           0.170     0.334    uut/cnt_reg_n_0_[15]
    SLICE_X38Y126        CARRY4 (Prop_carry4_S[0]_O[0])
                                                      0.115     0.449 r  uut/cnt_reg[15]_i_1/O[0]
                         net (fo=1, routed)           0.000     0.449    uut/cnt_reg[15]_i_1_n_7
    SLICE_X38Y126        FDRE                                         r  uut/cnt_reg[15]/D
  -------------------------------------------------------------------    -------------------

Slack:                    inf
  Source:                 uut/cnt_reg[19]/C
                            (rising edge-triggered cell FDRE)
  Destination:            uut/cnt_reg[19]/D
  Path Group:             (none)
  Path Type:              Min at Fast Process Corner
  Data Path Delay:        0.470ns  (logic 0.279ns (59.332%)  route 0.191ns (40.668%))
  Logic Levels:           2  (CARRY4=1 FDRE=1)

    Location             Delay type                Incr(ns)  Path(ns)    Netlist Resource(s)
  -------------------------------------------------------------------    -------------------
    SLICE_X38Y127        FDRE                         0.000     0.000 r  uut/cnt_reg[19]/C
    SLICE_X38Y127        FDRE (Prop_fdre_C_Q)         0.164     0.164 r  uut/cnt_reg[19]/Q
                         net (fo=13, routed)          0.191     0.355    uut/sel0[2]
    SLICE_X38Y127        CARRY4 (Prop_carry4_S[0]_O[0])
                                                      0.115     0.470 r  uut/cnt_reg[19]_i_1/O[0]
                         net (fo=1, routed)           0.000     0.470    uut/cnt_reg[19]_i_1_n_7
    SLICE_X38Y127        FDRE                                         r  uut/cnt_reg[19]/D
  -------------------------------------------------------------------    -------------------

Slack:                    inf
  Source:                 uut/cnt_reg[5]/C
                            (rising edge-triggered cell FDRE)
  Destination:            uut/cnt_reg[6]/D
  Path Group:             (none)
  Path Type:              Min at Fast Process Corner
  Data Path Delay:        0.481ns  (logic 0.310ns (64.384%)  route 0.171ns (35.616%))
  Logic Levels:           2  (CARRY4=1 FDRE=1)

    Location             Delay type                Incr(ns)  Path(ns)    Netlist Resource(s)
  -------------------------------------------------------------------    -------------------
    SLICE_X38Y123        FDRE                         0.000     0.000 r  uut/cnt_reg[5]/C
    SLICE_X38Y123        FDRE (Prop_fdre_C_Q)         0.164     0.164 r  uut/cnt_reg[5]/Q
                         net (fo=1, routed)           0.171     0.335    uut/cnt_reg_n_0_[5]
    SLICE_X38Y123        CARRY4 (Prop_carry4_S[2]_O[3])
                                                      0.146     0.481 r  uut/cnt_reg[3]_i_1/O[3]
                         net (fo=1, routed)           0.000     0.481    uut/cnt_reg[3]_i_1_n_4
    SLICE_X38Y123        FDRE                                         r  uut/cnt_reg[6]/D
  -------------------------------------------------------------------    -------------------





--------------------------------------------------------------------------------------
Path Group:  (none)
From Clock:  Clk
  To Clock:  

Max Delay            72 Endpoints
Min Delay            72 Endpoints
--------------------------------------------------------------------------------------


Max Delay Paths
--------------------------------------------------------------------------------------
Slack:                    inf
  Source:                 cpu/decode_instance/reg_file/mem_reg[2][3]/C
                            (rising edge-triggered cell FDRE clocked by Clk  {rise@0.000ns fall@1.700ns period=3.400ns})
  Destination:            out7[6]
                            (output port)
  Path Group:             (none)
  Path Type:              Max at Slow Process Corner
  Data Path Delay:        13.178ns  (logic 5.039ns (38.238%)  route 8.139ns (61.762%))
  Logic Levels:           4  (LUT4=1 LUT6=1 MUXF7=1 OBUF=1)
  Clock Uncertainty:      0.025ns  ((TSJ^2 + TIJ^2)^1/2 + DJ) / 2 + PE
    Total System Jitter     (TSJ):    0.050ns
    Total Input Jitter      (TIJ):    0.000ns
    Discrete Jitter          (DJ):    0.000ns
    Phase Error              (PE):    0.000ns

    Location             Delay type                Incr(ns)  Path(ns)    Netlist Resource(s)
  -------------------------------------------------------------------    -------------------
                         (clock Clk rise edge)        0.000     0.000 r  
    E3                                                0.000     0.000 r  Clk (IN)
                         net (fo=0)                   0.000     0.000    Clk
    E3                   IBUF (Prop_ibuf_I_O)         1.482     1.482 r  Clk_IBUF_inst/O
                         net (fo=1, routed)           2.025     3.506    Clk_IBUF
    BUFGCTRL_X0Y16       BUFG (Prop_bufg_I_O)         0.096     3.602 r  Clk_IBUF_BUFG_inst/O
                         net (fo=3578, routed)        1.612     5.214    cpu/decode_instance/reg_file/Clk_IBUF_BUFG
    SLICE_X43Y134        FDRE                                         r  cpu/decode_instance/reg_file/mem_reg[2][3]/C
  -------------------------------------------------------------------    -------------------
    SLICE_X43Y134        FDRE (Prop_fdre_C_Q)         0.419     5.633 r  cpu/decode_instance/reg_file/mem_reg[2][3]/Q
                         net (fo=3, routed)           2.395     8.029    cpu/decode_instance/reg_file/NumberB[3]
    SLICE_X36Y131        LUT6 (Prop_lut6_I5_O)        0.297     8.326 r  cpu/decode_instance/reg_file/out7_OBUF[6]_inst_i_7/O
                         net (fo=1, routed)           0.000     8.326    cpu/decode_instance/reg_file/out7_OBUF[6]_inst_i_7_n_0
    SLICE_X36Y131        MUXF7 (Prop_muxf7_I1_O)      0.217     8.543 r  cpu/decode_instance/reg_file/out7_OBUF[6]_inst_i_2/O
                         net (fo=7, routed)           1.016     9.559    cpu/decode_instance/reg_file/uut/in4__27[3]
    SLICE_X31Y127        LUT4 (Prop_lut4_I0_O)        0.327     9.886 r  cpu/decode_instance/reg_file/out7_OBUF[6]_inst_i_1/O
                         net (fo=1, routed)           4.727    14.613    out7_OBUF[6]
    T10                  OBUF (Prop_obuf_I_O)         3.779    18.392 r  out7_OBUF[6]_inst/O
                         net (fo=0)                   0.000    18.392    out7[6]
    T10                                                               r  out7[6] (OUT)
  -------------------------------------------------------------------    -------------------

Slack:                    inf
  Source:                 cpu/decode_instance/reg_file/mem_reg[2][3]/C
                            (rising edge-triggered cell FDRE clocked by Clk  {rise@0.000ns fall@1.700ns period=3.400ns})
  Destination:            out7[1]
                            (output port)
  Path Group:             (none)
  Path Type:              Max at Slow Process Corner
  Data Path Delay:        12.618ns  (logic 4.793ns (37.984%)  route 7.825ns (62.016%))
  Logic Levels:           4  (LUT4=1 LUT6=1 MUXF7=1 OBUF=1)
  Clock Uncertainty:      0.025ns  ((TSJ^2 + TIJ^2)^1/2 + DJ) / 2 + PE
    Total System Jitter     (TSJ):    0.050ns
    Total Input Jitter      (TIJ):    0.000ns
    Discrete Jitter          (DJ):    0.000ns
    Phase Error              (PE):    0.000ns

    Location             Delay type                Incr(ns)  Path(ns)    Netlist Resource(s)
  -------------------------------------------------------------------    -------------------
                         (clock Clk rise edge)        0.000     0.000 r  
    E3                                                0.000     0.000 r  Clk (IN)
                         net (fo=0)                   0.000     0.000    Clk
    E3                   IBUF (Prop_ibuf_I_O)         1.482     1.482 r  Clk_IBUF_inst/O
                         net (fo=1, routed)           2.025     3.506    Clk_IBUF
    BUFGCTRL_X0Y16       BUFG (Prop_bufg_I_O)         0.096     3.602 r  Clk_IBUF_BUFG_inst/O
                         net (fo=3578, routed)        1.612     5.214    cpu/decode_instance/reg_file/Clk_IBUF_BUFG
    SLICE_X43Y134        FDRE                                         r  cpu/decode_instance/reg_file/mem_reg[2][3]/C
  -------------------------------------------------------------------    -------------------
    SLICE_X43Y134        FDRE (Prop_fdre_C_Q)         0.419     5.633 r  cpu/decode_instance/reg_file/mem_reg[2][3]/Q
                         net (fo=3, routed)           2.395     8.029    cpu/decode_instance/reg_file/NumberB[3]
    SLICE_X36Y131        LUT6 (Prop_lut6_I5_O)        0.297     8.326 r  cpu/decode_instance/reg_file/out7_OBUF[6]_inst_i_7/O
                         net (fo=1, routed)           0.000     8.326    cpu/decode_instance/reg_file/out7_OBUF[6]_inst_i_7_n_0
    SLICE_X36Y131        MUXF7 (Prop_muxf7_I1_O)      0.217     8.543 r  cpu/decode_instance/reg_file/out7_OBUF[6]_inst_i_2/O
                         net (fo=7, routed)           1.015     9.558    cpu/decode_instance/reg_file/uut/in4__27[3]
    SLICE_X31Y127        LUT4 (Prop_lut4_I0_O)        0.299     9.857 r  cpu/decode_instance/reg_file/out7_OBUF[1]_inst_i_1/O
                         net (fo=1, routed)           4.415    14.271    out7_OBUF[1]
    T11                  OBUF (Prop_obuf_I_O)         3.561    17.832 r  out7_OBUF[1]_inst/O
                         net (fo=0)                   0.000    17.832    out7[1]
    T11                                                               r  out7[1] (OUT)
  -------------------------------------------------------------------    -------------------

Slack:                    inf
  Source:                 cpu/decode_instance/reg_file/mem_reg[2][3]/C
                            (rising edge-triggered cell FDRE clocked by Clk  {rise@0.000ns fall@1.700ns period=3.400ns})
  Destination:            out7[5]
                            (output port)
  Path Group:             (none)
  Path Type:              Max at Slow Process Corner
  Data Path Delay:        12.566ns  (logic 4.787ns (38.098%)  route 7.779ns (61.903%))
  Logic Levels:           4  (LUT4=1 LUT6=1 MUXF7=1 OBUF=1)
  Clock Uncertainty:      0.025ns  ((TSJ^2 + TIJ^2)^1/2 + DJ) / 2 + PE
    Total System Jitter     (TSJ):    0.050ns
    Total Input Jitter      (TIJ):    0.000ns
    Discrete Jitter          (DJ):    0.000ns
    Phase Error              (PE):    0.000ns

    Location             Delay type                Incr(ns)  Path(ns)    Netlist Resource(s)
  -------------------------------------------------------------------    -------------------
                         (clock Clk rise edge)        0.000     0.000 r  
    E3                                                0.000     0.000 r  Clk (IN)
                         net (fo=0)                   0.000     0.000    Clk
    E3                   IBUF (Prop_ibuf_I_O)         1.482     1.482 r  Clk_IBUF_inst/O
                         net (fo=1, routed)           2.025     3.506    Clk_IBUF
    BUFGCTRL_X0Y16       BUFG (Prop_bufg_I_O)         0.096     3.602 r  Clk_IBUF_BUFG_inst/O
                         net (fo=3578, routed)        1.612     5.214    cpu/decode_instance/reg_file/Clk_IBUF_BUFG
    SLICE_X43Y134        FDRE                                         r  cpu/decode_instance/reg_file/mem_reg[2][3]/C
  -------------------------------------------------------------------    -------------------
    SLICE_X43Y134        FDRE (Prop_fdre_C_Q)         0.419     5.633 r  cpu/decode_instance/reg_file/mem_reg[2][3]/Q
                         net (fo=3, routed)           2.395     8.029    cpu/decode_instance/reg_file/NumberB[3]
    SLICE_X36Y131        LUT6 (Prop_lut6_I5_O)        0.297     8.326 r  cpu/decode_instance/reg_file/out7_OBUF[6]_inst_i_7/O
                         net (fo=1, routed)           0.000     8.326    cpu/decode_instance/reg_file/out7_OBUF[6]_inst_i_7_n_0
    SLICE_X36Y131        MUXF7 (Prop_muxf7_I1_O)      0.217     8.543 r  cpu/decode_instance/reg_file/out7_OBUF[6]_inst_i_2/O
                         net (fo=7, routed)           0.514     9.057    cpu/decode_instance/reg_file/uut/in4__27[3]
    SLICE_X31Y127        LUT4 (Prop_lut4_I0_O)        0.299     9.356 r  cpu/decode_instance/reg_file/out7_OBUF[5]_inst_i_1/O
                         net (fo=1, routed)           4.869    14.225    out7_OBUF[5]
    R10                  OBUF (Prop_obuf_I_O)         3.555    17.781 r  out7_OBUF[5]_inst/O
                         net (fo=0)                   0.000    17.781    out7[5]
    R10                                                               r  out7[5] (OUT)
  -------------------------------------------------------------------    -------------------

Slack:                    inf
  Source:                 cpu/decode_instance/reg_file/mem_reg[2][3]/C
                            (rising edge-triggered cell FDRE clocked by Clk  {rise@0.000ns fall@1.700ns period=3.400ns})
  Destination:            out7[2]
                            (output port)
  Path Group:             (none)
  Path Type:              Max at Slow Process Corner
  Data Path Delay:        12.259ns  (logic 4.766ns (38.874%)  route 7.493ns (61.126%))
  Logic Levels:           4  (LUT4=1 LUT6=1 MUXF7=1 OBUF=1)
  Clock Uncertainty:      0.025ns  ((TSJ^2 + TIJ^2)^1/2 + DJ) / 2 + PE
    Total System Jitter     (TSJ):    0.050ns
    Total Input Jitter      (TIJ):    0.000ns
    Discrete Jitter          (DJ):    0.000ns
    Phase Error              (PE):    0.000ns

    Location             Delay type                Incr(ns)  Path(ns)    Netlist Resource(s)
  -------------------------------------------------------------------    -------------------
                         (clock Clk rise edge)        0.000     0.000 r  
    E3                                                0.000     0.000 r  Clk (IN)
                         net (fo=0)                   0.000     0.000    Clk
    E3                   IBUF (Prop_ibuf_I_O)         1.482     1.482 r  Clk_IBUF_inst/O
                         net (fo=1, routed)           2.025     3.506    Clk_IBUF
    BUFGCTRL_X0Y16       BUFG (Prop_bufg_I_O)         0.096     3.602 r  Clk_IBUF_BUFG_inst/O
                         net (fo=3578, routed)        1.612     5.214    cpu/decode_instance/reg_file/Clk_IBUF_BUFG
    SLICE_X43Y134        FDRE                                         r  cpu/decode_instance/reg_file/mem_reg[2][3]/C
  -------------------------------------------------------------------    -------------------
    SLICE_X43Y134        FDRE (Prop_fdre_C_Q)         0.419     5.633 f  cpu/decode_instance/reg_file/mem_reg[2][3]/Q
                         net (fo=3, routed)           2.395     8.029    cpu/decode_instance/reg_file/NumberB[3]
    SLICE_X36Y131        LUT6 (Prop_lut6_I5_O)        0.297     8.326 f  cpu/decode_instance/reg_file/out7_OBUF[6]_inst_i_7/O
                         net (fo=1, routed)           0.000     8.326    cpu/decode_instance/reg_file/out7_OBUF[6]_inst_i_7_n_0
    SLICE_X36Y131        MUXF7 (Prop_muxf7_I1_O)      0.217     8.543 f  cpu/decode_instance/reg_file/out7_OBUF[6]_inst_i_2/O
                         net (fo=7, routed)           1.016     9.559    cpu/decode_instance/reg_file/uut/in4__27[3]
    SLICE_X31Y127        LUT4 (Prop_lut4_I0_O)        0.299     9.858 r  cpu/decode_instance/reg_file/out7_OBUF[2]_inst_i_1/O
                         net (fo=1, routed)           4.082    13.940    out7_OBUF[2]
    P15                  OBUF (Prop_obuf_I_O)         3.534    17.473 r  out7_OBUF[2]_inst/O
                         net (fo=0)                   0.000    17.473    out7[2]
    P15                                                               r  out7[2] (OUT)
  -------------------------------------------------------------------    -------------------

Slack:                    inf
  Source:                 cpu/decode_instance/reg_file/mem_reg[2][3]/C
                            (rising edge-triggered cell FDRE clocked by Clk  {rise@0.000ns fall@1.700ns period=3.400ns})
  Destination:            out7[0]
                            (output port)
  Path Group:             (none)
  Path Type:              Max at Slow Process Corner
  Data Path Delay:        11.738ns  (logic 4.769ns (40.633%)  route 6.968ns (59.367%))
  Logic Levels:           4  (LUT4=1 LUT6=1 MUXF7=1 OBUF=1)
  Clock Uncertainty:      0.025ns  ((TSJ^2 + TIJ^2)^1/2 + DJ) / 2 + PE
    Total System Jitter     (TSJ):    0.050ns
    Total Input Jitter      (TIJ):    0.000ns
    Discrete Jitter          (DJ):    0.000ns
    Phase Error              (PE):    0.000ns

    Location             Delay type                Incr(ns)  Path(ns)    Netlist Resource(s)
  -------------------------------------------------------------------    -------------------
                         (clock Clk rise edge)        0.000     0.000 r  
    E3                                                0.000     0.000 r  Clk (IN)
                         net (fo=0)                   0.000     0.000    Clk
    E3                   IBUF (Prop_ibuf_I_O)         1.482     1.482 r  Clk_IBUF_inst/O
                         net (fo=1, routed)           2.025     3.506    Clk_IBUF
    BUFGCTRL_X0Y16       BUFG (Prop_bufg_I_O)         0.096     3.602 r  Clk_IBUF_BUFG_inst/O
                         net (fo=3578, routed)        1.612     5.214    cpu/decode_instance/reg_file/Clk_IBUF_BUFG
    SLICE_X43Y134        FDRE                                         r  cpu/decode_instance/reg_file/mem_reg[2][3]/C
  -------------------------------------------------------------------    -------------------
    SLICE_X43Y134        FDRE (Prop_fdre_C_Q)         0.419     5.633 r  cpu/decode_instance/reg_file/mem_reg[2][3]/Q
                         net (fo=3, routed)           2.395     8.029    cpu/decode_instance/reg_file/NumberB[3]
    SLICE_X36Y131        LUT6 (Prop_lut6_I5_O)        0.297     8.326 r  cpu/decode_instance/reg_file/out7_OBUF[6]_inst_i_7/O
                         net (fo=1, routed)           0.000     8.326    cpu/decode_instance/reg_file/out7_OBUF[6]_inst_i_7_n_0
    SLICE_X36Y131        MUXF7 (Prop_muxf7_I1_O)      0.217     8.543 r  cpu/decode_instance/reg_file/out7_OBUF[6]_inst_i_2/O
                         net (fo=7, routed)           1.016     9.559    cpu/decode_instance/reg_file/uut/in4__27[3]
    SLICE_X31Y127        LUT4 (Prop_lut4_I0_O)        0.299     9.858 r  cpu/decode_instance/reg_file/out7_OBUF[0]_inst_i_1/O
                         net (fo=1, routed)           3.557    13.415    out7_OBUF[0]
    L18                  OBUF (Prop_obuf_I_O)         3.537    16.952 r  out7_OBUF[0]_inst/O
                         net (fo=0)                   0.000    16.952    out7[0]
    L18                                                               r  out7[0] (OUT)
  -------------------------------------------------------------------    -------------------

Slack:                    inf
  Source:                 cpu/decode_instance/reg_file/mem_reg[2][3]/C
                            (rising edge-triggered cell FDRE clocked by Clk  {rise@0.000ns fall@1.700ns period=3.400ns})
  Destination:            out7[4]
                            (output port)
  Path Group:             (none)
  Path Type:              Max at Slow Process Corner
  Data Path Delay:        11.727ns  (logic 4.958ns (42.280%)  route 6.769ns (57.720%))
  Logic Levels:           4  (LUT4=1 LUT6=1 MUXF7=1 OBUF=1)
  Clock Uncertainty:      0.025ns  ((TSJ^2 + TIJ^2)^1/2 + DJ) / 2 + PE
    Total System Jitter     (TSJ):    0.050ns
    Total Input Jitter      (TIJ):    0.000ns
    Discrete Jitter          (DJ):    0.000ns
    Phase Error              (PE):    0.000ns

    Location             Delay type                Incr(ns)  Path(ns)    Netlist Resource(s)
  -------------------------------------------------------------------    -------------------
                         (clock Clk rise edge)        0.000     0.000 r  
    E3                                                0.000     0.000 r  Clk (IN)
                         net (fo=0)                   0.000     0.000    Clk
    E3                   IBUF (Prop_ibuf_I_O)         1.482     1.482 r  Clk_IBUF_inst/O
                         net (fo=1, routed)           2.025     3.506    Clk_IBUF
    BUFGCTRL_X0Y16       BUFG (Prop_bufg_I_O)         0.096     3.602 r  Clk_IBUF_BUFG_inst/O
                         net (fo=3578, routed)        1.612     5.214    cpu/decode_instance/reg_file/Clk_IBUF_BUFG
    SLICE_X43Y134        FDRE                                         r  cpu/decode_instance/reg_file/mem_reg[2][3]/C
  -------------------------------------------------------------------    -------------------
    SLICE_X43Y134        FDRE (Prop_fdre_C_Q)         0.419     5.633 r  cpu/decode_instance/reg_file/mem_reg[2][3]/Q
                         net (fo=3, routed)           2.395     8.029    cpu/decode_instance/reg_file/NumberB[3]
    SLICE_X36Y131        LUT6 (Prop_lut6_I5_O)        0.297     8.326 r  cpu/decode_instance/reg_file/out7_OBUF[6]_inst_i_7/O
                         net (fo=1, routed)           0.000     8.326    cpu/decode_instance/reg_file/out7_OBUF[6]_inst_i_7_n_0
    SLICE_X36Y131        MUXF7 (Prop_muxf7_I1_O)      0.217     8.543 r  cpu/decode_instance/reg_file/out7_OBUF[6]_inst_i_2/O
                         net (fo=7, routed)           1.016     9.559    cpu/decode_instance/reg_file/uut/in4__27[3]
    SLICE_X31Y127        LUT4 (Prop_lut4_I0_O)        0.329     9.888 r  cpu/decode_instance/reg_file/out7_OBUF[4]_inst_i_1/O
                         net (fo=1, routed)           3.357    13.245    out7_OBUF[4]
    K16                  OBUF (Prop_obuf_I_O)         3.696    16.941 r  out7_OBUF[4]_inst/O
                         net (fo=0)                   0.000    16.941    out7[4]
    K16                                                               r  out7[4] (OUT)
  -------------------------------------------------------------------    -------------------

Slack:                    inf
  Source:                 cpu/decode_instance/reg_file/mem_reg[2][3]/C
                            (rising edge-triggered cell FDRE clocked by Clk  {rise@0.000ns fall@1.700ns period=3.400ns})
  Destination:            out7[3]
                            (output port)
  Path Group:             (none)
  Path Type:              Max at Slow Process Corner
  Data Path Delay:        11.108ns  (logic 5.018ns (45.176%)  route 6.090ns (54.824%))
  Logic Levels:           4  (LUT4=1 LUT6=1 MUXF7=1 OBUF=1)
  Clock Uncertainty:      0.025ns  ((TSJ^2 + TIJ^2)^1/2 + DJ) / 2 + PE
    Total System Jitter     (TSJ):    0.050ns
    Total Input Jitter      (TIJ):    0.000ns
    Discrete Jitter          (DJ):    0.000ns
    Phase Error              (PE):    0.000ns

    Location             Delay type                Incr(ns)  Path(ns)    Netlist Resource(s)
  -------------------------------------------------------------------    -------------------
                         (clock Clk rise edge)        0.000     0.000 r  
    E3                                                0.000     0.000 r  Clk (IN)
                         net (fo=0)                   0.000     0.000    Clk
    E3                   IBUF (Prop_ibuf_I_O)         1.482     1.482 r  Clk_IBUF_inst/O
                         net (fo=1, routed)           2.025     3.506    Clk_IBUF
    BUFGCTRL_X0Y16       BUFG (Prop_bufg_I_O)         0.096     3.602 r  Clk_IBUF_BUFG_inst/O
                         net (fo=3578, routed)        1.612     5.214    cpu/decode_instance/reg_file/Clk_IBUF_BUFG
    SLICE_X43Y134        FDRE                                         r  cpu/decode_instance/reg_file/mem_reg[2][3]/C
  -------------------------------------------------------------------    -------------------
    SLICE_X43Y134        FDRE (Prop_fdre_C_Q)         0.419     5.633 r  cpu/decode_instance/reg_file/mem_reg[2][3]/Q
                         net (fo=3, routed)           2.395     8.029    cpu/decode_instance/reg_file/NumberB[3]
    SLICE_X36Y131        LUT6 (Prop_lut6_I5_O)        0.297     8.326 r  cpu/decode_instance/reg_file/out7_OBUF[6]_inst_i_7/O
                         net (fo=1, routed)           0.000     8.326    cpu/decode_instance/reg_file/out7_OBUF[6]_inst_i_7_n_0
    SLICE_X36Y131        MUXF7 (Prop_muxf7_I1_O)      0.217     8.543 r  cpu/decode_instance/reg_file/out7_OBUF[6]_inst_i_2/O
                         net (fo=7, routed)           1.015     9.558    cpu/decode_instance/reg_file/uut/in4__27[3]
    SLICE_X31Y127        LUT4 (Prop_lut4_I0_O)        0.327     9.885 r  cpu/decode_instance/reg_file/out7_OBUF[3]_inst_i_1/O
                         net (fo=1, routed)           2.680    12.564    out7_OBUF[3]
    K13                  OBUF (Prop_obuf_I_O)         3.758    16.323 r  out7_OBUF[3]_inst/O
                         net (fo=0)                   0.000    16.323    out7[3]
    K13                                                               r  out7[3] (OUT)
  -------------------------------------------------------------------    -------------------

Slack:                    inf
  Source:                 cpu/fetch_instance/InstrMemAccess_inst/memParse/instrOut_reg[16]/C
                            (rising edge-triggered cell FDRE clocked by Clk  {rise@0.000ns fall@1.700ns period=3.400ns})
  Destination:            cpu/decode_instance/reg_file/ReadData2_reg[20]/D
  Path Group:             (none)
  Path Type:              Max at Slow Process Corner
  Data Path Delay:        8.454ns  (logic 1.181ns (13.970%)  route 7.273ns (86.030%))
  Logic Levels:           3  (LUT6=2 MUXF7=1)
  Clock Uncertainty:      0.025ns  ((TSJ^2 + TIJ^2)^1/2 + DJ) / 2 + PE
    Total System Jitter     (TSJ):    0.050ns
    Total Input Jitter      (TIJ):    0.000ns
    Discrete Jitter          (DJ):    0.000ns
    Phase Error              (PE):    0.000ns

    Location             Delay type                Incr(ns)  Path(ns)    Netlist Resource(s)
  -------------------------------------------------------------------    -------------------
                         (clock Clk rise edge)        0.000     0.000 r  
    E3                                                0.000     0.000 r  Clk (IN)
                         net (fo=0)                   0.000     0.000    Clk
    E3                   IBUF (Prop_ibuf_I_O)         1.482     1.482 r  Clk_IBUF_inst/O
                         net (fo=1, routed)           2.025     3.506    Clk_IBUF
    BUFGCTRL_X0Y16       BUFG (Prop_bufg_I_O)         0.096     3.602 r  Clk_IBUF_BUFG_inst/O
                         net (fo=3578, routed)        1.612     5.214    cpu/fetch_instance/InstrMemAccess_inst/memParse/Clk_IBUF_BUFG
    SLICE_X12Y126        FDRE                                         r  cpu/fetch_instance/InstrMemAccess_inst/memParse/instrOut_reg[16]/C
  -------------------------------------------------------------------    -------------------
    SLICE_X12Y126        FDRE (Prop_fdre_C_Q)         0.518     5.732 r  cpu/fetch_instance/InstrMemAccess_inst/memParse/instrOut_reg[16]/Q
                         net (fo=129, routed)         5.172    10.904    cpu/decode_instance/reg_file/DataIn25_21_reg[31][0]
    SLICE_X34Y137        LUT6 (Prop_lut6_I4_O)        0.124    11.028 r  cpu/decode_instance/reg_file/ReadData2_reg[20]_i_8/O
                         net (fo=1, routed)           0.000    11.028    cpu/decode_instance/reg_file/ReadData2_reg[20]_i_8_n_0
    SLICE_X34Y137        MUXF7 (Prop_muxf7_I0_O)      0.241    11.269 r  cpu/decode_instance/reg_file/ReadData2_reg[20]_i_3/O
                         net (fo=1, routed)           1.169    12.437    cpu/decode_instance/reg_file/ReadData2_reg[20]_i_3_n_0
    SLICE_X47Y136        LUT6 (Prop_lut6_I1_O)        0.298    12.735 r  cpu/decode_instance/reg_file/ReadData2_reg[20]_i_1/O
                         net (fo=1, routed)           0.932    13.668    cpu/decode_instance/reg_file/ReadData2_reg[20]_i_1_n_0
    SLICE_X49Y126        LDCE                                         r  cpu/decode_instance/reg_file/ReadData2_reg[20]/D
  -------------------------------------------------------------------    -------------------

Slack:                    inf
  Source:                 cpu/fetch_instance/InstrMemAccess_inst/memParse/instrOut_reg[16]/C
                            (rising edge-triggered cell FDRE clocked by Clk  {rise@0.000ns fall@1.700ns period=3.400ns})
  Destination:            cpu/decode_instance/reg_file/ReadData2_reg[29]/D
  Path Group:             (none)
  Path Type:              Max at Slow Process Corner
  Data Path Delay:        8.065ns  (logic 1.178ns (14.605%)  route 6.887ns (85.395%))
  Logic Levels:           3  (LUT6=2 MUXF7=1)
  Clock Uncertainty:      0.025ns  ((TSJ^2 + TIJ^2)^1/2 + DJ) / 2 + PE
    Total System Jitter     (TSJ):    0.050ns
    Total Input Jitter      (TIJ):    0.000ns
    Discrete Jitter          (DJ):    0.000ns
    Phase Error              (PE):    0.000ns

    Location             Delay type                Incr(ns)  Path(ns)    Netlist Resource(s)
  -------------------------------------------------------------------    -------------------
                         (clock Clk rise edge)        0.000     0.000 r  
    E3                                                0.000     0.000 r  Clk (IN)
                         net (fo=0)                   0.000     0.000    Clk
    E3                   IBUF (Prop_ibuf_I_O)         1.482     1.482 r  Clk_IBUF_inst/O
                         net (fo=1, routed)           2.025     3.506    Clk_IBUF
    BUFGCTRL_X0Y16       BUFG (Prop_bufg_I_O)         0.096     3.602 r  Clk_IBUF_BUFG_inst/O
                         net (fo=3578, routed)        1.612     5.214    cpu/fetch_instance/InstrMemAccess_inst/memParse/Clk_IBUF_BUFG
    SLICE_X12Y126        FDRE                                         r  cpu/fetch_instance/InstrMemAccess_inst/memParse/instrOut_reg[16]/C
  -------------------------------------------------------------------    -------------------
    SLICE_X12Y126        FDRE (Prop_fdre_C_Q)         0.518     5.732 r  cpu/fetch_instance/InstrMemAccess_inst/memParse/instrOut_reg[16]/Q
                         net (fo=129, routed)         4.749    10.481    cpu/decode_instance/reg_file/DataIn25_21_reg[31][0]
    SLICE_X36Y141        LUT6 (Prop_lut6_I4_O)        0.124    10.605 r  cpu/decode_instance/reg_file/ReadData2_reg[29]_i_8/O
                         net (fo=1, routed)           0.000    10.605    cpu/decode_instance/reg_file/ReadData2_reg[29]_i_8_n_0
    SLICE_X36Y141        MUXF7 (Prop_muxf7_I0_O)      0.238    10.843 r  cpu/decode_instance/reg_file/ReadData2_reg[29]_i_3/O
                         net (fo=1, routed)           1.165    12.008    cpu/decode_instance/reg_file/ReadData2_reg[29]_i_3_n_0
    SLICE_X44Y136        LUT6 (Prop_lut6_I1_O)        0.298    12.306 r  cpu/decode_instance/reg_file/ReadData2_reg[29]_i_1/O
                         net (fo=1, routed)           0.973    13.280    cpu/decode_instance/reg_file/ReadData2_reg[29]_i_1_n_0
    SLICE_X48Y126        LDCE                                         r  cpu/decode_instance/reg_file/ReadData2_reg[29]/D
  -------------------------------------------------------------------    -------------------

Slack:                    inf
  Source:                 cpu/fetch_instance/InstrMemAccess_inst/memParse/instrOut_reg[22]/C
                            (rising edge-triggered cell FDRE clocked by Clk  {rise@0.000ns fall@1.700ns period=3.400ns})
  Destination:            cpu/decode_instance/reg_file/ReadData1_reg[31]/D
  Path Group:             (none)
  Path Type:              Max at Slow Process Corner
  Data Path Delay:        8.003ns  (logic 1.158ns (14.470%)  route 6.845ns (85.530%))
  Logic Levels:           3  (LUT6=2 MUXF7=1)
  Clock Uncertainty:      0.025ns  ((TSJ^2 + TIJ^2)^1/2 + DJ) / 2 + PE
    Total System Jitter     (TSJ):    0.050ns
    Total Input Jitter      (TIJ):    0.000ns
    Discrete Jitter          (DJ):    0.000ns
    Phase Error              (PE):    0.000ns

    Location             Delay type                Incr(ns)  Path(ns)    Netlist Resource(s)
  -------------------------------------------------------------------    -------------------
                         (clock Clk rise edge)        0.000     0.000 r  
    E3                                                0.000     0.000 r  Clk (IN)
                         net (fo=0)                   0.000     0.000    Clk
    E3                   IBUF (Prop_ibuf_I_O)         1.482     1.482 r  Clk_IBUF_inst/O
                         net (fo=1, routed)           2.025     3.506    Clk_IBUF
    BUFGCTRL_X0Y16       BUFG (Prop_bufg_I_O)         0.096     3.602 r  Clk_IBUF_BUFG_inst/O
                         net (fo=3578, routed)        1.613     5.215    cpu/fetch_instance/InstrMemAccess_inst/memParse/Clk_IBUF_BUFG
    SLICE_X10Y126        FDRE                                         r  cpu/fetch_instance/InstrMemAccess_inst/memParse/instrOut_reg[22]/C
  -------------------------------------------------------------------    -------------------
    SLICE_X10Y126        FDRE (Prop_fdre_C_Q)         0.518     5.733 r  cpu/fetch_instance/InstrMemAccess_inst/memParse/instrOut_reg[22]/Q
                         net (fo=128, routed)         4.943    10.676    cpu/decode_instance/reg_file/DataIn25_21_reg[31][6]
    SLICE_X37Y132        LUT6 (Prop_lut6_I2_O)        0.124    10.800 r  cpu/decode_instance/reg_file/ReadData1_reg[31]_i_9/O
                         net (fo=1, routed)           0.000    10.800    cpu/decode_instance/reg_file/ReadData1_reg[31]_i_9_n_0
    SLICE_X37Y132        MUXF7 (Prop_muxf7_I1_O)      0.217    11.017 r  cpu/decode_instance/reg_file/ReadData1_reg[31]_i_3/O
                         net (fo=1, routed)           1.164    12.181    cpu/decode_instance/reg_file/ReadData1_reg[31]_i_3_n_0
    SLICE_X38Y138        LUT6 (Prop_lut6_I0_O)        0.299    12.480 r  cpu/decode_instance/reg_file/ReadData1_reg[31]_i_1/O
                         net (fo=1, routed)           0.738    13.218    cpu/decode_instance/reg_file/mem[31]
    SLICE_X44Y127        LDCE                                         r  cpu/decode_instance/reg_file/ReadData1_reg[31]/D
  -------------------------------------------------------------------    -------------------





Min Delay Paths
--------------------------------------------------------------------------------------
Slack:                    inf
  Source:                 cpu/fetch_instance/InstrMemAccess_inst/memParse/instrOut_reg[0]/C
                            (rising edge-triggered cell FDRE clocked by Clk  {rise@0.000ns fall@1.700ns period=3.400ns})
  Destination:            cpu/decode_instance/mux_ctrl/Inverted_reg/D
  Path Group:             (none)
  Path Type:              Min at Fast Process Corner
  Data Path Delay:        0.571ns  (logic 0.186ns (32.575%)  route 0.385ns (67.425%))
  Logic Levels:           1  (LUT6=1)
  Clock Uncertainty:      0.025ns  ((TSJ^2 + TIJ^2)^1/2 + DJ) / 2 + PE
    Total System Jitter     (TSJ):    0.050ns
    Total Input Jitter      (TIJ):    0.000ns
    Discrete Jitter          (DJ):    0.000ns
    Phase Error              (PE):    0.000ns

    Location             Delay type                Incr(ns)  Path(ns)    Netlist Resource(s)
  -------------------------------------------------------------------    -------------------
                         (clock Clk rise edge)        0.000     0.000 r  
    E3                                                0.000     0.000 r  Clk (IN)
                         net (fo=0)                   0.000     0.000    Clk
    E3                   IBUF (Prop_ibuf_I_O)         0.250     0.250 r  Clk_IBUF_inst/O
                         net (fo=1, routed)           0.644     0.894    Clk_IBUF
    BUFGCTRL_X0Y16       BUFG (Prop_bufg_I_O)         0.026     0.920 r  Clk_IBUF_BUFG_inst/O
                         net (fo=3578, routed)        0.552     1.471    cpu/fetch_instance/InstrMemAccess_inst/memParse/Clk_IBUF_BUFG
    SLICE_X33Y124        FDRE                                         r  cpu/fetch_instance/InstrMemAccess_inst/memParse/instrOut_reg[0]/C
  -------------------------------------------------------------------    -------------------
    SLICE_X33Y124        FDRE (Prop_fdre_C_Q)         0.141     1.612 r  cpu/fetch_instance/InstrMemAccess_inst/memParse/instrOut_reg[0]/Q
                         net (fo=5, routed)           0.385     1.997    cpu/fetch_instance/InstrMemAccess_inst/memParse/instrOut_reg[31]_0[0]
    SLICE_X42Y123        LUT6 (Prop_lut6_I4_O)        0.045     2.042 r  cpu/fetch_instance/InstrMemAccess_inst/memParse/Inverted_reg_i_1/O
                         net (fo=1, routed)           0.000     2.042    cpu/decode_instance/mux_ctrl/Inverted_reg_0
    SLICE_X42Y123        LDCE                                         r  cpu/decode_instance/mux_ctrl/Inverted_reg/D
  -------------------------------------------------------------------    -------------------

Slack:                    inf
  Source:                 cpu/fetch_instance/InstrMemAccess_inst/memParse/instrOut_reg[20]/C
                            (rising edge-triggered cell FDRE clocked by Clk  {rise@0.000ns fall@1.700ns period=3.400ns})
  Destination:            cpu/decode_instance/reg_file/ReadData2_reg[4]/D
  Path Group:             (none)
  Path Type:              Min at Fast Process Corner
  Data Path Delay:        0.628ns  (logic 0.186ns (29.626%)  route 0.442ns (70.374%))
  Logic Levels:           1  (LUT6=1)
  Clock Uncertainty:      0.025ns  ((TSJ^2 + TIJ^2)^1/2 + DJ) / 2 + PE
    Total System Jitter     (TSJ):    0.050ns
    Total Input Jitter      (TIJ):    0.000ns
    Discrete Jitter          (DJ):    0.000ns
    Phase Error              (PE):    0.000ns

    Location             Delay type                Incr(ns)  Path(ns)    Netlist Resource(s)
  -------------------------------------------------------------------    -------------------
                         (clock Clk rise edge)        0.000     0.000 r  
    E3                                                0.000     0.000 r  Clk (IN)
                         net (fo=0)                   0.000     0.000    Clk
    E3                   IBUF (Prop_ibuf_I_O)         0.250     0.250 r  Clk_IBUF_inst/O
                         net (fo=1, routed)           0.644     0.894    Clk_IBUF
    BUFGCTRL_X0Y16       BUFG (Prop_bufg_I_O)         0.026     0.920 r  Clk_IBUF_BUFG_inst/O
                         net (fo=3578, routed)        0.552     1.471    cpu/fetch_instance/InstrMemAccess_inst/memParse/Clk_IBUF_BUFG
    SLICE_X31Y125        FDRE                                         r  cpu/fetch_instance/InstrMemAccess_inst/memParse/instrOut_reg[20]/C
  -------------------------------------------------------------------    -------------------
    SLICE_X31Y125        FDRE (Prop_fdre_C_Q)         0.141     1.612 r  cpu/fetch_instance/InstrMemAccess_inst/memParse/instrOut_reg[20]/Q
                         net (fo=34, routed)          0.280     1.892    cpu/decode_instance/reg_file/DataIn25_21_reg[31][4]
    SLICE_X39Y128        LUT6 (Prop_lut6_I2_O)        0.045     1.937 r  cpu/decode_instance/reg_file/ReadData2_reg[4]_i_1/O
                         net (fo=1, routed)           0.162     2.099    cpu/decode_instance/reg_file/ReadData2_reg[4]_i_1_n_0
    SLICE_X40Y125        LDCE                                         r  cpu/decode_instance/reg_file/ReadData2_reg[4]/D
  -------------------------------------------------------------------    -------------------

Slack:                    inf
  Source:                 cpu/fetch_instance/InstrMemAccess_inst/memParse/instrOut_reg[25]/C
                            (rising edge-triggered cell FDRE clocked by Clk  {rise@0.000ns fall@1.700ns period=3.400ns})
  Destination:            cpu/decode_instance/reg_file/ReadData1_reg[4]/D
  Path Group:             (none)
  Path Type:              Min at Fast Process Corner
  Data Path Delay:        0.636ns  (logic 0.209ns (32.854%)  route 0.427ns (67.146%))
  Logic Levels:           1  (LUT6=1)
  Clock Uncertainty:      0.025ns  ((TSJ^2 + TIJ^2)^1/2 + DJ) / 2 + PE
    Total System Jitter     (TSJ):    0.050ns
    Total Input Jitter      (TIJ):    0.000ns
    Discrete Jitter          (DJ):    0.000ns
    Phase Error              (PE):    0.000ns

    Location             Delay type                Incr(ns)  Path(ns)    Netlist Resource(s)
  -------------------------------------------------------------------    -------------------
                         (clock Clk rise edge)        0.000     0.000 r  
    E3                                                0.000     0.000 r  Clk (IN)
                         net (fo=0)                   0.000     0.000    Clk
    E3                   IBUF (Prop_ibuf_I_O)         0.250     0.250 r  Clk_IBUF_inst/O
                         net (fo=1, routed)           0.644     0.894    Clk_IBUF
    BUFGCTRL_X0Y16       BUFG (Prop_bufg_I_O)         0.026     0.920 r  Clk_IBUF_BUFG_inst/O
                         net (fo=3578, routed)        0.555     1.474    cpu/fetch_instance/InstrMemAccess_inst/memParse/Clk_IBUF_BUFG
    SLICE_X30Y127        FDRE                                         r  cpu/fetch_instance/InstrMemAccess_inst/memParse/instrOut_reg[25]/C
  -------------------------------------------------------------------    -------------------
    SLICE_X30Y127        FDRE (Prop_fdre_C_Q)         0.164     1.638 r  cpu/fetch_instance/InstrMemAccess_inst/memParse/instrOut_reg[25]/Q
                         net (fo=32, routed)          0.268     1.906    cpu/decode_instance/reg_file/DataIn25_21_reg[31][9]
    SLICE_X39Y128        LUT6 (Prop_lut6_I2_O)        0.045     1.951 r  cpu/decode_instance/reg_file/ReadData1_reg[4]_i_1/O
                         net (fo=1, routed)           0.160     2.111    cpu/decode_instance/reg_file/mem[4]
    SLICE_X40Y125        LDCE                                         r  cpu/decode_instance/reg_file/ReadData1_reg[4]/D
  -------------------------------------------------------------------    -------------------

Slack:                    inf
  Source:                 cpu/fetch_instance/InstrMemAccess_inst/memParse/instrOut_reg[19]/C
                            (rising edge-triggered cell FDRE clocked by Clk  {rise@0.000ns fall@1.700ns period=3.400ns})
  Destination:            cpu/decode_instance/reg_file/ReadData2_reg[5]/D
  Path Group:             (none)
  Path Type:              Min at Fast Process Corner
  Data Path Delay:        0.639ns  (logic 0.186ns (29.092%)  route 0.453ns (70.908%))
  Logic Levels:           1  (LUT6=1)
  Clock Uncertainty:      0.025ns  ((TSJ^2 + TIJ^2)^1/2 + DJ) / 2 + PE
    Total System Jitter     (TSJ):    0.050ns
    Total Input Jitter      (TIJ):    0.000ns
    Discrete Jitter          (DJ):    0.000ns
    Phase Error              (PE):    0.000ns

    Location             Delay type                Incr(ns)  Path(ns)    Netlist Resource(s)
  -------------------------------------------------------------------    -------------------
                         (clock Clk rise edge)        0.000     0.000 r  
    E3                                                0.000     0.000 r  Clk (IN)
                         net (fo=0)                   0.000     0.000    Clk
    E3                   IBUF (Prop_ibuf_I_O)         0.250     0.250 r  Clk_IBUF_inst/O
                         net (fo=1, routed)           0.644     0.894    Clk_IBUF
    BUFGCTRL_X0Y16       BUFG (Prop_bufg_I_O)         0.026     0.920 r  Clk_IBUF_BUFG_inst/O
                         net (fo=3578, routed)        0.553     1.472    cpu/fetch_instance/InstrMemAccess_inst/memParse/Clk_IBUF_BUFG
    SLICE_X32Y126        FDRE                                         r  cpu/fetch_instance/InstrMemAccess_inst/memParse/instrOut_reg[19]/C
  -------------------------------------------------------------------    -------------------
    SLICE_X32Y126        FDRE (Prop_fdre_C_Q)         0.141     1.613 r  cpu/fetch_instance/InstrMemAccess_inst/memParse/instrOut_reg[19]/Q
                         net (fo=34, routed)          0.278     1.891    cpu/decode_instance/reg_file/DataIn25_21_reg[31][3]
    SLICE_X34Y129        LUT6 (Prop_lut6_I4_O)        0.045     1.936 r  cpu/decode_instance/reg_file/ReadData2_reg[5]_i_1/O
                         net (fo=1, routed)           0.175     2.112    cpu/decode_instance/reg_file/ReadData2_reg[5]_i_1_n_0
    SLICE_X34Y127        LDCE                                         r  cpu/decode_instance/reg_file/ReadData2_reg[5]/D
  -------------------------------------------------------------------    -------------------

Slack:                    inf
  Source:                 cpu/fetch_instance/InstrMemAccess_inst/memParse/instrOut_reg[24]/C
                            (rising edge-triggered cell FDRE clocked by Clk  {rise@0.000ns fall@1.700ns period=3.400ns})
  Destination:            cpu/decode_instance/reg_file/ReadData1_reg[19]/D
  Path Group:             (none)
  Path Type:              Min at Fast Process Corner
  Data Path Delay:        0.642ns  (logic 0.186ns (28.963%)  route 0.456ns (71.037%))
  Logic Levels:           1  (LUT6=1)
  Clock Uncertainty:      0.025ns  ((TSJ^2 + TIJ^2)^1/2 + DJ) / 2 + PE
    Total System Jitter     (TSJ):    0.050ns
    Total Input Jitter      (TIJ):    0.000ns
    Discrete Jitter          (DJ):    0.000ns
    Phase Error              (PE):    0.000ns

    Location             Delay type                Incr(ns)  Path(ns)    Netlist Resource(s)
  -------------------------------------------------------------------    -------------------
                         (clock Clk rise edge)        0.000     0.000 r  
    E3                                                0.000     0.000 r  Clk (IN)
                         net (fo=0)                   0.000     0.000    Clk
    E3                   IBUF (Prop_ibuf_I_O)         0.250     0.250 r  Clk_IBUF_inst/O
                         net (fo=1, routed)           0.644     0.894    Clk_IBUF
    BUFGCTRL_X0Y16       BUFG (Prop_bufg_I_O)         0.026     0.920 r  Clk_IBUF_BUFG_inst/O
                         net (fo=3578, routed)        0.555     1.474    cpu/fetch_instance/InstrMemAccess_inst/memParse/Clk_IBUF_BUFG
    SLICE_X32Y127        FDRE                                         r  cpu/fetch_instance/InstrMemAccess_inst/memParse/instrOut_reg[24]/C
  -------------------------------------------------------------------    -------------------
    SLICE_X32Y127        FDRE (Prop_fdre_C_Q)         0.141     1.615 r  cpu/fetch_instance/InstrMemAccess_inst/memParse/instrOut_reg[24]/Q
                         net (fo=32, routed)          0.341     1.956    cpu/decode_instance/reg_file/DataIn25_21_reg[31][8]
    SLICE_X45Y129        LUT6 (Prop_lut6_I4_O)        0.045     2.001 r  cpu/decode_instance/reg_file/ReadData1_reg[19]_i_1/O
                         net (fo=1, routed)           0.115     2.117    cpu/decode_instance/reg_file/mem[19]
    SLICE_X45Y127        LDCE                                         r  cpu/decode_instance/reg_file/ReadData1_reg[19]/D
  -------------------------------------------------------------------    -------------------

Slack:                    inf
  Source:                 cpu/fetch_instance/InstrMemAccess_inst/memParse/instrOut_reg[25]/C
                            (rising edge-triggered cell FDRE clocked by Clk  {rise@0.000ns fall@1.700ns period=3.400ns})
  Destination:            cpu/decode_instance/reg_file/ReadData1_reg[15]/D
  Path Group:             (none)
  Path Type:              Min at Fast Process Corner
  Data Path Delay:        0.679ns  (logic 0.209ns (30.799%)  route 0.470ns (69.201%))
  Logic Levels:           1  (LUT6=1)
  Clock Uncertainty:      0.025ns  ((TSJ^2 + TIJ^2)^1/2 + DJ) / 2 + PE
    Total System Jitter     (TSJ):    0.050ns
    Total Input Jitter      (TIJ):    0.000ns
    Discrete Jitter          (DJ):    0.000ns
    Phase Error              (PE):    0.000ns

    Location             Delay type                Incr(ns)  Path(ns)    Netlist Resource(s)
  -------------------------------------------------------------------    -------------------
                         (clock Clk rise edge)        0.000     0.000 r  
    E3                                                0.000     0.000 r  Clk (IN)
                         net (fo=0)                   0.000     0.000    Clk
    E3                   IBUF (Prop_ibuf_I_O)         0.250     0.250 r  Clk_IBUF_inst/O
                         net (fo=1, routed)           0.644     0.894    Clk_IBUF
    BUFGCTRL_X0Y16       BUFG (Prop_bufg_I_O)         0.026     0.920 r  Clk_IBUF_BUFG_inst/O
                         net (fo=3578, routed)        0.555     1.474    cpu/fetch_instance/InstrMemAccess_inst/memParse/Clk_IBUF_BUFG
    SLICE_X30Y127        FDRE                                         r  cpu/fetch_instance/InstrMemAccess_inst/memParse/instrOut_reg[25]/C
  -------------------------------------------------------------------    -------------------
    SLICE_X30Y127        FDRE (Prop_fdre_C_Q)         0.164     1.638 r  cpu/fetch_instance/InstrMemAccess_inst/memParse/instrOut_reg[25]/Q
                         net (fo=32, routed)          0.280     1.919    cpu/decode_instance/reg_file/DataIn25_21_reg[31][9]
    SLICE_X35Y129        LUT6 (Prop_lut6_I2_O)        0.045     1.964 r  cpu/decode_instance/reg_file/ReadData1_reg[15]_i_1/O
                         net (fo=1, routed)           0.189     2.153    cpu/decode_instance/reg_file/mem[15]
    SLICE_X40Y125        LDCE                                         r  cpu/decode_instance/reg_file/ReadData1_reg[15]/D
  -------------------------------------------------------------------    -------------------

Slack:                    inf
  Source:                 cpu/fetch_instance/InstrMemAccess_inst/memParse/instrOut_reg[24]/C
                            (rising edge-triggered cell FDRE clocked by Clk  {rise@0.000ns fall@1.700ns period=3.400ns})
  Destination:            cpu/decode_instance/reg_file/ReadData1_reg[10]/D
  Path Group:             (none)
  Path Type:              Min at Fast Process Corner
  Data Path Delay:        0.683ns  (logic 0.186ns (27.227%)  route 0.497ns (72.773%))
  Logic Levels:           1  (LUT6=1)
  Clock Uncertainty:      0.025ns  ((TSJ^2 + TIJ^2)^1/2 + DJ) / 2 + PE
    Total System Jitter     (TSJ):    0.050ns
    Total Input Jitter      (TIJ):    0.000ns
    Discrete Jitter          (DJ):    0.000ns
    Phase Error              (PE):    0.000ns

    Location             Delay type                Incr(ns)  Path(ns)    Netlist Resource(s)
  -------------------------------------------------------------------    -------------------
                         (clock Clk rise edge)        0.000     0.000 r  
    E3                                                0.000     0.000 r  Clk (IN)
                         net (fo=0)                   0.000     0.000    Clk
    E3                   IBUF (Prop_ibuf_I_O)         0.250     0.250 r  Clk_IBUF_inst/O
                         net (fo=1, routed)           0.644     0.894    Clk_IBUF
    BUFGCTRL_X0Y16       BUFG (Prop_bufg_I_O)         0.026     0.920 r  Clk_IBUF_BUFG_inst/O
                         net (fo=3578, routed)        0.555     1.474    cpu/fetch_instance/InstrMemAccess_inst/memParse/Clk_IBUF_BUFG
    SLICE_X32Y127        FDRE                                         r  cpu/fetch_instance/InstrMemAccess_inst/memParse/instrOut_reg[24]/C
  -------------------------------------------------------------------    -------------------
    SLICE_X32Y127        FDRE (Prop_fdre_C_Q)         0.141     1.615 r  cpu/fetch_instance/InstrMemAccess_inst/memParse/instrOut_reg[24]/Q
                         net (fo=32, routed)          0.263     1.878    cpu/decode_instance/reg_file/DataIn25_21_reg[31][8]
    SLICE_X36Y128        LUT6 (Prop_lut6_I4_O)        0.045     1.923 r  cpu/decode_instance/reg_file/ReadData1_reg[10]_i_1/O
                         net (fo=1, routed)           0.234     2.158    cpu/decode_instance/reg_file/mem[10]
    SLICE_X36Y125        LDCE                                         r  cpu/decode_instance/reg_file/ReadData1_reg[10]/D
  -------------------------------------------------------------------    -------------------

Slack:                    inf
  Source:                 cpu/fetch_instance/InstrMemAccess_inst/memParse/instrOut_reg[25]/C
                            (rising edge-triggered cell FDRE clocked by Clk  {rise@0.000ns fall@1.700ns period=3.400ns})
  Destination:            cpu/decode_instance/reg_file/ReadData1_reg[5]/D
  Path Group:             (none)
  Path Type:              Min at Fast Process Corner
  Data Path Delay:        0.744ns  (logic 0.209ns (28.076%)  route 0.535ns (71.924%))
  Logic Levels:           1  (LUT6=1)
  Clock Uncertainty:      0.025ns  ((TSJ^2 + TIJ^2)^1/2 + DJ) / 2 + PE
    Total System Jitter     (TSJ):    0.050ns
    Total Input Jitter      (TIJ):    0.000ns
    Discrete Jitter          (DJ):    0.000ns
    Phase Error              (PE):    0.000ns

    Location             Delay type                Incr(ns)  Path(ns)    Netlist Resource(s)
  -------------------------------------------------------------------    -------------------
                         (clock Clk rise edge)        0.000     0.000 r  
    E3                                                0.000     0.000 r  Clk (IN)
                         net (fo=0)                   0.000     0.000    Clk
    E3                   IBUF (Prop_ibuf_I_O)         0.250     0.250 r  Clk_IBUF_inst/O
                         net (fo=1, routed)           0.644     0.894    Clk_IBUF
    BUFGCTRL_X0Y16       BUFG (Prop_bufg_I_O)         0.026     0.920 r  Clk_IBUF_BUFG_inst/O
                         net (fo=3578, routed)        0.555     1.474    cpu/fetch_instance/InstrMemAccess_inst/memParse/Clk_IBUF_BUFG
    SLICE_X30Y127        FDRE                                         r  cpu/fetch_instance/InstrMemAccess_inst/memParse/instrOut_reg[25]/C
  -------------------------------------------------------------------    -------------------
    SLICE_X30Y127        FDRE (Prop_fdre_C_Q)         0.164     1.638 r  cpu/fetch_instance/InstrMemAccess_inst/memParse/instrOut_reg[25]/Q
                         net (fo=32, routed)          0.360     1.999    cpu/decode_instance/reg_file/DataIn25_21_reg[31][9]
    SLICE_X34Y129        LUT6 (Prop_lut6_I2_O)        0.045     2.044 r  cpu/decode_instance/reg_file/ReadData1_reg[5]_i_1/O
                         net (fo=1, routed)           0.175     2.219    cpu/decode_instance/reg_file/mem[5]
    SLICE_X34Y127        LDCE                                         r  cpu/decode_instance/reg_file/ReadData1_reg[5]/D
  -------------------------------------------------------------------    -------------------

Slack:                    inf
  Source:                 cpu/fetch_instance/InstrMemAccess_inst/memParse/instrOut_reg[24]/C
                            (rising edge-triggered cell FDRE clocked by Clk  {rise@0.000ns fall@1.700ns period=3.400ns})
  Destination:            cpu/decode_instance/reg_file/ReadData1_reg[6]/D
  Path Group:             (none)
  Path Type:              Min at Fast Process Corner
  Data Path Delay:        0.753ns  (logic 0.186ns (24.707%)  route 0.567ns (75.293%))
  Logic Levels:           1  (LUT6=1)
  Clock Uncertainty:      0.025ns  ((TSJ^2 + TIJ^2)^1/2 + DJ) / 2 + PE
    Total System Jitter     (TSJ):    0.050ns
    Total Input Jitter      (TIJ):    0.000ns
    Discrete Jitter          (DJ):    0.000ns
    Phase Error              (PE):    0.000ns

    Location             Delay type                Incr(ns)  Path(ns)    Netlist Resource(s)
  -------------------------------------------------------------------    -------------------
                         (clock Clk rise edge)        0.000     0.000 r  
    E3                                                0.000     0.000 r  Clk (IN)
                         net (fo=0)                   0.000     0.000    Clk
    E3                   IBUF (Prop_ibuf_I_O)         0.250     0.250 r  Clk_IBUF_inst/O
                         net (fo=1, routed)           0.644     0.894    Clk_IBUF
    BUFGCTRL_X0Y16       BUFG (Prop_bufg_I_O)         0.026     0.920 r  Clk_IBUF_BUFG_inst/O
                         net (fo=3578, routed)        0.555     1.474    cpu/fetch_instance/InstrMemAccess_inst/memParse/Clk_IBUF_BUFG
    SLICE_X32Y127        FDRE                                         r  cpu/fetch_instance/InstrMemAccess_inst/memParse/instrOut_reg[24]/C
  -------------------------------------------------------------------    -------------------
    SLICE_X32Y127        FDRE (Prop_fdre_C_Q)         0.141     1.615 r  cpu/fetch_instance/InstrMemAccess_inst/memParse/instrOut_reg[24]/Q
                         net (fo=32, routed)          0.279     1.895    cpu/decode_instance/reg_file/DataIn25_21_reg[31][8]
    SLICE_X35Y129        LUT6 (Prop_lut6_I4_O)        0.045     1.940 r  cpu/decode_instance/reg_file/ReadData1_reg[6]_i_1/O
                         net (fo=1, routed)           0.287     2.227    cpu/decode_instance/reg_file/mem[6]
    SLICE_X35Y123        LDCE                                         r  cpu/decode_instance/reg_file/ReadData1_reg[6]/D
  -------------------------------------------------------------------    -------------------

Slack:                    inf
  Source:                 cpu/fetch_instance/InstrMemAccess_inst/memParse/instrOut_reg[25]/C
                            (rising edge-triggered cell FDRE clocked by Clk  {rise@0.000ns fall@1.700ns period=3.400ns})
  Destination:            cpu/decode_instance/reg_file/ReadData1_reg[13]/D
  Path Group:             (none)
  Path Type:              Min at Fast Process Corner
  Data Path Delay:        0.780ns  (logic 0.209ns (26.779%)  route 0.571ns (73.221%))
  Logic Levels:           1  (LUT6=1)
  Clock Uncertainty:      0.025ns  ((TSJ^2 + TIJ^2)^1/2 + DJ) / 2 + PE
    Total System Jitter     (TSJ):    0.050ns
    Total Input Jitter      (TIJ):    0.000ns
    Discrete Jitter          (DJ):    0.000ns
    Phase Error              (PE):    0.000ns

    Location             Delay type                Incr(ns)  Path(ns)    Netlist Resource(s)
  -------------------------------------------------------------------    -------------------
                         (clock Clk rise edge)        0.000     0.000 r  
    E3                                                0.000     0.000 r  Clk (IN)
                         net (fo=0)                   0.000     0.000    Clk
    E3                   IBUF (Prop_ibuf_I_O)         0.250     0.250 r  Clk_IBUF_inst/O
                         net (fo=1, routed)           0.644     0.894    Clk_IBUF
    BUFGCTRL_X0Y16       BUFG (Prop_bufg_I_O)         0.026     0.920 r  Clk_IBUF_BUFG_inst/O
                         net (fo=3578, routed)        0.555     1.474    cpu/fetch_instance/InstrMemAccess_inst/memParse/Clk_IBUF_BUFG
    SLICE_X30Y127        FDRE                                         r  cpu/fetch_instance/InstrMemAccess_inst/memParse/instrOut_reg[25]/C
  -------------------------------------------------------------------    -------------------
    SLICE_X30Y127        FDRE (Prop_fdre_C_Q)         0.164     1.638 r  cpu/fetch_instance/InstrMemAccess_inst/memParse/instrOut_reg[25]/Q
                         net (fo=32, routed)          0.297     1.935    cpu/decode_instance/reg_file/DataIn25_21_reg[31][9]
    SLICE_X37Y130        LUT6 (Prop_lut6_I2_O)        0.045     1.980 r  cpu/decode_instance/reg_file/ReadData1_reg[13]_i_1/O
                         net (fo=1, routed)           0.274     2.255    cpu/decode_instance/reg_file/mem[13]
    SLICE_X40Y123        LDCE                                         r  cpu/decode_instance/reg_file/ReadData1_reg[13]/D
  -------------------------------------------------------------------    -------------------





--------------------------------------------------------------------------------------
Path Group:  (none)
From Clock:  
  To Clock:  Clk

Max Delay            72 Endpoints
Min Delay            72 Endpoints
--------------------------------------------------------------------------------------


Max Delay Paths
--------------------------------------------------------------------------------------
Slack:                    inf
  Source:                 Reset
                            (input port)
  Destination:            resetShiftReg_reg[1]/R
                            (rising edge-triggered cell FDRE clocked by Clk  {rise@0.000ns fall@1.700ns period=3.400ns})
  Path Group:             (none)
  Path Type:              Setup (Max at Slow Process Corner)
  Data Path Delay:        5.519ns  (logic 1.601ns (29.002%)  route 3.918ns (70.998%))
  Logic Levels:           2  (IBUF=1 LUT2=1)
  Clock Path Skew:        4.910ns (DCD - SCD + CPR)
    Destination Clock Delay (DCD):    4.910ns
    Source Clock Delay      (SCD):    0.000ns
    Clock Pessimism Removal (CPR):    0.000ns
  Clock Uncertainty:      0.025ns  ((TSJ^2 + TIJ^2)^1/2 + DJ) / 2 + PE
    Total System Jitter     (TSJ):    0.050ns
    Total Input Jitter      (TIJ):    0.000ns
    Discrete Jitter          (DJ):    0.000ns
    Phase Error              (PE):    0.000ns

    Location             Delay type                Incr(ns)  Path(ns)    Netlist Resource(s)
  -------------------------------------------------------------------    -------------------
    N17                                               0.000     0.000 r  Reset (IN)
                         net (fo=0)                   0.000     0.000    Reset
    N17                  IBUF (Prop_ibuf_I_O)         1.477     1.477 r  Reset_IBUF_inst/O
                         net (fo=3, routed)           3.289     4.765    Reset_IBUF
    SLICE_X40Y122        LUT2 (Prop_lut2_I0_O)        0.124     4.889 r  resetShiftReg[5]_i_1/O
                         net (fo=5, routed)           0.630     5.519    resetShiftReg[4]
    SLICE_X40Y122        FDRE                                         r  resetShiftReg_reg[1]/R
  -------------------------------------------------------------------    -------------------

                         (clock Clk rise edge)        0.000     0.000 r  
    E3                                                0.000     0.000 r  Clk (IN)
                         net (fo=0)                   0.000     0.000    Clk
    E3                   IBUF (Prop_ibuf_I_O)         1.411     1.411 r  Clk_IBUF_inst/O
                         net (fo=1, routed)           1.920     3.331    Clk_IBUF
    BUFGCTRL_X0Y16       BUFG (Prop_bufg_I_O)         0.091     3.422 r  Clk_IBUF_BUFG_inst/O
                         net (fo=3578, routed)        1.488     4.910    Clk_IBUF_BUFG
    SLICE_X40Y122        FDRE                                         r  resetShiftReg_reg[1]/C

Slack:                    inf
  Source:                 Reset
                            (input port)
  Destination:            resetShiftReg_reg[2]/R
                            (rising edge-triggered cell FDRE clocked by Clk  {rise@0.000ns fall@1.700ns period=3.400ns})
  Path Group:             (none)
  Path Type:              Setup (Max at Slow Process Corner)
  Data Path Delay:        5.519ns  (logic 1.601ns (29.002%)  route 3.918ns (70.998%))
  Logic Levels:           2  (IBUF=1 LUT2=1)
  Clock Path Skew:        4.910ns (DCD - SCD + CPR)
    Destination Clock Delay (DCD):    4.910ns
    Source Clock Delay      (SCD):    0.000ns
    Clock Pessimism Removal (CPR):    0.000ns
  Clock Uncertainty:      0.025ns  ((TSJ^2 + TIJ^2)^1/2 + DJ) / 2 + PE
    Total System Jitter     (TSJ):    0.050ns
    Total Input Jitter      (TIJ):    0.000ns
    Discrete Jitter          (DJ):    0.000ns
    Phase Error              (PE):    0.000ns

    Location             Delay type                Incr(ns)  Path(ns)    Netlist Resource(s)
  -------------------------------------------------------------------    -------------------
    N17                                               0.000     0.000 r  Reset (IN)
                         net (fo=0)                   0.000     0.000    Reset
    N17                  IBUF (Prop_ibuf_I_O)         1.477     1.477 r  Reset_IBUF_inst/O
                         net (fo=3, routed)           3.289     4.765    Reset_IBUF
    SLICE_X40Y122        LUT2 (Prop_lut2_I0_O)        0.124     4.889 r  resetShiftReg[5]_i_1/O
                         net (fo=5, routed)           0.630     5.519    resetShiftReg[4]
    SLICE_X40Y122        FDRE                                         r  resetShiftReg_reg[2]/R
  -------------------------------------------------------------------    -------------------

                         (clock Clk rise edge)        0.000     0.000 r  
    E3                                                0.000     0.000 r  Clk (IN)
                         net (fo=0)                   0.000     0.000    Clk
    E3                   IBUF (Prop_ibuf_I_O)         1.411     1.411 r  Clk_IBUF_inst/O
                         net (fo=1, routed)           1.920     3.331    Clk_IBUF
    BUFGCTRL_X0Y16       BUFG (Prop_bufg_I_O)         0.091     3.422 r  Clk_IBUF_BUFG_inst/O
                         net (fo=3578, routed)        1.488     4.910    Clk_IBUF_BUFG
    SLICE_X40Y122        FDRE                                         r  resetShiftReg_reg[2]/C

Slack:                    inf
  Source:                 Reset
                            (input port)
  Destination:            resetShiftReg_reg[3]/R
                            (rising edge-triggered cell FDRE clocked by Clk  {rise@0.000ns fall@1.700ns period=3.400ns})
  Path Group:             (none)
  Path Type:              Setup (Max at Slow Process Corner)
  Data Path Delay:        5.382ns  (logic 1.601ns (29.737%)  route 3.782ns (70.263%))
  Logic Levels:           2  (IBUF=1 LUT2=1)
  Clock Path Skew:        4.912ns (DCD - SCD + CPR)
    Destination Clock Delay (DCD):    4.912ns
    Source Clock Delay      (SCD):    0.000ns
    Clock Pessimism Removal (CPR):    0.000ns
  Clock Uncertainty:      0.025ns  ((TSJ^2 + TIJ^2)^1/2 + DJ) / 2 + PE
    Total System Jitter     (TSJ):    0.050ns
    Total Input Jitter      (TIJ):    0.000ns
    Discrete Jitter          (DJ):    0.000ns
    Phase Error              (PE):    0.000ns

    Location             Delay type                Incr(ns)  Path(ns)    Netlist Resource(s)
  -------------------------------------------------------------------    -------------------
    N17                                               0.000     0.000 r  Reset (IN)
                         net (fo=0)                   0.000     0.000    Reset
    N17                  IBUF (Prop_ibuf_I_O)         1.477     1.477 r  Reset_IBUF_inst/O
                         net (fo=3, routed)           3.289     4.765    Reset_IBUF
    SLICE_X40Y122        LUT2 (Prop_lut2_I0_O)        0.124     4.889 r  resetShiftReg[5]_i_1/O
                         net (fo=5, routed)           0.493     5.382    resetShiftReg[4]
    SLICE_X39Y121        FDRE                                         r  resetShiftReg_reg[3]/R
  -------------------------------------------------------------------    -------------------

                         (clock Clk rise edge)        0.000     0.000 r  
    E3                                                0.000     0.000 r  Clk (IN)
                         net (fo=0)                   0.000     0.000    Clk
    E3                   IBUF (Prop_ibuf_I_O)         1.411     1.411 r  Clk_IBUF_inst/O
                         net (fo=1, routed)           1.920     3.331    Clk_IBUF
    BUFGCTRL_X0Y16       BUFG (Prop_bufg_I_O)         0.091     3.422 r  Clk_IBUF_BUFG_inst/O
                         net (fo=3578, routed)        1.490     4.912    Clk_IBUF_BUFG
    SLICE_X39Y121        FDRE                                         r  resetShiftReg_reg[3]/C

Slack:                    inf
  Source:                 Reset
                            (input port)
  Destination:            resetShiftReg_reg[4]/R
                            (rising edge-triggered cell FDRE clocked by Clk  {rise@0.000ns fall@1.700ns period=3.400ns})
  Path Group:             (none)
  Path Type:              Setup (Max at Slow Process Corner)
  Data Path Delay:        5.382ns  (logic 1.601ns (29.737%)  route 3.782ns (70.263%))
  Logic Levels:           2  (IBUF=1 LUT2=1)
  Clock Path Skew:        4.912ns (DCD - SCD + CPR)
    Destination Clock Delay (DCD):    4.912ns
    Source Clock Delay      (SCD):    0.000ns
    Clock Pessimism Removal (CPR):    0.000ns
  Clock Uncertainty:      0.025ns  ((TSJ^2 + TIJ^2)^1/2 + DJ) / 2 + PE
    Total System Jitter     (TSJ):    0.050ns
    Total Input Jitter      (TIJ):    0.000ns
    Discrete Jitter          (DJ):    0.000ns
    Phase Error              (PE):    0.000ns

    Location             Delay type                Incr(ns)  Path(ns)    Netlist Resource(s)
  -------------------------------------------------------------------    -------------------
    N17                                               0.000     0.000 r  Reset (IN)
                         net (fo=0)                   0.000     0.000    Reset
    N17                  IBUF (Prop_ibuf_I_O)         1.477     1.477 r  Reset_IBUF_inst/O
                         net (fo=3, routed)           3.289     4.765    Reset_IBUF
    SLICE_X40Y122        LUT2 (Prop_lut2_I0_O)        0.124     4.889 r  resetShiftReg[5]_i_1/O
                         net (fo=5, routed)           0.493     5.382    resetShiftReg[4]
    SLICE_X39Y121        FDRE                                         r  resetShiftReg_reg[4]/R
  -------------------------------------------------------------------    -------------------

                         (clock Clk rise edge)        0.000     0.000 r  
    E3                                                0.000     0.000 r  Clk (IN)
                         net (fo=0)                   0.000     0.000    Clk
    E3                   IBUF (Prop_ibuf_I_O)         1.411     1.411 r  Clk_IBUF_inst/O
                         net (fo=1, routed)           1.920     3.331    Clk_IBUF
    BUFGCTRL_X0Y16       BUFG (Prop_bufg_I_O)         0.091     3.422 r  Clk_IBUF_BUFG_inst/O
                         net (fo=3578, routed)        1.490     4.912    Clk_IBUF_BUFG
    SLICE_X39Y121        FDRE                                         r  resetShiftReg_reg[4]/C

Slack:                    inf
  Source:                 Reset
                            (input port)
  Destination:            resetShiftReg_reg[5]/R
                            (rising edge-triggered cell FDRE clocked by Clk  {rise@0.000ns fall@1.700ns period=3.400ns})
  Path Group:             (none)
  Path Type:              Setup (Max at Slow Process Corner)
  Data Path Delay:        5.382ns  (logic 1.601ns (29.737%)  route 3.782ns (70.263%))
  Logic Levels:           2  (IBUF=1 LUT2=1)
  Clock Path Skew:        4.912ns (DCD - SCD + CPR)
    Destination Clock Delay (DCD):    4.912ns
    Source Clock Delay      (SCD):    0.000ns
    Clock Pessimism Removal (CPR):    0.000ns
  Clock Uncertainty:      0.025ns  ((TSJ^2 + TIJ^2)^1/2 + DJ) / 2 + PE
    Total System Jitter     (TSJ):    0.050ns
    Total Input Jitter      (TIJ):    0.000ns
    Discrete Jitter          (DJ):    0.000ns
    Phase Error              (PE):    0.000ns

    Location             Delay type                Incr(ns)  Path(ns)    Netlist Resource(s)
  -------------------------------------------------------------------    -------------------
    N17                                               0.000     0.000 r  Reset (IN)
                         net (fo=0)                   0.000     0.000    Reset
    N17                  IBUF (Prop_ibuf_I_O)         1.477     1.477 r  Reset_IBUF_inst/O
                         net (fo=3, routed)           3.289     4.765    Reset_IBUF
    SLICE_X40Y122        LUT2 (Prop_lut2_I0_O)        0.124     4.889 r  resetShiftReg[5]_i_1/O
                         net (fo=5, routed)           0.493     5.382    resetShiftReg[4]
    SLICE_X39Y121        FDRE                                         r  resetShiftReg_reg[5]/R
  -------------------------------------------------------------------    -------------------

                         (clock Clk rise edge)        0.000     0.000 r  
    E3                                                0.000     0.000 r  Clk (IN)
                         net (fo=0)                   0.000     0.000    Clk
    E3                   IBUF (Prop_ibuf_I_O)         1.411     1.411 r  Clk_IBUF_inst/O
                         net (fo=1, routed)           1.920     3.331    Clk_IBUF
    BUFGCTRL_X0Y16       BUFG (Prop_bufg_I_O)         0.091     3.422 r  Clk_IBUF_BUFG_inst/O
                         net (fo=3578, routed)        1.490     4.912    Clk_IBUF_BUFG
    SLICE_X39Y121        FDRE                                         r  resetShiftReg_reg[5]/C

Slack:                    inf
  Source:                 Reset
                            (input port)
  Destination:            resetShiftReg_reg[0]/D
                            (rising edge-triggered cell FDRE clocked by Clk  {rise@0.000ns fall@1.700ns period=3.400ns})
  Path Group:             (none)
  Path Type:              Setup (Max at Slow Process Corner)
  Data Path Delay:        5.166ns  (logic 1.629ns (31.528%)  route 3.537ns (68.472%))
  Logic Levels:           2  (IBUF=1 LUT3=1)
  Clock Path Skew:        4.909ns (DCD - SCD + CPR)
    Destination Clock Delay (DCD):    4.909ns
    Source Clock Delay      (SCD):    0.000ns
    Clock Pessimism Removal (CPR):    0.000ns
  Clock Uncertainty:      0.025ns  ((TSJ^2 + TIJ^2)^1/2 + DJ) / 2 + PE
    Total System Jitter     (TSJ):    0.050ns
    Total Input Jitter      (TIJ):    0.000ns
    Discrete Jitter          (DJ):    0.000ns
    Phase Error              (PE):    0.000ns

    Location             Delay type                Incr(ns)  Path(ns)    Netlist Resource(s)
  -------------------------------------------------------------------    -------------------
    N17                                               0.000     0.000 r  Reset (IN)
                         net (fo=0)                   0.000     0.000    Reset
    N17                  IBUF (Prop_ibuf_I_O)         1.477     1.477 r  Reset_IBUF_inst/O
                         net (fo=3, routed)           3.537     5.014    Reset_IBUF
    SLICE_X41Y123        LUT3 (Prop_lut3_I2_O)        0.152     5.166 r  resetShiftReg[0]_i_1/O
                         net (fo=1, routed)           0.000     5.166    resetShiftReg[0]_i_1_n_0
    SLICE_X41Y123        FDRE                                         r  resetShiftReg_reg[0]/D
  -------------------------------------------------------------------    -------------------

                         (clock Clk rise edge)        0.000     0.000 r  
    E3                                                0.000     0.000 r  Clk (IN)
                         net (fo=0)                   0.000     0.000    Clk
    E3                   IBUF (Prop_ibuf_I_O)         1.411     1.411 r  Clk_IBUF_inst/O
                         net (fo=1, routed)           1.920     3.331    Clk_IBUF
    BUFGCTRL_X0Y16       BUFG (Prop_bufg_I_O)         0.091     3.422 r  Clk_IBUF_BUFG_inst/O
                         net (fo=3578, routed)        1.487     4.909    Clk_IBUF_BUFG
    SLICE_X41Y123        FDRE                                         r  resetShiftReg_reg[0]/C

Slack:                    inf
  Source:                 Reset
                            (input port)
  Destination:            clockReg_reg[0]/D
                            (rising edge-triggered cell FDRE clocked by Clk  {rise@0.000ns fall@1.700ns period=3.400ns})
  Path Group:             (none)
  Path Type:              Setup (Max at Slow Process Corner)
  Data Path Delay:        5.138ns  (logic 1.601ns (31.154%)  route 3.537ns (68.846%))
  Logic Levels:           2  (IBUF=1 LUT2=1)
  Clock Path Skew:        4.909ns (DCD - SCD + CPR)
    Destination Clock Delay (DCD):    4.909ns
    Source Clock Delay      (SCD):    0.000ns
    Clock Pessimism Removal (CPR):    0.000ns
  Clock Uncertainty:      0.025ns  ((TSJ^2 + TIJ^2)^1/2 + DJ) / 2 + PE
    Total System Jitter     (TSJ):    0.050ns
    Total Input Jitter      (TIJ):    0.000ns
    Discrete Jitter          (DJ):    0.000ns
    Phase Error              (PE):    0.000ns

    Location             Delay type                Incr(ns)  Path(ns)    Netlist Resource(s)
  -------------------------------------------------------------------    -------------------
    N17                                               0.000     0.000 f  Reset (IN)
                         net (fo=0)                   0.000     0.000    Reset
    N17                  IBUF (Prop_ibuf_I_O)         1.477     1.477 f  Reset_IBUF_inst/O
                         net (fo=3, routed)           3.537     5.014    Reset_IBUF
    SLICE_X41Y123        LUT2 (Prop_lut2_I0_O)        0.124     5.138 r  clockReg[0]_i_1/O
                         net (fo=1, routed)           0.000     5.138    clockReg[0]_i_1_n_0
    SLICE_X41Y123        FDRE                                         r  clockReg_reg[0]/D
  -------------------------------------------------------------------    -------------------

                         (clock Clk rise edge)        0.000     0.000 r  
    E3                                                0.000     0.000 r  Clk (IN)
                         net (fo=0)                   0.000     0.000    Clk
    E3                   IBUF (Prop_ibuf_I_O)         1.411     1.411 r  Clk_IBUF_inst/O
                         net (fo=1, routed)           1.920     3.331    Clk_IBUF
    BUFGCTRL_X0Y16       BUFG (Prop_bufg_I_O)         0.091     3.422 r  Clk_IBUF_BUFG_inst/O
                         net (fo=3578, routed)        1.487     4.909    Clk_IBUF_BUFG
    SLICE_X41Y123        FDRE                                         r  clockReg_reg[0]/C

Slack:                    inf
  Source:                 cpu/decode_instance/reg_file/ReadData1_reg[0]/G
                            (positive level-sensitive latch)
  Destination:            cpu/decode_instance/DataIn25_21_reg[0]/D
                            (rising edge-triggered cell FDRE clocked by Clk  {rise@0.000ns fall@1.700ns period=3.400ns})
  Path Group:             (none)
  Path Type:              Setup (Max at Slow Process Corner)
  Data Path Delay:        1.377ns  (logic 0.559ns (40.594%)  route 0.818ns (59.406%))
  Logic Levels:           1  (LDCE=1)
  Clock Uncertainty:      0.025ns  ((TSJ^2 + TIJ^2)^1/2 + DJ) / 2 + PE
    Total System Jitter     (TSJ):    0.050ns
    Total Input Jitter      (TIJ):    0.000ns
    Discrete Jitter          (DJ):    0.000ns
    Phase Error              (PE):    0.000ns

    Location             Delay type                Incr(ns)  Path(ns)    Netlist Resource(s)
  -------------------------------------------------------------------    -------------------
    SLICE_X44Y127        LDCE                         0.000     0.000 r  cpu/decode_instance/reg_file/ReadData1_reg[0]/G
    SLICE_X44Y127        LDCE (EnToQ_ldce_G_Q)        0.559     0.559 r  cpu/decode_instance/reg_file/ReadData1_reg[0]/Q
                         net (fo=1, routed)           0.818     1.377    cpu/decode_instance/DataIn25_21Wire[0]
    SLICE_X43Y123        FDRE                                         r  cpu/decode_instance/DataIn25_21_reg[0]/D
  -------------------------------------------------------------------    -------------------

                         (clock Clk rise edge)        0.000     0.000 r  
    E3                                                0.000     0.000 r  Clk (IN)
                         net (fo=0)                   0.000     0.000    Clk
    E3                   IBUF (Prop_ibuf_I_O)         1.411     1.411 r  Clk_IBUF_inst/O
                         net (fo=1, routed)           1.920     3.331    Clk_IBUF
    BUFGCTRL_X0Y16       BUFG (Prop_bufg_I_O)         0.091     3.422 r  Clk_IBUF_BUFG_inst/O
                         net (fo=3578, routed)        1.484     4.906    cpu/decode_instance/Clk_IBUF_BUFG
    SLICE_X43Y123        FDRE                                         r  cpu/decode_instance/DataIn25_21_reg[0]/C

Slack:                    inf
  Source:                 cpu/decode_instance/reg_file/ReadData1_reg[19]/G
                            (positive level-sensitive latch)
  Destination:            cpu/decode_instance/DataIn25_21_reg[19]/D
                            (rising edge-triggered cell FDRE clocked by Clk  {rise@0.000ns fall@1.700ns period=3.400ns})
  Path Group:             (none)
  Path Type:              Setup (Max at Slow Process Corner)
  Data Path Delay:        1.350ns  (logic 0.559ns (41.409%)  route 0.791ns (58.591%))
  Logic Levels:           1  (LDCE=1)
  Clock Uncertainty:      0.025ns  ((TSJ^2 + TIJ^2)^1/2 + DJ) / 2 + PE
    Total System Jitter     (TSJ):    0.050ns
    Total Input Jitter      (TIJ):    0.000ns
    Discrete Jitter          (DJ):    0.000ns
    Phase Error              (PE):    0.000ns

    Location             Delay type                Incr(ns)  Path(ns)    Netlist Resource(s)
  -------------------------------------------------------------------    -------------------
    SLICE_X45Y127        LDCE                         0.000     0.000 r  cpu/decode_instance/reg_file/ReadData1_reg[19]/G
    SLICE_X45Y127        LDCE (EnToQ_ldce_G_Q)        0.559     0.559 r  cpu/decode_instance/reg_file/ReadData1_reg[19]/Q
                         net (fo=1, routed)           0.791     1.350    cpu/decode_instance/DataIn25_21Wire[19]
    SLICE_X45Y121        FDRE                                         r  cpu/decode_instance/DataIn25_21_reg[19]/D
  -------------------------------------------------------------------    -------------------

                         (clock Clk rise edge)        0.000     0.000 r  
    E3                                                0.000     0.000 r  Clk (IN)
                         net (fo=0)                   0.000     0.000    Clk
    E3                   IBUF (Prop_ibuf_I_O)         1.411     1.411 r  Clk_IBUF_inst/O
                         net (fo=1, routed)           1.920     3.331    Clk_IBUF
    BUFGCTRL_X0Y16       BUFG (Prop_bufg_I_O)         0.091     3.422 r  Clk_IBUF_BUFG_inst/O
                         net (fo=3578, routed)        1.487     4.909    cpu/decode_instance/Clk_IBUF_BUFG
    SLICE_X45Y121        FDRE                                         r  cpu/decode_instance/DataIn25_21_reg[19]/C

Slack:                    inf
  Source:                 cpu/decode_instance/reg_file/ReadData2_reg[24]/G
                            (positive level-sensitive latch)
  Destination:            cpu/decode_instance/DataIn20_15_reg[24]/D
                            (rising edge-triggered cell FDRE clocked by Clk  {rise@0.000ns fall@1.700ns period=3.400ns})
  Path Group:             (none)
  Path Type:              Setup (Max at Slow Process Corner)
  Data Path Delay:        1.320ns  (logic 0.625ns (47.359%)  route 0.695ns (52.641%))
  Logic Levels:           1  (LDCE=1)
  Clock Uncertainty:      0.025ns  ((TSJ^2 + TIJ^2)^1/2 + DJ) / 2 + PE
    Total System Jitter     (TSJ):    0.050ns
    Total Input Jitter      (TIJ):    0.000ns
    Discrete Jitter          (DJ):    0.000ns
    Phase Error              (PE):    0.000ns

    Location             Delay type                Incr(ns)  Path(ns)    Netlist Resource(s)
  -------------------------------------------------------------------    -------------------
    SLICE_X42Y126        LDCE                         0.000     0.000 r  cpu/decode_instance/reg_file/ReadData2_reg[24]/G
    SLICE_X42Y126        LDCE (EnToQ_ldce_G_Q)        0.625     0.625 r  cpu/decode_instance/reg_file/ReadData2_reg[24]/Q
                         net (fo=1, routed)           0.695     1.320    cpu/decode_instance/DataIn20_15Wire[24]
    SLICE_X42Y122        FDRE                                         r  cpu/decode_instance/DataIn20_15_reg[24]/D
  -------------------------------------------------------------------    -------------------

                         (clock Clk rise edge)        0.000     0.000 r  
    E3                                                0.000     0.000 r  Clk (IN)
                         net (fo=0)                   0.000     0.000    Clk
    E3                   IBUF (Prop_ibuf_I_O)         1.411     1.411 r  Clk_IBUF_inst/O
                         net (fo=1, routed)           1.920     3.331    Clk_IBUF
    BUFGCTRL_X0Y16       BUFG (Prop_bufg_I_O)         0.091     3.422 r  Clk_IBUF_BUFG_inst/O
                         net (fo=3578, routed)        1.485     4.907    cpu/decode_instance/Clk_IBUF_BUFG
    SLICE_X42Y122        FDRE                                         r  cpu/decode_instance/DataIn20_15_reg[24]/C





Min Delay Paths
--------------------------------------------------------------------------------------
Slack:                    inf
  Source:                 cpu/decode_instance/reg_file/ReadData2_reg[6]/G
                            (positive level-sensitive latch)
  Destination:            cpu/decode_instance/DataIn20_15_reg[6]/D
                            (rising edge-triggered cell FDRE clocked by Clk  {rise@0.000ns fall@1.700ns period=3.400ns})
  Path Group:             (none)
  Path Type:              Hold (Min at Fast Process Corner)
  Data Path Delay:        0.214ns  (logic 0.158ns (73.796%)  route 0.056ns (26.204%))
  Logic Levels:           1  (LDCE=1)
  Clock Uncertainty:      0.025ns  ((TSJ^2 + TIJ^2)^1/2 + DJ) / 2 + PE
    Total System Jitter     (TSJ):    0.050ns
    Total Input Jitter      (TIJ):    0.000ns
    Discrete Jitter          (DJ):    0.000ns
    Phase Error              (PE):    0.000ns

    Location             Delay type                Incr(ns)  Path(ns)    Netlist Resource(s)
  -------------------------------------------------------------------    -------------------
    SLICE_X35Y123        LDCE                         0.000     0.000 r  cpu/decode_instance/reg_file/ReadData2_reg[6]/G
    SLICE_X35Y123        LDCE (EnToQ_ldce_G_Q)        0.158     0.158 r  cpu/decode_instance/reg_file/ReadData2_reg[6]/Q
                         net (fo=1, routed)           0.056     0.214    cpu/decode_instance/DataIn20_15Wire[6]
    SLICE_X34Y123        FDRE                                         r  cpu/decode_instance/DataIn20_15_reg[6]/D
  -------------------------------------------------------------------    -------------------

                         (clock Clk rise edge)        0.000     0.000 r  
    E3                                                0.000     0.000 r  Clk (IN)
                         net (fo=0)                   0.000     0.000    Clk
    E3                   IBUF (Prop_ibuf_I_O)         0.438     0.438 r  Clk_IBUF_inst/O
                         net (fo=1, routed)           0.699     1.136    Clk_IBUF
    BUFGCTRL_X0Y16       BUFG (Prop_bufg_I_O)         0.029     1.165 r  Clk_IBUF_BUFG_inst/O
                         net (fo=3578, routed)        0.820     1.985    cpu/decode_instance/Clk_IBUF_BUFG
    SLICE_X34Y123        FDRE                                         r  cpu/decode_instance/DataIn20_15_reg[6]/C

Slack:                    inf
  Source:                 cpu/decode_instance/reg_file/ReadData2_reg[31]/G
                            (positive level-sensitive latch)
  Destination:            cpu/decode_instance/DataIn20_15_reg[31]/D
                            (rising edge-triggered cell FDRE clocked by Clk  {rise@0.000ns fall@1.700ns period=3.400ns})
  Path Group:             (none)
  Path Type:              Hold (Min at Fast Process Corner)
  Data Path Delay:        0.216ns  (logic 0.158ns (72.984%)  route 0.058ns (27.016%))
  Logic Levels:           1  (LDCE=1)
  Clock Uncertainty:      0.025ns  ((TSJ^2 + TIJ^2)^1/2 + DJ) / 2 + PE
    Total System Jitter     (TSJ):    0.050ns
    Total Input Jitter      (TIJ):    0.000ns
    Discrete Jitter          (DJ):    0.000ns
    Phase Error              (PE):    0.000ns

    Location             Delay type                Incr(ns)  Path(ns)    Netlist Resource(s)
  -------------------------------------------------------------------    -------------------
    SLICE_X37Y124        LDCE                         0.000     0.000 r  cpu/decode_instance/reg_file/ReadData2_reg[31]/G
    SLICE_X37Y124        LDCE (EnToQ_ldce_G_Q)        0.158     0.158 r  cpu/decode_instance/reg_file/ReadData2_reg[31]/Q
                         net (fo=1, routed)           0.058     0.216    cpu/decode_instance/DataIn20_15Wire[31]
    SLICE_X36Y124        FDRE                                         r  cpu/decode_instance/DataIn20_15_reg[31]/D
  -------------------------------------------------------------------    -------------------

                         (clock Clk rise edge)        0.000     0.000 r  
    E3                                                0.000     0.000 r  Clk (IN)
                         net (fo=0)                   0.000     0.000    Clk
    E3                   IBUF (Prop_ibuf_I_O)         0.438     0.438 r  Clk_IBUF_inst/O
                         net (fo=1, routed)           0.699     1.136    Clk_IBUF
    BUFGCTRL_X0Y16       BUFG (Prop_bufg_I_O)         0.029     1.165 r  Clk_IBUF_BUFG_inst/O
                         net (fo=3578, routed)        0.819     1.984    cpu/decode_instance/Clk_IBUF_BUFG
    SLICE_X36Y124        FDRE                                         r  cpu/decode_instance/DataIn20_15_reg[31]/C

Slack:                    inf
  Source:                 cpu/decode_instance/reg_file/ReadData1_reg[11]/G
                            (positive level-sensitive latch)
  Destination:            cpu/decode_instance/DataIn25_21_reg[11]/D
                            (rising edge-triggered cell FDRE clocked by Clk  {rise@0.000ns fall@1.700ns period=3.400ns})
  Path Group:             (none)
  Path Type:              Hold (Min at Fast Process Corner)
  Data Path Delay:        0.262ns  (logic 0.158ns (60.214%)  route 0.104ns (39.786%))
  Logic Levels:           1  (LDCE=1)
  Clock Uncertainty:      0.025ns  ((TSJ^2 + TIJ^2)^1/2 + DJ) / 2 + PE
    Total System Jitter     (TSJ):    0.050ns
    Total Input Jitter      (TIJ):    0.000ns
    Discrete Jitter          (DJ):    0.000ns
    Phase Error              (PE):    0.000ns

    Location             Delay type                Incr(ns)  Path(ns)    Netlist Resource(s)
  -------------------------------------------------------------------    -------------------
    SLICE_X35Y124        LDCE                         0.000     0.000 r  cpu/decode_instance/reg_file/ReadData1_reg[11]/G
    SLICE_X35Y124        LDCE (EnToQ_ldce_G_Q)        0.158     0.158 r  cpu/decode_instance/reg_file/ReadData1_reg[11]/Q
                         net (fo=1, routed)           0.104     0.262    cpu/decode_instance/DataIn25_21Wire[11]
    SLICE_X36Y124        FDRE                                         r  cpu/decode_instance/DataIn25_21_reg[11]/D
  -------------------------------------------------------------------    -------------------

                         (clock Clk rise edge)        0.000     0.000 r  
    E3                                                0.000     0.000 r  Clk (IN)
                         net (fo=0)                   0.000     0.000    Clk
    E3                   IBUF (Prop_ibuf_I_O)         0.438     0.438 r  Clk_IBUF_inst/O
                         net (fo=1, routed)           0.699     1.136    Clk_IBUF
    BUFGCTRL_X0Y16       BUFG (Prop_bufg_I_O)         0.029     1.165 r  Clk_IBUF_BUFG_inst/O
                         net (fo=3578, routed)        0.819     1.984    cpu/decode_instance/Clk_IBUF_BUFG
    SLICE_X36Y124        FDRE                                         r  cpu/decode_instance/DataIn25_21_reg[11]/C

Slack:                    inf
  Source:                 cpu/decode_instance/reg_file/ReadData1_reg[3]/G
                            (positive level-sensitive latch)
  Destination:            cpu/decode_instance/DataIn25_21_reg[3]/D
                            (rising edge-triggered cell FDRE clocked by Clk  {rise@0.000ns fall@1.700ns period=3.400ns})
  Path Group:             (none)
  Path Type:              Hold (Min at Fast Process Corner)
  Data Path Delay:        0.277ns  (logic 0.158ns (57.072%)  route 0.119ns (42.928%))
  Logic Levels:           1  (LDCE=1)
  Clock Uncertainty:      0.025ns  ((TSJ^2 + TIJ^2)^1/2 + DJ) / 2 + PE
    Total System Jitter     (TSJ):    0.050ns
    Total Input Jitter      (TIJ):    0.000ns
    Discrete Jitter          (DJ):    0.000ns
    Phase Error              (PE):    0.000ns

    Location             Delay type                Incr(ns)  Path(ns)    Netlist Resource(s)
  -------------------------------------------------------------------    -------------------
    SLICE_X37Y124        LDCE                         0.000     0.000 r  cpu/decode_instance/reg_file/ReadData1_reg[3]/G
    SLICE_X37Y124        LDCE (EnToQ_ldce_G_Q)        0.158     0.158 r  cpu/decode_instance/reg_file/ReadData1_reg[3]/Q
                         net (fo=1, routed)           0.119     0.277    cpu/decode_instance/DataIn25_21Wire[3]
    SLICE_X39Y124        FDRE                                         r  cpu/decode_instance/DataIn25_21_reg[3]/D
  -------------------------------------------------------------------    -------------------

                         (clock Clk rise edge)        0.000     0.000 r  
    E3                                                0.000     0.000 r  Clk (IN)
                         net (fo=0)                   0.000     0.000    Clk
    E3                   IBUF (Prop_ibuf_I_O)         0.438     0.438 r  Clk_IBUF_inst/O
                         net (fo=1, routed)           0.699     1.136    Clk_IBUF
    BUFGCTRL_X0Y16       BUFG (Prop_bufg_I_O)         0.029     1.165 r  Clk_IBUF_BUFG_inst/O
                         net (fo=3578, routed)        0.818     1.983    cpu/decode_instance/Clk_IBUF_BUFG
    SLICE_X39Y124        FDRE                                         r  cpu/decode_instance/DataIn25_21_reg[3]/C

Slack:                    inf
  Source:                 cpu/decode_instance/reg_file/ReadData2_reg[25]/G
                            (positive level-sensitive latch)
  Destination:            cpu/decode_instance/DataIn20_15_reg[25]/D
                            (rising edge-triggered cell FDRE clocked by Clk  {rise@0.000ns fall@1.700ns period=3.400ns})
  Path Group:             (none)
  Path Type:              Hold (Min at Fast Process Corner)
  Data Path Delay:        0.289ns  (logic 0.178ns (61.668%)  route 0.111ns (38.332%))
  Logic Levels:           1  (LDCE=1)
  Clock Uncertainty:      0.025ns  ((TSJ^2 + TIJ^2)^1/2 + DJ) / 2 + PE
    Total System Jitter     (TSJ):    0.050ns
    Total Input Jitter      (TIJ):    0.000ns
    Discrete Jitter          (DJ):    0.000ns
    Phase Error              (PE):    0.000ns

    Location             Delay type                Incr(ns)  Path(ns)    Netlist Resource(s)
  -------------------------------------------------------------------    -------------------
    SLICE_X42Y124        LDCE                         0.000     0.000 r  cpu/decode_instance/reg_file/ReadData2_reg[25]/G
    SLICE_X42Y124        LDCE (EnToQ_ldce_G_Q)        0.178     0.178 r  cpu/decode_instance/reg_file/ReadData2_reg[25]/Q
                         net (fo=1, routed)           0.111     0.289    cpu/decode_instance/DataIn20_15Wire[25]
    SLICE_X41Y124        FDRE                                         r  cpu/decode_instance/DataIn20_15_reg[25]/D
  -------------------------------------------------------------------    -------------------

                         (clock Clk rise edge)        0.000     0.000 r  
    E3                                                0.000     0.000 r  Clk (IN)
                         net (fo=0)                   0.000     0.000    Clk
    E3                   IBUF (Prop_ibuf_I_O)         0.438     0.438 r  Clk_IBUF_inst/O
                         net (fo=1, routed)           0.699     1.136    Clk_IBUF
    BUFGCTRL_X0Y16       BUFG (Prop_bufg_I_O)         0.029     1.165 r  Clk_IBUF_BUFG_inst/O
                         net (fo=3578, routed)        0.818     1.983    cpu/decode_instance/Clk_IBUF_BUFG
    SLICE_X41Y124        FDRE                                         r  cpu/decode_instance/DataIn20_15_reg[25]/C

Slack:                    inf
  Source:                 cpu/decode_instance/reg_file/ReadData2_reg[0]/G
                            (positive level-sensitive latch)
  Destination:            cpu/decode_instance/DataIn20_15_reg[0]/D
                            (rising edge-triggered cell FDRE clocked by Clk  {rise@0.000ns fall@1.700ns period=3.400ns})
  Path Group:             (none)
  Path Type:              Hold (Min at Fast Process Corner)
  Data Path Delay:        0.294ns  (logic 0.178ns (60.510%)  route 0.116ns (39.490%))
  Logic Levels:           1  (LDCE=1)
  Clock Uncertainty:      0.025ns  ((TSJ^2 + TIJ^2)^1/2 + DJ) / 2 + PE
    Total System Jitter     (TSJ):    0.050ns
    Total Input Jitter      (TIJ):    0.000ns
    Discrete Jitter          (DJ):    0.000ns
    Phase Error              (PE):    0.000ns

    Location             Delay type                Incr(ns)  Path(ns)    Netlist Resource(s)
  -------------------------------------------------------------------    -------------------
    SLICE_X42Y124        LDCE                         0.000     0.000 r  cpu/decode_instance/reg_file/ReadData2_reg[0]/G
    SLICE_X42Y124        LDCE (EnToQ_ldce_G_Q)        0.178     0.178 r  cpu/decode_instance/reg_file/ReadData2_reg[0]/Q
                         net (fo=1, routed)           0.116     0.294    cpu/decode_instance/DataIn20_15Wire[0]
    SLICE_X43Y124        FDRE                                         r  cpu/decode_instance/DataIn20_15_reg[0]/D
  -------------------------------------------------------------------    -------------------

                         (clock Clk rise edge)        0.000     0.000 r  
    E3                                                0.000     0.000 r  Clk (IN)
                         net (fo=0)                   0.000     0.000    Clk
    E3                   IBUF (Prop_ibuf_I_O)         0.438     0.438 r  Clk_IBUF_inst/O
                         net (fo=1, routed)           0.699     1.136    Clk_IBUF
    BUFGCTRL_X0Y16       BUFG (Prop_bufg_I_O)         0.029     1.165 r  Clk_IBUF_BUFG_inst/O
                         net (fo=3578, routed)        0.816     1.981    cpu/decode_instance/Clk_IBUF_BUFG
    SLICE_X43Y124        FDRE                                         r  cpu/decode_instance/DataIn20_15_reg[0]/C

Slack:                    inf
  Source:                 cpu/decode_instance/reg_file/ReadData2_reg[16]/G
                            (positive level-sensitive latch)
  Destination:            cpu/decode_instance/DataIn20_15_reg[16]/D
                            (rising edge-triggered cell FDRE clocked by Clk  {rise@0.000ns fall@1.700ns period=3.400ns})
  Path Group:             (none)
  Path Type:              Hold (Min at Fast Process Corner)
  Data Path Delay:        0.294ns  (logic 0.178ns (60.494%)  route 0.116ns (39.506%))
  Logic Levels:           1  (LDCE=1)
  Clock Uncertainty:      0.025ns  ((TSJ^2 + TIJ^2)^1/2 + DJ) / 2 + PE
    Total System Jitter     (TSJ):    0.050ns
    Total Input Jitter      (TIJ):    0.000ns
    Discrete Jitter          (DJ):    0.000ns
    Phase Error              (PE):    0.000ns

    Location             Delay type                Incr(ns)  Path(ns)    Netlist Resource(s)
  -------------------------------------------------------------------    -------------------
    SLICE_X46Y127        LDCE                         0.000     0.000 r  cpu/decode_instance/reg_file/ReadData2_reg[16]/G
    SLICE_X46Y127        LDCE (EnToQ_ldce_G_Q)        0.178     0.178 r  cpu/decode_instance/reg_file/ReadData2_reg[16]/Q
                         net (fo=1, routed)           0.116     0.294    cpu/decode_instance/DataIn20_15Wire[16]
    SLICE_X47Y125        FDRE                                         r  cpu/decode_instance/DataIn20_15_reg[16]/D
  -------------------------------------------------------------------    -------------------

                         (clock Clk rise edge)        0.000     0.000 r  
    E3                                                0.000     0.000 r  Clk (IN)
                         net (fo=0)                   0.000     0.000    Clk
    E3                   IBUF (Prop_ibuf_I_O)         0.438     0.438 r  Clk_IBUF_inst/O
                         net (fo=1, routed)           0.699     1.136    Clk_IBUF
    BUFGCTRL_X0Y16       BUFG (Prop_bufg_I_O)         0.029     1.165 r  Clk_IBUF_BUFG_inst/O
                         net (fo=3578, routed)        0.815     1.980    cpu/decode_instance/Clk_IBUF_BUFG
    SLICE_X47Y125        FDRE                                         r  cpu/decode_instance/DataIn20_15_reg[16]/C

Slack:                    inf
  Source:                 cpu/decode_instance/reg_file/ReadData2_reg[3]/G
                            (positive level-sensitive latch)
  Destination:            cpu/decode_instance/DataIn20_15_reg[3]/D
                            (rising edge-triggered cell FDRE clocked by Clk  {rise@0.000ns fall@1.700ns period=3.400ns})
  Path Group:             (none)
  Path Type:              Hold (Min at Fast Process Corner)
  Data Path Delay:        0.294ns  (logic 0.178ns (60.494%)  route 0.116ns (39.506%))
  Logic Levels:           1  (LDCE=1)
  Clock Uncertainty:      0.025ns  ((TSJ^2 + TIJ^2)^1/2 + DJ) / 2 + PE
    Total System Jitter     (TSJ):    0.050ns
    Total Input Jitter      (TIJ):    0.000ns
    Discrete Jitter          (DJ):    0.000ns
    Phase Error              (PE):    0.000ns

    Location             Delay type                Incr(ns)  Path(ns)    Netlist Resource(s)
  -------------------------------------------------------------------    -------------------
    SLICE_X34Y127        LDCE                         0.000     0.000 r  cpu/decode_instance/reg_file/ReadData2_reg[3]/G
    SLICE_X34Y127        LDCE (EnToQ_ldce_G_Q)        0.178     0.178 r  cpu/decode_instance/reg_file/ReadData2_reg[3]/Q
                         net (fo=1, routed)           0.116     0.294    cpu/decode_instance/DataIn20_15Wire[3]
    SLICE_X35Y125        FDRE                                         r  cpu/decode_instance/DataIn20_15_reg[3]/D
  -------------------------------------------------------------------    -------------------

                         (clock Clk rise edge)        0.000     0.000 r  
    E3                                                0.000     0.000 r  Clk (IN)
                         net (fo=0)                   0.000     0.000    Clk
    E3                   IBUF (Prop_ibuf_I_O)         0.438     0.438 r  Clk_IBUF_inst/O
                         net (fo=1, routed)           0.699     1.136    Clk_IBUF
    BUFGCTRL_X0Y16       BUFG (Prop_bufg_I_O)         0.029     1.165 r  Clk_IBUF_BUFG_inst/O
                         net (fo=3578, routed)        0.819     1.984    cpu/decode_instance/Clk_IBUF_BUFG
    SLICE_X35Y125        FDRE                                         r  cpu/decode_instance/DataIn20_15_reg[3]/C

Slack:                    inf
  Source:                 cpu/decode_instance/reg_file/ReadData1_reg[9]/G
                            (positive level-sensitive latch)
  Destination:            cpu/decode_instance/DataIn25_21_reg[9]/D
                            (rising edge-triggered cell FDRE clocked by Clk  {rise@0.000ns fall@1.700ns period=3.400ns})
  Path Group:             (none)
  Path Type:              Hold (Min at Fast Process Corner)
  Data Path Delay:        0.297ns  (logic 0.158ns (53.161%)  route 0.139ns (46.839%))
  Logic Levels:           1  (LDCE=1)
  Clock Uncertainty:      0.025ns  ((TSJ^2 + TIJ^2)^1/2 + DJ) / 2 + PE
    Total System Jitter     (TSJ):    0.050ns
    Total Input Jitter      (TIJ):    0.000ns
    Discrete Jitter          (DJ):    0.000ns
    Phase Error              (PE):    0.000ns

    Location             Delay type                Incr(ns)  Path(ns)    Netlist Resource(s)
  -------------------------------------------------------------------    -------------------
    SLICE_X36Y125        LDCE                         0.000     0.000 r  cpu/decode_instance/reg_file/ReadData1_reg[9]/G
    SLICE_X36Y125        LDCE (EnToQ_ldce_G_Q)        0.158     0.158 r  cpu/decode_instance/reg_file/ReadData1_reg[9]/Q
                         net (fo=1, routed)           0.139     0.297    cpu/decode_instance/DataIn25_21Wire[9]
    SLICE_X36Y124        FDRE                                         r  cpu/decode_instance/DataIn25_21_reg[9]/D
  -------------------------------------------------------------------    -------------------

                         (clock Clk rise edge)        0.000     0.000 r  
    E3                                                0.000     0.000 r  Clk (IN)
                         net (fo=0)                   0.000     0.000    Clk
    E3                   IBUF (Prop_ibuf_I_O)         0.438     0.438 r  Clk_IBUF_inst/O
                         net (fo=1, routed)           0.699     1.136    Clk_IBUF
    BUFGCTRL_X0Y16       BUFG (Prop_bufg_I_O)         0.029     1.165 r  Clk_IBUF_BUFG_inst/O
                         net (fo=3578, routed)        0.819     1.984    cpu/decode_instance/Clk_IBUF_BUFG
    SLICE_X36Y124        FDRE                                         r  cpu/decode_instance/DataIn25_21_reg[9]/C

Slack:                    inf
  Source:                 cpu/decode_instance/reg_file/ReadData1_reg[8]/G
                            (positive level-sensitive latch)
  Destination:            cpu/decode_instance/DataIn25_21_reg[8]/D
                            (rising edge-triggered cell FDRE clocked by Clk  {rise@0.000ns fall@1.700ns period=3.400ns})
  Path Group:             (none)
  Path Type:              Hold (Min at Fast Process Corner)
  Data Path Delay:        0.301ns  (logic 0.158ns (52.450%)  route 0.143ns (47.550%))
  Logic Levels:           1  (LDCE=1)
  Clock Uncertainty:      0.025ns  ((TSJ^2 + TIJ^2)^1/2 + DJ) / 2 + PE
    Total System Jitter     (TSJ):    0.050ns
    Total Input Jitter      (TIJ):    0.000ns
    Discrete Jitter          (DJ):    0.000ns
    Phase Error              (PE):    0.000ns

    Location             Delay type                Incr(ns)  Path(ns)    Netlist Resource(s)
  -------------------------------------------------------------------    -------------------
    SLICE_X37Y125        LDCE                         0.000     0.000 r  cpu/decode_instance/reg_file/ReadData1_reg[8]/G
    SLICE_X37Y125        LDCE (EnToQ_ldce_G_Q)        0.158     0.158 r  cpu/decode_instance/reg_file/ReadData1_reg[8]/Q
                         net (fo=1, routed)           0.143     0.301    cpu/decode_instance/DataIn25_21Wire[8]
    SLICE_X36Y124        FDRE                                         r  cpu/decode_instance/DataIn25_21_reg[8]/D
  -------------------------------------------------------------------    -------------------

                         (clock Clk rise edge)        0.000     0.000 r  
    E3                                                0.000     0.000 r  Clk (IN)
                         net (fo=0)                   0.000     0.000    Clk
    E3                   IBUF (Prop_ibuf_I_O)         0.438     0.438 r  Clk_IBUF_inst/O
                         net (fo=1, routed)           0.699     1.136    Clk_IBUF
    BUFGCTRL_X0Y16       BUFG (Prop_bufg_I_O)         0.029     1.165 r  Clk_IBUF_BUFG_inst/O
                         net (fo=3578, routed)        0.819     1.984    cpu/decode_instance/Clk_IBUF_BUFG
    SLICE_X36Y124        FDRE                                         r  cpu/decode_instance/DataIn25_21_reg[8]/C





