#-----------------------------------------------------------
# Vivado v2022.2 (64-bit)
# SW Build 3671981 on Fri Oct 14 05:00:03 MDT 2022
# IP Build 3669848 on Fri Oct 14 08:30:02 MDT 2022
# Start of session at: Sat Dec  7 12:43:40 2024
# Process ID: 21716
# Current directory: C:/Users/ryfon/Documents/Code/comp/ECE369/Lab_4/frank2022
# Command line: vivado.exe -gui_launcher_event rodinguilauncherevent6416 C:\Users\ryfon\Documents\Code\comp\ECE369\Lab_4\frank2022\frank2022.xpr
# Log file: C:/Users/ryfon/Documents/Code/comp/ECE369/Lab_4/frank2022/vivado.log
# Journal file: C:/Users/ryfon/Documents/Code/comp/ECE369/Lab_4/frank2022\vivado.jou
# Running On: zeroDay, OS: Windows, CPU Frequency: 3400 MHz, CPU Physical cores: 16, Host memory: 68639 MB
#-----------------------------------------------------------
start_gui
WARNING: [Board 49-26] cannot add Board Part xilinx.com:k26c:part0:1.2 available at C:/Xilinx/Vivado/2022.2/data/xhub/boards/XilinxBoardStore/boards/Xilinx/k26c/1.2/board.xml as part xck26-sfvc784-2lv-c specified in board_part file is either invalid or not available
WARNING: [Board 49-26] cannot add Board Part xilinx.com:k26c:part0:1.3 available at C:/Xilinx/Vivado/2022.2/data/xhub/boards/XilinxBoardStore/boards/Xilinx/k26c/1.3/board.xml as part xck26-sfvc784-2lv-c specified in board_part file is either invalid or not available
WARNING: [Board 49-26] cannot add Board Part xilinx.com:k26c:part0:1.4 available at C:/Xilinx/Vivado/2022.2/data/xhub/boards/XilinxBoardStore/boards/Xilinx/k26c/1.4/board.xml as part xck26-sfvc784-2lv-c specified in board_part file is either invalid or not available
WARNING: [Board 49-26] cannot add Board Part xilinx.com:k26i:part0:1.2 available at C:/Xilinx/Vivado/2022.2/data/xhub/boards/XilinxBoardStore/boards/Xilinx/k26i/1.2/board.xml as part xck26-sfvc784-2lvi-i specified in board_part file is either invalid or not available
WARNING: [Board 49-26] cannot add Board Part xilinx.com:k26i:part0:1.3 available at C:/Xilinx/Vivado/2022.2/data/xhub/boards/XilinxBoardStore/boards/Xilinx/k26i/1.3/board.xml as part xck26-sfvc784-2lvi-i specified in board_part file is either invalid or not available
WARNING: [Board 49-26] cannot add Board Part xilinx.com:k26i:part0:1.4 available at C:/Xilinx/Vivado/2022.2/data/xhub/boards/XilinxBoardStore/boards/Xilinx/k26i/1.4/board.xml as part xck26-sfvc784-2lvi-i specified in board_part file is either invalid or not available
WARNING: [Board 49-26] cannot add Board Part xilinx.com:kc705:part0:1.6 available at C:/Xilinx/Vivado/2022.2/data/xhub/boards/XilinxBoardStore/boards/Xilinx/kc705/1.6/board.xml as part xc7k325tffg900-2 specified in board_part file is either invalid or not available
WARNING: [Board 49-26] cannot add Board Part xilinx.com:kcu105:part0:1.6 available at C:/Xilinx/Vivado/2022.2/data/xhub/boards/XilinxBoardStore/boards/Xilinx/kcu105/1.6/board.xml as part xcku040-ffva1156-2-e specified in board_part file is either invalid or not available
WARNING: [Board 49-26] cannot add Board Part xilinx.com:kcu105:part0:1.7 available at C:/Xilinx/Vivado/2022.2/data/xhub/boards/XilinxBoardStore/boards/Xilinx/kcu105/1.7/board.xml as part xcku040-ffva1156-2-e specified in board_part file is either invalid or not available
WARNING: [Board 49-26] cannot add Board Part xilinx.com:kcu116:part0:1.4 available at C:/Xilinx/Vivado/2022.2/data/xhub/boards/XilinxBoardStore/boards/Xilinx/kcu116/1.4/board.xml as part xcku5p-ffvb676-2-e specified in board_part file is either invalid or not available
WARNING: [Board 49-26] cannot add Board Part xilinx.com:kcu116:part0:1.5 available at C:/Xilinx/Vivado/2022.2/data/xhub/boards/XilinxBoardStore/boards/Xilinx/kcu116/1.5/board.xml as part xcku5p-ffvb676-2-e specified in board_part file is either invalid or not available
WARNING: [Board 49-26] cannot add Board Part xilinx.com:kcu1500:part0:1.2 available at C:/Xilinx/Vivado/2022.2/data/xhub/boards/XilinxBoardStore/boards/Xilinx/kcu1500/1.2/board.xml as part xcku115-flvb2104-2-e specified in board_part file is either invalid or not available
WARNING: [Board 49-26] cannot add Board Part xilinx.com:kr260_som:part0:1.0 available at C:/Xilinx/Vivado/2022.2/data/xhub/boards/XilinxBoardStore/boards/Xilinx/kr260_som/1.0/board.xml as part xck26-sfvc784-2lv-c specified in board_part file is either invalid or not available
WARNING: [Board 49-26] cannot add Board Part xilinx.com:kr260_som:part0:1.1 available at C:/Xilinx/Vivado/2022.2/data/xhub/boards/XilinxBoardStore/boards/Xilinx/kr260_som/1.1/board.xml as part xck26-sfvc784-2lv-c specified in board_part file is either invalid or not available
WARNING: [Board 49-26] cannot add Board Part xilinx.com:kv260_som:part0:1.2 available at C:/Xilinx/Vivado/2022.2/data/xhub/boards/XilinxBoardStore/boards/Xilinx/kv260_som/1.2/board.xml as part xck26-sfvc784-2lv-c specified in board_part file is either invalid or not available
WARNING: [Board 49-26] cannot add Board Part xilinx.com:kv260_som:part0:1.3 available at C:/Xilinx/Vivado/2022.2/data/xhub/boards/XilinxBoardStore/boards/Xilinx/kv260_som/1.3/board.xml as part xck26-sfvc784-2lv-c specified in board_part file is either invalid or not available
WARNING: [Board 49-26] cannot add Board Part xilinx.com:kv260_som:part0:1.4 available at C:/Xilinx/Vivado/2022.2/data/xhub/boards/XilinxBoardStore/boards/Xilinx/kv260_som/1.4/board.xml as part xck26-sfvc784-2lv-c specified in board_part file is either invalid or not available
WARNING: [Board 49-26] cannot add Board Part xilinx.com:vc707:part0:1.4 available at C:/Xilinx/Vivado/2022.2/data/xhub/boards/XilinxBoardStore/boards/Xilinx/vc707/1.4/board.xml as part xc7vx485tffg1761-2 specified in board_part file is either invalid or not available
WARNING: [Board 49-26] cannot add Board Part xilinx.com:vc709:part0:1.8 available at C:/Xilinx/Vivado/2022.2/data/xhub/boards/XilinxBoardStore/boards/Xilinx/vc709/1.8/board.xml as part xc7vx690tffg1761-2 specified in board_part file is either invalid or not available
WARNING: [Board 49-26] cannot add Board Part xilinx.com:vck190:part0:2.2 available at C:/Xilinx/Vivado/2022.2/data/xhub/boards/XilinxBoardStore/boards/Xilinx/vck190/production/2.2/board.xml as part xcvc1902-vsva2197-2mp-e-s specified in board_part file is either invalid or not available
WARNING: [Board 49-26] cannot add Board Part xilinx.com:vck190:part0:3.0 available at C:/Xilinx/Vivado/2022.2/data/xhub/boards/XilinxBoardStore/boards/Xilinx/vck190/production/3.0/board.xml as part xcvc1902-vsva2197-2mp-e-s specified in board_part file is either invalid or not available
WARNING: [Board 49-26] cannot add Board Part xilinx.com:vck190:part0:3.1 available at C:/Xilinx/Vivado/2022.2/data/xhub/boards/XilinxBoardStore/boards/Xilinx/vck190/production/3.1/board.xml as part xcvc1902-vsva2197-2mp-e-s specified in board_part file is either invalid or not available
WARNING: [Board 49-26] cannot add Board Part xilinx.com:vck190_newl:part0:1.0 available at C:/Xilinx/Vivado/2022.2/data/xhub/boards/XilinxBoardStore/boards/Xilinx/vck190_newl/production/1.0/board.xml as part xcvc1902-vsva2197-2mp-e-s specified in board_part file is either invalid or not available
WARNING: [Board 49-26] cannot add Board Part xilinx.com:vcu108:part0:1.6 available at C:/Xilinx/Vivado/2022.2/data/xhub/boards/XilinxBoardStore/boards/Xilinx/vcu108/1.6/board.xml as part xcvu095-ffva2104-2-e specified in board_part file is either invalid or not available
WARNING: [Board 49-26] cannot add Board Part xilinx.com:vcu108:part0:1.7 available at C:/Xilinx/Vivado/2022.2/data/xhub/boards/XilinxBoardStore/boards/Xilinx/vcu108/1.7/board.xml as part xcvu095-ffva2104-2-e specified in board_part file is either invalid or not available
WARNING: [Board 49-26] cannot add Board Part xilinx.com:vcu110:part0:1.4 available at C:/Xilinx/Vivado/2022.2/data/xhub/boards/XilinxBoardStore/boards/Xilinx/vcu110/1.4/board.xml as part xcvu190-flgc2104-2-e specified in board_part file is either invalid or not available
WARNING: [Board 49-26] cannot add Board Part xilinx.com:vcu118:part0:2.0 available at C:/Xilinx/Vivado/2022.2/data/xhub/boards/XilinxBoardStore/boards/Xilinx/vcu118/2.0/board.xml as part xcvu9p-flga2104-2l-e specified in board_part file is either invalid or not available
WARNING: [Board 49-26] cannot add Board Part xilinx.com:vcu118:part0:2.3 available at C:/Xilinx/Vivado/2022.2/data/xhub/boards/XilinxBoardStore/boards/Xilinx/vcu118/2.3/board.xml as part xcvu9p-flga2104-2l-e specified in board_part file is either invalid or not available
WARNING: [Board 49-26] cannot add Board Part xilinx.com:vcu118:part0:2.4 available at C:/Xilinx/Vivado/2022.2/data/xhub/boards/XilinxBoardStore/boards/Xilinx/vcu118/2.4/board.xml as part xcvu9p-flga2104-2l-e specified in board_part file is either invalid or not available
WARNING: [Board 49-26] cannot add Board Part xilinx.com:vcu128:part0:1.0 available at C:/Xilinx/Vivado/2022.2/data/xhub/boards/XilinxBoardStore/boards/Xilinx/vcu128/production/1.0/board.xml as part xcvu37p-fsvh2892-2l-e specified in board_part file is either invalid or not available
WARNING: [Board 49-26] cannot add Board Part xilinx.com:vcu129:part0:1.0 available at C:/Xilinx/Vivado/2022.2/data/xhub/boards/XilinxBoardStore/boards/Xilinx/vcu129/production/1.0/board.xml as part xcvu29p-fsga2577-2l-e specified in board_part file is either invalid or not available
WARNING: [Board 49-26] cannot add Board Part xilinx.com:vcu1525:part0:1.3 available at C:/Xilinx/Vivado/2022.2/data/xhub/boards/XilinxBoardStore/boards/Xilinx/vcu1525/1.3/board.xml as part xcvu9p-fsgd2104-2l-e specified in board_part file is either invalid or not available
WARNING: [Board 49-26] cannot add Board Part xilinx.com:vek280_es:part0:1.0 available at C:/Xilinx/Vivado/2022.2/data/xhub/boards/XilinxBoardStore/boards/Xilinx/vek280/es/1.0/board.xml as part xcve2802-vsvh1760-2lp-e-s-es1 specified in board_part file is either invalid or not available
WARNING: [Board 49-26] cannot add Board Part xilinx.com:vermeo_t1_mpsoc:part0:1.0 available at C:/Xilinx/Vivado/2022.2/data/xhub/boards/XilinxBoardStore/boards/Xilinx/vermeo_t1_mpsoc/1.0/board.xml as part xczu19eg-ffvd1760-2l-e specified in board_part file is either invalid or not available
WARNING: [Board 49-26] cannot add Board Part xilinx.com:vermeo_t1_rfsoc:part0:1.0 available at C:/Xilinx/Vivado/2022.2/data/xhub/boards/XilinxBoardStore/boards/Xilinx/vermeo_t1_rfsoc/1.0/board.xml as part xczu21dr-ffvd1156-2l-e specified in board_part file is either invalid or not available
WARNING: [Board 49-26] cannot add Board Part xilinx.com:vhk158_es:part0:1.0 available at C:/Xilinx/Vivado/2022.2/data/xhub/boards/XilinxBoardStore/boards/Xilinx/vhk158/es/1.0/board.xml as part xcvh1582-vsva3697-2mp-e-s-es1 specified in board_part file is either invalid or not available
WARNING: [Board 49-26] cannot add Board Part xilinx.com:vmk180:part0:2.2 available at C:/Xilinx/Vivado/2022.2/data/xhub/boards/XilinxBoardStore/boards/Xilinx/vmk180/production/2.2/board.xml as part xcvm1802-vsva2197-2mp-e-s specified in board_part file is either invalid or not available
WARNING: [Board 49-26] cannot add Board Part xilinx.com:vmk180:part0:3.0 available at C:/Xilinx/Vivado/2022.2/data/xhub/boards/XilinxBoardStore/boards/Xilinx/vmk180/production/3.0/board.xml as part xcvm1802-vsva2197-2mp-e-s specified in board_part file is either invalid or not available
WARNING: [Board 49-26] cannot add Board Part xilinx.com:vmk180:part0:3.1 available at C:/Xilinx/Vivado/2022.2/data/xhub/boards/XilinxBoardStore/boards/Xilinx/vmk180/production/3.1/board.xml as part xcvm1802-vsva2197-2mp-e-s specified in board_part file is either invalid or not available
WARNING: [Board 49-26] cannot add Board Part xilinx.com:vmk180_newl:part0:1.0 available at C:/Xilinx/Vivado/2022.2/data/xhub/boards/XilinxBoardStore/boards/Xilinx/vmk180_newl/production/1.0/board.xml as part xcvm1802-vsva2197-2mp-e-s specified in board_part file is either invalid or not available
WARNING: [Board 49-26] cannot add Board Part xilinx.com:vpk120:part0:1.0 available at C:/Xilinx/Vivado/2022.2/data/xhub/boards/XilinxBoardStore/boards/Xilinx/vpk120/production/1.0/board.xml as part xcvp1202-vsva2785-2mp-e-s specified in board_part file is either invalid or not available
WARNING: [Board 49-26] cannot add Board Part xilinx.com:vpk120_es:part0:1.2 available at C:/Xilinx/Vivado/2022.2/data/xhub/boards/XilinxBoardStore/boards/Xilinx/vpk120/es/1.2/board.xml as part xcvp1202-vsva2785-2mp-e-s-es1 specified in board_part file is either invalid or not available
WARNING: [Board 49-26] cannot add Board Part xilinx.com:vpk120_es_revb:part0:1.0 available at C:/Xilinx/Vivado/2022.2/data/xhub/boards/XilinxBoardStore/boards/Xilinx/vpk120_revb/es/1.0/board.xml as part xcvp1202-vsva2785-2mp-e-s-es1 specified in board_part file is either invalid or not available
WARNING: [Board 49-26] cannot add Board Part xilinx.com:vpk180_es:part0:1.0 available at C:/Xilinx/Vivado/2022.2/data/xhub/boards/XilinxBoardStore/boards/Xilinx/vpk180/es/1.0/board.xml as part xcvp1802-lsvc4072-2mp-e-s-es1 specified in board_part file is either invalid or not available
WARNING: [Board 49-26] cannot add Board Part xilinx.com:zc702:part0:1.4 available at C:/Xilinx/Vivado/2022.2/data/xhub/boards/XilinxBoardStore/boards/Xilinx/zc702/1.4/board.xml as part xc7z020clg484-1 specified in board_part file is either invalid or not available
WARNING: [Board 49-26] cannot add Board Part xilinx.com:zc706:part0:1.4 available at C:/Xilinx/Vivado/2022.2/data/xhub/boards/XilinxBoardStore/boards/Xilinx/zc706/1.4/board.xml as part xc7z045ffg900-2 specified in board_part file is either invalid or not available
WARNING: [Board 49-26] cannot add Board Part xilinx.com:zcu102:part0:3.3 available at C:/Xilinx/Vivado/2022.2/data/xhub/boards/XilinxBoardStore/boards/Xilinx/zcu102/3.3/board.xml as part xczu9eg-ffvb1156-2-e specified in board_part file is either invalid or not available
WARNING: [Board 49-26] cannot add Board Part xilinx.com:zcu102:part0:3.4 available at C:/Xilinx/Vivado/2022.2/data/xhub/boards/XilinxBoardStore/boards/Xilinx/zcu102/3.4/board.xml as part xczu9eg-ffvb1156-2-e specified in board_part file is either invalid or not available
WARNING: [Board 49-26] cannot add Board Part xilinx.com:zcu104:part0:1.1 available at C:/Xilinx/Vivado/2022.2/data/xhub/boards/XilinxBoardStore/boards/Xilinx/zcu104/1.1/board.xml as part xczu7ev-ffvc1156-2-e specified in board_part file is either invalid or not available
WARNING: [Board 49-26] cannot add Board Part xilinx.com:zcu106:part0:2.4 available at C:/Xilinx/Vivado/2022.2/data/xhub/boards/XilinxBoardStore/boards/Xilinx/zcu106/2.4/board.xml as part xczu7ev-ffvc1156-2-e specified in board_part file is either invalid or not available
WARNING: [Board 49-26] cannot add Board Part xilinx.com:zcu106:part0:2.5 available at C:/Xilinx/Vivado/2022.2/data/xhub/boards/XilinxBoardStore/boards/Xilinx/zcu106/2.5/board.xml as part xczu7ev-ffvc1156-2-e specified in board_part file is either invalid or not available
WARNING: [Board 49-26] cannot add Board Part xilinx.com:zcu106:part0:2.6 available at C:/Xilinx/Vivado/2022.2/data/xhub/boards/XilinxBoardStore/boards/Xilinx/zcu106/2.6/board.xml as part xczu7ev-ffvc1156-2-e specified in board_part file is either invalid or not available
WARNING: [Board 49-26] cannot add Board Part xilinx.com:zcu111:part0:1.2 available at C:/Xilinx/Vivado/2022.2/data/xhub/boards/XilinxBoardStore/boards/Xilinx/zcu111/1.2/board.xml as part xczu28dr-ffvg1517-2-e specified in board_part file is either invalid or not available
WARNING: [Board 49-26] cannot add Board Part xilinx.com:zcu111:part0:1.3 available at C:/Xilinx/Vivado/2022.2/data/xhub/boards/XilinxBoardStore/boards/Xilinx/zcu111/1.3/board.xml as part xczu28dr-ffvg1517-2-e specified in board_part file is either invalid or not available
WARNING: [Board 49-26] cannot add Board Part xilinx.com:zcu111:part0:1.4 available at C:/Xilinx/Vivado/2022.2/data/xhub/boards/XilinxBoardStore/boards/Xilinx/zcu111/1.4/board.xml as part xczu28dr-ffvg1517-2-e specified in board_part file is either invalid or not available
WARNING: [Board 49-26] cannot add Board Part xilinx.com:zcu1275:part0:1.0 available at C:/Xilinx/Vivado/2022.2/data/xhub/boards/XilinxBoardStore/boards/Xilinx/zcu1275/1.0/board.xml as part xczu29dr-ffvf1760-2-e specified in board_part file is either invalid or not available
WARNING: [Board 49-26] cannot add Board Part xilinx.com:zcu1285:part0:1.0 available at C:/Xilinx/Vivado/2022.2/data/xhub/boards/XilinxBoardStore/boards/Xilinx/zcu1285/1.0/board.xml as part xczu39dr-ffvf1760-2-i specified in board_part file is either invalid or not available
WARNING: [Board 49-26] cannot add Board Part xilinx.com:zcu208:part0:2.0 available at C:/Xilinx/Vivado/2022.2/data/xhub/boards/XilinxBoardStore/boards/Xilinx/zcu208/production/2.0/board.xml as part xczu48dr-fsvg1517-2-e specified in board_part file is either invalid or not available
WARNING: [Board 49-26] cannot add Board Part xilinx.com:zcu208ld:part0:2.0 available at C:/Xilinx/Vivado/2022.2/data/xhub/boards/XilinxBoardStore/boards/Xilinx/zcu208ld/production/2.0/board.xml as part xczu58dr-fsvg1517-2-i specified in board_part file is either invalid or not available
WARNING: [Board 49-26] cannot add Board Part xilinx.com:zcu216:part0:2.0 available at C:/Xilinx/Vivado/2022.2/data/xhub/boards/XilinxBoardStore/boards/Xilinx/zcu216/production/2.0/board.xml as part xczu49dr-ffvf1760-2-e specified in board_part file is either invalid or not available
WARNING: [Board 49-26] cannot add Board Part xilinx.com:zcu216ld:part0:2.0 available at C:/Xilinx/Vivado/2022.2/data/xhub/boards/XilinxBoardStore/boards/Xilinx/zcu216ld/production/2.0/board.xml as part xczu59dr-ffvf1760-2-i specified in board_part file is either invalid or not available
WARNING: [Board 49-26] cannot add Board Part xilinx.com:zcu670:part0:2.0 available at C:/Xilinx/Vivado/2022.2/data/xhub/boards/XilinxBoardStore/boards/Xilinx/zcu670/2.0/board.xml as part xczu67dr-fsve1156-2-i specified in board_part file is either invalid or not available
WARNING: [Board 49-26] cannot add Board Part xilinx.com:zcu670ld:part0:1.0 available at C:/Xilinx/Vivado/2022.2/data/xhub/boards/XilinxBoardStore/boards/Xilinx/zcu670ld/1.0/board.xml as part xczu57dr-fsve1156-2-i specified in board_part file is either invalid or not available
open_project C:/Users/ryfon/Documents/Code/comp/ECE369/Lab_4/frank2022/frank2022.xpr
INFO: [Project 1-313] Project file moved from 'C:/Users/ahmad/Documents/GitHub/ECE369/Lab_4/frank2022' since last save.
WARNING: [filemgmt 56-2] Board Part Repository Path: Could not find the directory 'C:/Users/ryfon/Documents/AppData/Roaming/Xilinx/Vivado/2020.2/xhub/board_store/xilinx_board_store', nor could it be found using path 'C:/Users/ahmad/AppData/Roaming/Xilinx/Vivado/2020.2/xhub/board_store/xilinx_board_store'.
INFO: [filemgmt 56-3] Default IP Output Path : Could not find the directory 'C:/Users/ryfon/Documents/Code/comp/ECE369/Lab_4/frank2022/frank2022.gen/sources_1'.
Scanning sources...
Finished scanning sources
INFO: [IP_Flow 19-234] Refreshing IP repositories
INFO: [IP_Flow 19-1704] No user IP repositories specified
INFO: [IP_Flow 19-2313] Loaded Vivado IP repository 'C:/Xilinx/Vivado/2022.2/data/ip'.
update_compile_order -fileset sources_1
update_compile_order -fileset sim_1
reset_run synth_1
INFO: [Project 1-1161] Replacing file C:/Users/ryfon/Documents/Code/comp/ECE369/Lab_4/frank2022/frank2022.srcs/utils_1/imports/synth_1/WinRARTop.dcp with file C:/Users/ryfon/Documents/Code/comp/ECE369/Lab_4/frank2022/frank2022.runs/synth_1/WinRARTop.dcp
launch_runs impl_1 -to_step write_bitstream -jobs 16
[Sat Dec  7 12:44:17 2024] Launched synth_1...
Run output will be captured here: C:/Users/ryfon/Documents/Code/comp/ECE369/Lab_4/frank2022/frank2022.runs/synth_1/runme.log
[Sat Dec  7 12:44:18 2024] Launched impl_1...
Run output will be captured here: C:/Users/ryfon/Documents/Code/comp/ECE369/Lab_4/frank2022/frank2022.runs/impl_1/runme.log
open_run impl_1
INFO: [Device 21-403] Loading part xc7a100tcsg324-1
Netlist sorting complete. Time (s): cpu = 00:00:00 ; elapsed = 00:00:00.047 . Memory (MB): peak = 1566.027 ; gain = 0.000
INFO: [Netlist 29-17] Analyzing 360 Unisim elements for replacement
INFO: [Netlist 29-28] Unisim Transformation completed in 0 CPU seconds
INFO: [Project 1-479] Netlist was created with Vivado 2022.2
INFO: [Project 1-570] Preparing netlist for logic optimization
INFO: [Timing 38-478] Restoring timing data from binary archive.
INFO: [Timing 38-479] Binary timing data restore complete.
INFO: [Project 1-856] Restoring constraints from binary archive.
INFO: [Project 1-853] Binary constraint restore complete.
Reading XDEF placement.
Reading placer database...
Reading XDEF routing.
Read XDEF Files: Time (s): cpu = 00:00:00 ; elapsed = 00:00:00.298 . Memory (MB): peak = 2086.805 ; gain = 0.000
Restored from archive | CPU: 0.000000 secs | Memory: 0.000000 MB |
Finished XDEF File Restore: Time (s): cpu = 00:00:00 ; elapsed = 00:00:00.298 . Memory (MB): peak = 2086.805 ; gain = 0.000
Netlist sorting complete. Time (s): cpu = 00:00:00 ; elapsed = 00:00:00.001 . Memory (MB): peak = 2086.805 ; gain = 0.000
INFO: [Project 1-111] Unisim Transformation Summary:
No Unisim elements were transformed.

open_run: Time (s): cpu = 00:00:12 ; elapsed = 00:00:11 . Memory (MB): peak = 2247.918 ; gain = 1051.055
report_timing_summary -delay_type min_max -report_unconstrained -check_timing_verbose -max_paths 10 -input_pins -routable_nets -name timing_1
INFO: [Timing 38-91] UpdateTimingParams: Speed grade: -1, Delay Type: min_max.
INFO: [Timing 38-191] Multithreading enabled for timing update using a maximum of 2 CPUs
report_timing_summary -delay_type min_max -report_unconstrained -check_timing_verbose -max_paths 10 -input_pins -routable_nets -name timing_2
INFO: [Timing 38-91] UpdateTimingParams: Speed grade: -1, Delay Type: min_max.
INFO: [Timing 38-191] Multithreading enabled for timing update using a maximum of 2 CPUs
report_timing_summary -delay_type min_max -report_unconstrained -check_timing_verbose -max_paths 10 -input_pins -routable_nets -name timing_3
INFO: [Timing 38-91] UpdateTimingParams: Speed grade: -1, Delay Type: min_max.
INFO: [Timing 38-191] Multithreading enabled for timing update using a maximum of 2 CPUs
reset_run synth_1
INFO: [Project 1-1161] Replacing file C:/Users/ryfon/Documents/Code/comp/ECE369/Lab_4/frank2022/frank2022.srcs/utils_1/imports/synth_1/WinRARTop.dcp with file C:/Users/ryfon/Documents/Code/comp/ECE369/Lab_4/frank2022/frank2022.runs/synth_1/WinRARTop.dcp
launch_runs impl_1 -jobs 16
[Sat Dec  7 12:57:58 2024] Launched synth_1...
Run output will be captured here: C:/Users/ryfon/Documents/Code/comp/ECE369/Lab_4/frank2022/frank2022.runs/synth_1/runme.log
[Sat Dec  7 12:57:58 2024] Launched impl_1...
Run output will be captured here: C:/Users/ryfon/Documents/Code/comp/ECE369/Lab_4/frank2022/frank2022.runs/impl_1/runme.log
close_design
open_run impl_1
Netlist sorting complete. Time (s): cpu = 00:00:00 ; elapsed = 00:00:00.047 . Memory (MB): peak = 2298.199 ; gain = 0.000
INFO: [Netlist 29-17] Analyzing 360 Unisim elements for replacement
INFO: [Netlist 29-28] Unisim Transformation completed in 0 CPU seconds
INFO: [Project 1-479] Netlist was created with Vivado 2022.2
INFO: [Project 1-570] Preparing netlist for logic optimization
INFO: [Timing 38-478] Restoring timing data from binary archive.
INFO: [Timing 38-479] Binary timing data restore complete.
INFO: [Project 1-856] Restoring constraints from binary archive.
INFO: [Project 1-853] Binary constraint restore complete.
Reading XDEF placement.
Reading placer database...
Reading XDEF routing.
Read XDEF Files: Time (s): cpu = 00:00:00 ; elapsed = 00:00:00.295 . Memory (MB): peak = 2298.199 ; gain = 0.000
Restored from archive | CPU: 0.000000 secs | Memory: 0.000000 MB |
Finished XDEF File Restore: Time (s): cpu = 00:00:00 ; elapsed = 00:00:00.295 . Memory (MB): peak = 2298.199 ; gain = 0.000
Netlist sorting complete. Time (s): cpu = 00:00:00 ; elapsed = 00:00:00.001 . Memory (MB): peak = 2298.199 ; gain = 0.000
INFO: [Project 1-111] Unisim Transformation Summary:
No Unisim elements were transformed.

report_timing_summary -delay_type min_max -report_unconstrained -check_timing_verbose -max_paths 10 -input_pins -routable_nets -name timing_1
INFO: [Timing 38-91] UpdateTimingParams: Speed grade: -1, Delay Type: min_max.
INFO: [Timing 38-191] Multithreading enabled for timing update using a maximum of 2 CPUs
reset_run synth_1
INFO: [Project 1-1161] Replacing file C:/Users/ryfon/Documents/Code/comp/ECE369/Lab_4/frank2022/frank2022.srcs/utils_1/imports/synth_1/WinRARTop.dcp with file C:/Users/ryfon/Documents/Code/comp/ECE369/Lab_4/frank2022/frank2022.runs/synth_1/WinRARTop.dcp
close_design
launch_runs impl_1 -jobs 16
[Sat Dec  7 13:54:15 2024] Launched synth_1...
Run output will be captured here: C:/Users/ryfon/Documents/Code/comp/ECE369/Lab_4/frank2022/frank2022.runs/synth_1/runme.log
[Sat Dec  7 13:54:15 2024] Launched impl_1...
Run output will be captured here: C:/Users/ryfon/Documents/Code/comp/ECE369/Lab_4/frank2022/frank2022.runs/impl_1/runme.log
open_run impl_1
Netlist sorting complete. Time (s): cpu = 00:00:00 ; elapsed = 00:00:00.048 . Memory (MB): peak = 2302.566 ; gain = 0.000
INFO: [Netlist 29-17] Analyzing 360 Unisim elements for replacement
INFO: [Netlist 29-28] Unisim Transformation completed in 0 CPU seconds
INFO: [Project 1-479] Netlist was created with Vivado 2022.2
INFO: [Project 1-570] Preparing netlist for logic optimization
INFO: [Timing 38-478] Restoring timing data from binary archive.
INFO: [Timing 38-479] Binary timing data restore complete.
INFO: [Project 1-856] Restoring constraints from binary archive.
INFO: [Project 1-853] Binary constraint restore complete.
Reading XDEF placement.
Reading placer database...
Reading XDEF routing.
Read XDEF Files: Time (s): cpu = 00:00:00 ; elapsed = 00:00:00.286 . Memory (MB): peak = 2302.566 ; gain = 0.000
Restored from archive | CPU: 0.000000 secs | Memory: 0.000000 MB |
Finished XDEF File Restore: Time (s): cpu = 00:00:00 ; elapsed = 00:00:00.286 . Memory (MB): peak = 2302.566 ; gain = 0.000
Netlist sorting complete. Time (s): cpu = 00:00:00 ; elapsed = 00:00:00.001 . Memory (MB): peak = 2302.566 ; gain = 0.000
INFO: [Project 1-111] Unisim Transformation Summary:
No Unisim elements were transformed.

launch_runs impl_1 -to_step write_bitstream -jobs 16
[Sat Dec  7 13:57:47 2024] Launched impl_1...
Run output will be captured here: C:/Users/ryfon/Documents/Code/comp/ECE369/Lab_4/frank2022/frank2022.runs/impl_1/runme.log
launch_simulation -mode post-implementation -type functional
Command: launch_simulation  -mode post-implementation -type functional
INFO: [Vivado 12-12493] Simulation top is 'WinRAR_tb'
WARNING: [Vivado 12-13340] Unable to auto find GCC executables from simulator install path! (path not set)
WARNING: [Vivado 12-13277] Compiled library path does not exist: ''
INFO: [Vivado 12-5682] Launching post-implementation functional simulation in 'C:/Users/ryfon/Documents/Code/comp/ECE369/Lab_4/frank2022/frank2022.sim/sim_1/impl/func/xsim'
INFO: [SIM-utils-51] Simulation object is 'sim_1'
INFO: [SIM-utils-72] Using boost library from 'C:/Xilinx/Vivado/2022.2/tps/boost_1_72_0'
INFO: [SIM-utils-31] Writing simulation netlist file for design 'impl_1'...
INFO: [SIM-utils-32] write_verilog -mode funcsim -nolib -force -file "C:/Users/ryfon/Documents/Code/comp/ECE369/Lab_4/frank2022/frank2022.sim/sim_1/impl/func/xsim/WinRAR_tb_func_impl.v"
INFO: [SIM-utils-36] Netlist generated:C:/Users/ryfon/Documents/Code/comp/ECE369/Lab_4/frank2022/frank2022.sim/sim_1/impl/func/xsim/WinRAR_tb_func_impl.v
INFO: [SIM-utils-54] Inspecting design source files for 'WinRAR_tb' in fileset 'sim_1'...
INFO: [SIM-utils-43] Exported 'C:/Users/ryfon/Documents/Code/comp/ECE369/Lab_4/frank2022/frank2022.sim/sim_1/impl/func/xsim/Mem32.mem'
INFO: [SIM-utils-43] Exported 'C:/Users/ryfon/Documents/Code/comp/ECE369/Lab_4/frank2022/frank2022.sim/sim_1/impl/func/xsim/Mem40.mem'
INFO: [SIM-utils-43] Exported 'C:/Users/ryfon/Documents/Code/comp/ECE369/Lab_4/frank2022/frank2022.sim/sim_1/impl/func/xsim/Mem59.mem'
INFO: [SIM-utils-43] Exported 'C:/Users/ryfon/Documents/Code/comp/ECE369/Lab_4/frank2022/frank2022.sim/sim_1/impl/func/xsim/Mem24.mem'
INFO: [SIM-utils-43] Exported 'C:/Users/ryfon/Documents/Code/comp/ECE369/Lab_4/frank2022/frank2022.sim/sim_1/impl/func/xsim/data_memory.mem'
INFO: [SIM-utils-43] Exported 'C:/Users/ryfon/Documents/Code/comp/ECE369/Lab_4/frank2022/frank2022.sim/sim_1/impl/func/xsim/Mem42.mem'
INFO: [SIM-utils-43] Exported 'C:/Users/ryfon/Documents/Code/comp/ECE369/Lab_4/frank2022/frank2022.sim/sim_1/impl/func/xsim/Mem16.mem'
INFO: [SIM-utils-43] Exported 'C:/Users/ryfon/Documents/Code/comp/ECE369/Lab_4/frank2022/frank2022.sim/sim_1/impl/func/xsim/Mem30.mem'
INFO: [SIM-utils-43] Exported 'C:/Users/ryfon/Documents/Code/comp/ECE369/Lab_4/frank2022/frank2022.sim/sim_1/impl/func/xsim/Mem34.mem'
INFO: [SIM-utils-43] Exported 'C:/Users/ryfon/Documents/Code/comp/ECE369/Lab_4/frank2022/frank2022.sim/sim_1/impl/func/xsim/Mem8.mem'
INFO: [SIM-utils-43] Exported 'C:/Users/ryfon/Documents/Code/comp/ECE369/Lab_4/frank2022/frank2022.sim/sim_1/impl/func/xsim/Mem18.mem'
INFO: [SIM-utils-43] Exported 'C:/Users/ryfon/Documents/Code/comp/ECE369/Lab_4/frank2022/frank2022.sim/sim_1/impl/func/xsim/Mem22.mem'
INFO: [SIM-utils-43] Exported 'C:/Users/ryfon/Documents/Code/comp/ECE369/Lab_4/frank2022/frank2022.sim/sim_1/impl/func/xsim/test1_instr.mem'
INFO: [SIM-utils-43] Exported 'C:/Users/ryfon/Documents/Code/comp/ECE369/Lab_4/frank2022/frank2022.sim/sim_1/impl/func/xsim/Mem36.mem'
INFO: [SIM-utils-43] Exported 'C:/Users/ryfon/Documents/Code/comp/ECE369/Lab_4/frank2022/frank2022.sim/sim_1/impl/func/xsim/Mem2.mem'
INFO: [SIM-utils-43] Exported 'C:/Users/ryfon/Documents/Code/comp/ECE369/Lab_4/frank2022/frank2022.sim/sim_1/impl/func/xsim/Mem49.mem'
INFO: [SIM-utils-43] Exported 'C:/Users/ryfon/Documents/Code/comp/ECE369/Lab_4/frank2022/frank2022.sim/sim_1/impl/func/xsim/Mem45.mem'
INFO: [SIM-utils-43] Exported 'C:/Users/ryfon/Documents/Code/comp/ECE369/Lab_4/frank2022/frank2022.sim/sim_1/impl/func/xsim/instruction.mem'
INFO: [SIM-utils-43] Exported 'C:/Users/ryfon/Documents/Code/comp/ECE369/Lab_4/frank2022/frank2022.sim/sim_1/impl/func/xsim/Mem28.mem'
INFO: [SIM-utils-43] Exported 'C:/Users/ryfon/Documents/Code/comp/ECE369/Lab_4/frank2022/frank2022.sim/sim_1/impl/func/xsim/Mem11.mem'
INFO: [SIM-utils-43] Exported 'C:/Users/ryfon/Documents/Code/comp/ECE369/Lab_4/frank2022/frank2022.sim/sim_1/impl/func/xsim/Mem1.mem'
INFO: [SIM-utils-43] Exported 'C:/Users/ryfon/Documents/Code/comp/ECE369/Lab_4/frank2022/frank2022.sim/sim_1/impl/func/xsim/Mem54.mem'
INFO: [SIM-utils-43] Exported 'C:/Users/ryfon/Documents/Code/comp/ECE369/Lab_4/frank2022/frank2022.sim/sim_1/impl/func/xsim/Mem37.mem'
INFO: [SIM-utils-43] Exported 'C:/Users/ryfon/Documents/Code/comp/ECE369/Lab_4/frank2022/frank2022.sim/sim_1/impl/func/xsim/Mem47.mem'
INFO: [SIM-utils-43] Exported 'C:/Users/ryfon/Documents/Code/comp/ECE369/Lab_4/frank2022/frank2022.sim/sim_1/impl/func/xsim/Mem60.mem'
INFO: [SIM-utils-43] Exported 'C:/Users/ryfon/Documents/Code/comp/ECE369/Lab_4/frank2022/frank2022.sim/sim_1/impl/func/xsim/Mem4.mem'
INFO: [SIM-utils-43] Exported 'C:/Users/ryfon/Documents/Code/comp/ECE369/Lab_4/frank2022/frank2022.sim/sim_1/impl/func/xsim/Mem64.mem'
INFO: [SIM-utils-43] Exported 'C:/Users/ryfon/Documents/Code/comp/ECE369/Lab_4/frank2022/frank2022.sim/sim_1/impl/func/xsim/Mem13.mem'
INFO: [SIM-utils-43] Exported 'C:/Users/ryfon/Documents/Code/comp/ECE369/Lab_4/frank2022/frank2022.sim/sim_1/impl/func/xsim/data.mem'
INFO: [SIM-utils-43] Exported 'C:/Users/ryfon/Documents/Code/comp/ECE369/Lab_4/frank2022/frank2022.sim/sim_1/impl/func/xsim/Mem26.mem'
INFO: [SIM-utils-43] Exported 'C:/Users/ryfon/Documents/Code/comp/ECE369/Lab_4/frank2022/frank2022.sim/sim_1/impl/func/xsim/Mem51.mem'
INFO: [SIM-utils-43] Exported 'C:/Users/ryfon/Documents/Code/comp/ECE369/Lab_4/frank2022/frank2022.sim/sim_1/impl/func/xsim/Mem43.mem'
INFO: [SIM-utils-43] Exported 'C:/Users/ryfon/Documents/Code/comp/ECE369/Lab_4/frank2022/frank2022.sim/sim_1/impl/func/xsim/Mem56.mem'
INFO: [SIM-utils-43] Exported 'C:/Users/ryfon/Documents/Code/comp/ECE369/Lab_4/frank2022/frank2022.sim/sim_1/impl/func/xsim/Mem39.mem'
INFO: [SIM-utils-43] Exported 'C:/Users/ryfon/Documents/Code/comp/ECE369/Lab_4/frank2022/frank2022.sim/sim_1/impl/func/xsim/Mem62.mem'
INFO: [SIM-utils-43] Exported 'C:/Users/ryfon/Documents/Code/comp/ECE369/Lab_4/frank2022/frank2022.sim/sim_1/impl/func/xsim/Mem6.mem'
INFO: [SIM-utils-43] Exported 'C:/Users/ryfon/Documents/Code/comp/ECE369/Lab_4/frank2022/frank2022.sim/sim_1/impl/func/xsim/Mem15.mem'
INFO: [SIM-utils-43] Exported 'C:/Users/ryfon/Documents/Code/comp/ECE369/Lab_4/frank2022/frank2022.sim/sim_1/impl/func/xsim/Mem58.mem'
INFO: [SIM-utils-43] Exported 'C:/Users/ryfon/Documents/Code/comp/ECE369/Lab_4/frank2022/frank2022.sim/sim_1/impl/func/xsim/Mem7.mem'
INFO: [SIM-utils-43] Exported 'C:/Users/ryfon/Documents/Code/comp/ECE369/Lab_4/frank2022/frank2022.sim/sim_1/impl/func/xsim/Mem33.mem'
INFO: [SIM-utils-43] Exported 'C:/Users/ryfon/Documents/Code/comp/ECE369/Lab_4/frank2022/frank2022.sim/sim_1/impl/func/xsim/Mem17.mem'
INFO: [SIM-utils-43] Exported 'C:/Users/ryfon/Documents/Code/comp/ECE369/Lab_4/frank2022/frank2022.sim/sim_1/impl/func/xsim/Mem25.mem'
INFO: [SIM-utils-43] Exported 'C:/Users/ryfon/Documents/Code/comp/ECE369/Lab_4/frank2022/frank2022.sim/sim_1/impl/func/xsim/Mem9.mem'
INFO: [SIM-utils-43] Exported 'C:/Users/ryfon/Documents/Code/comp/ECE369/Lab_4/frank2022/frank2022.sim/sim_1/impl/func/xsim/Mem21.mem'
INFO: [SIM-utils-43] Exported 'C:/Users/ryfon/Documents/Code/comp/ECE369/Lab_4/frank2022/frank2022.sim/sim_1/impl/func/xsim/Mem48.mem'
INFO: [SIM-utils-43] Exported 'C:/Users/ryfon/Documents/Code/comp/ECE369/Lab_4/frank2022/frank2022.sim/sim_1/impl/func/xsim/Mem35.mem'
INFO: [SIM-utils-43] Exported 'C:/Users/ryfon/Documents/Code/comp/ECE369/Lab_4/frank2022/frank2022.sim/sim_1/impl/func/xsim/Mem3.mem'
INFO: [SIM-utils-43] Exported 'C:/Users/ryfon/Documents/Code/comp/ECE369/Lab_4/frank2022/frank2022.sim/sim_1/impl/func/xsim/Mem19.mem'
INFO: [SIM-utils-43] Exported 'C:/Users/ryfon/Documents/Code/comp/ECE369/Lab_4/frank2022/frank2022.sim/sim_1/impl/func/xsim/Mem41.mem'
INFO: [SIM-utils-43] Exported 'C:/Users/ryfon/Documents/Code/comp/ECE369/Lab_4/frank2022/frank2022.sim/sim_1/impl/func/xsim/Mem53.mem'
INFO: [SIM-utils-43] Exported 'C:/Users/ryfon/Documents/Code/comp/ECE369/Lab_4/frank2022/frank2022.sim/sim_1/impl/func/xsim/Mem23.mem'
INFO: [SIM-utils-43] Exported 'C:/Users/ryfon/Documents/Code/comp/ECE369/Lab_4/frank2022/frank2022.sim/sim_1/impl/func/xsim/Mem10.mem'
INFO: [SIM-utils-43] Exported 'C:/Users/ryfon/Documents/Code/comp/ECE369/Lab_4/frank2022/frank2022.sim/sim_1/impl/func/xsim/Mem61.mem'
INFO: [SIM-utils-43] Exported 'C:/Users/ryfon/Documents/Code/comp/ECE369/Lab_4/frank2022/frank2022.sim/sim_1/impl/func/xsim/Mem52.mem'
INFO: [SIM-utils-43] Exported 'C:/Users/ryfon/Documents/Code/comp/ECE369/Lab_4/frank2022/frank2022.sim/sim_1/impl/func/xsim/Mem20.mem'
INFO: [SIM-utils-43] Exported 'C:/Users/ryfon/Documents/Code/comp/ECE369/Lab_4/frank2022/frank2022.sim/sim_1/impl/func/xsim/Mem38.mem'
INFO: [SIM-utils-43] Exported 'C:/Users/ryfon/Documents/Code/comp/ECE369/Lab_4/frank2022/frank2022.sim/sim_1/impl/func/xsim/Mem55.mem'
INFO: [SIM-utils-43] Exported 'C:/Users/ryfon/Documents/Code/comp/ECE369/Lab_4/frank2022/frank2022.sim/sim_1/impl/func/xsim/Mem46.mem'
INFO: [SIM-utils-43] Exported 'C:/Users/ryfon/Documents/Code/comp/ECE369/Lab_4/frank2022/frank2022.sim/sim_1/impl/func/xsim/Mem0.mem'
INFO: [SIM-utils-43] Exported 'C:/Users/ryfon/Documents/Code/comp/ECE369/Lab_4/frank2022/frank2022.sim/sim_1/impl/func/xsim/Mem12.mem'
INFO: [SIM-utils-43] Exported 'C:/Users/ryfon/Documents/Code/comp/ECE369/Lab_4/frank2022/frank2022.sim/sim_1/impl/func/xsim/Mem29.mem'
INFO: [SIM-utils-43] Exported 'C:/Users/ryfon/Documents/Code/comp/ECE369/Lab_4/frank2022/frank2022.sim/sim_1/impl/func/xsim/Mem50.mem'
INFO: [SIM-utils-43] Exported 'C:/Users/ryfon/Documents/Code/comp/ECE369/Lab_4/frank2022/frank2022.sim/sim_1/impl/func/xsim/Mem5.mem'
INFO: [SIM-utils-43] Exported 'C:/Users/ryfon/Documents/Code/comp/ECE369/Lab_4/frank2022/frank2022.sim/sim_1/impl/func/xsim/Mem27.mem'
INFO: [SIM-utils-43] Exported 'C:/Users/ryfon/Documents/Code/comp/ECE369/Lab_4/frank2022/frank2022.sim/sim_1/impl/func/xsim/Mem14.mem'
INFO: [SIM-utils-43] Exported 'C:/Users/ryfon/Documents/Code/comp/ECE369/Lab_4/frank2022/frank2022.sim/sim_1/impl/func/xsim/Mem63.mem'
INFO: [SIM-utils-43] Exported 'C:/Users/ryfon/Documents/Code/comp/ECE369/Lab_4/frank2022/frank2022.sim/sim_1/impl/func/xsim/Mem57.mem'
INFO: [SIM-utils-43] Exported 'C:/Users/ryfon/Documents/Code/comp/ECE369/Lab_4/frank2022/frank2022.sim/sim_1/impl/func/xsim/Mem44.mem'
INFO: [SIM-utils-43] Exported 'C:/Users/ryfon/Documents/Code/comp/ECE369/Lab_4/frank2022/frank2022.sim/sim_1/impl/func/xsim/Mem31.mem'
INFO: [SIM-utils-43] Exported 'C:/Users/ryfon/Documents/Code/comp/ECE369/Lab_4/frank2022/frank2022.sim/sim_1/impl/func/xsim/InstrMem0.mem'
INFO: [SIM-utils-43] Exported 'C:/Users/ryfon/Documents/Code/comp/ECE369/Lab_4/frank2022/frank2022.sim/sim_1/impl/func/xsim/InstrMem1.mem'
INFO: [SIM-utils-43] Exported 'C:/Users/ryfon/Documents/Code/comp/ECE369/Lab_4/frank2022/frank2022.sim/sim_1/impl/func/xsim/InstrMem3.mem'
INFO: [SIM-utils-43] Exported 'C:/Users/ryfon/Documents/Code/comp/ECE369/Lab_4/frank2022/frank2022.sim/sim_1/impl/func/xsim/InstrMem2.mem'
INFO: [USF-XSim-2] XSim::Compile design
INFO: [USF-XSim-61] Executing 'COMPILE and ANALYZE' step in 'C:/Users/ryfon/Documents/Code/comp/ECE369/Lab_4/frank2022/frank2022.sim/sim_1/impl/func/xsim'
"xvlog --incr --relax -prj WinRAR_tb_vlog.prj"
INFO: [VRFC 10-2263] Analyzing Verilog file "C:/Users/ryfon/Documents/Code/comp/ECE369/Lab_4/frank2022/frank2022.sim/sim_1/impl/func/xsim/WinRAR_tb_func_impl.v" into library xil_defaultlib
INFO: [VRFC 10-311] analyzing module ALUAdderStage
INFO: [VRFC 10-311] analyzing module ALUAdderStage__parameterized0
INFO: [VRFC 10-311] analyzing module ALUAdderStage__parameterized1
INFO: [VRFC 10-311] analyzing module ALUAdderStage__parameterized10
INFO: [VRFC 10-311] analyzing module ALUAdderStage__parameterized11
INFO: [VRFC 10-311] analyzing module ALUAdderStage__parameterized12
INFO: [VRFC 10-311] analyzing module ALUAdderStage__parameterized13
INFO: [VRFC 10-311] analyzing module ALUAdderStage__parameterized14
INFO: [VRFC 10-311] analyzing module ALUAdderStage__parameterized2
INFO: [VRFC 10-311] analyzing module ALUAdderStage__parameterized3
INFO: [VRFC 10-311] analyzing module ALUAdderStage__parameterized4
INFO: [VRFC 10-311] analyzing module ALUAdderStage__parameterized5
INFO: [VRFC 10-311] analyzing module ALUAdderStage__parameterized6
INFO: [VRFC 10-311] analyzing module ALUAdderStage__parameterized7
INFO: [VRFC 10-311] analyzing module ALUAdderStage__parameterized8
INFO: [VRFC 10-311] analyzing module ALUAdderStage__parameterized9
INFO: [VRFC 10-311] analyzing module ALUFinalStage
INFO: [VRFC 10-311] analyzing module ALUSetup
INFO: [VRFC 10-311] analyzing module Decode
INFO: [VRFC 10-311] analyzing module EighteenStageALU
INFO: [VRFC 10-311] analyzing module Execute
INFO: [VRFC 10-311] analyzing module Fetch
INFO: [VRFC 10-311] analyzing module FetchTop
INFO: [VRFC 10-311] analyzing module FullAdder2Bit
INFO: [VRFC 10-311] analyzing module FullAdder2Bit__parameterized0
INFO: [VRFC 10-311] analyzing module FullAdder2Bit__parameterized1
INFO: [VRFC 10-311] analyzing module FullAdder2Bit__parameterized10
INFO: [VRFC 10-311] analyzing module FullAdder2Bit__parameterized11
INFO: [VRFC 10-311] analyzing module FullAdder2Bit__parameterized12
INFO: [VRFC 10-311] analyzing module FullAdder2Bit__parameterized13
INFO: [VRFC 10-311] analyzing module FullAdder2Bit__parameterized14
INFO: [VRFC 10-311] analyzing module FullAdder2Bit__parameterized2
INFO: [VRFC 10-311] analyzing module FullAdder2Bit__parameterized3
INFO: [VRFC 10-311] analyzing module FullAdder2Bit__parameterized4
INFO: [VRFC 10-311] analyzing module FullAdder2Bit__parameterized5
INFO: [VRFC 10-311] analyzing module FullAdder2Bit__parameterized6
INFO: [VRFC 10-311] analyzing module FullAdder2Bit__parameterized7
INFO: [VRFC 10-311] analyzing module FullAdder2Bit__parameterized8
INFO: [VRFC 10-311] analyzing module FullAdder2Bit__parameterized9
INFO: [VRFC 10-311] analyzing module InstrMemAccess
INFO: [VRFC 10-311] analyzing module InstructionMemoryAccess
INFO: [VRFC 10-311] analyzing module InstructionMemoryParse
INFO: [VRFC 10-311] analyzing module MUXController
INFO: [VRFC 10-311] analyzing module MemAccess
INFO: [VRFC 10-311] analyzing module MemParse1
INFO: [VRFC 10-311] analyzing module MemParse2
INFO: [VRFC 10-311] analyzing module MemoryAccess
INFO: [VRFC 10-311] analyzing module ProgramCounter
INFO: [VRFC 10-311] analyzing module RegisterFile
INFO: [VRFC 10-311] analyzing module ThreeStageMem
INFO: [VRFC 10-311] analyzing module Two4DigitDisplay
INFO: [VRFC 10-311] analyzing module WinRAR
INFO: [VRFC 10-311] analyzing module WinRARTop
INFO: [VRFC 10-311] analyzing module WriteBack
INFO: [VRFC 10-311] analyzing module glbl
INFO: [VRFC 10-2263] Analyzing Verilog file "C:/Users/ryfon/Documents/Code/comp/ECE369/src/Verilog/18StageALU.v" into library xil_defaultlib
INFO: [VRFC 10-311] analyzing module ALUSetup
WARNING: [VRFC 10-3609] overwriting previous definition of module 'ALUSetup' [C:/Users/ryfon/Documents/Code/comp/ECE369/src/Verilog/ALUSetup.v:4]
INFO: [VRFC 10-311] analyzing module ALUFinalStage
WARNING: [VRFC 10-3609] overwriting previous definition of module 'ALUFinalStage' [C:/Users/ryfon/Documents/Code/comp/ECE369/src/Verilog/ALUFinalStage.v:4]
INFO: [VRFC 10-311] analyzing module FullAdder2Bit
WARNING: [VRFC 10-3609] overwriting previous definition of module 'FullAdder2Bit' [C:/Users/ryfon/Documents/Code/comp/ECE369/src/Verilog/FullAdder2Bit.v:3]
INFO: [VRFC 10-311] analyzing module ALUAdderStage
WARNING: [VRFC 10-3609] overwriting previous definition of module 'ALUAdderStage' [C:/Users/ryfon/Documents/Code/comp/ECE369/src/Verilog/ALUAdderStage.v:4]
INFO: [VRFC 10-311] analyzing module EighteenStageALU
WARNING: [VRFC 10-3609] overwriting previous definition of module 'EighteenStageALU' [C:/Users/ryfon/Documents/Code/comp/ECE369/src/Verilog/18StageALU.v:6]
INFO: [VRFC 10-2263] Analyzing Verilog file "C:/Users/ryfon/Documents/Code/comp/ECE369/src/Verilog/ALUAdderStage.v" into library xil_defaultlib
INFO: [VRFC 10-2263] Analyzing Verilog file "C:/Users/ryfon/Documents/Code/comp/ECE369/src/Verilog/ALUController.v" into library xil_defaultlib
INFO: [VRFC 10-311] analyzing module ALUController
INFO: [VRFC 10-2263] Analyzing Verilog file "C:/Users/ryfon/Documents/Code/comp/ECE369/src/Verilog/ALUFinalStage.v" into library xil_defaultlib
INFO: [VRFC 10-2263] Analyzing Verilog file "C:/Users/ryfon/Documents/Code/comp/ECE369/src/Verilog/ALUSetup.v" into library xil_defaultlib
INFO: [VRFC 10-2263] Analyzing Verilog file "C:/Users/ryfon/Documents/Code/comp/ECE369/src/Verilog/Decode.v" into library xil_defaultlib
INFO: [VRFC 10-311] analyzing module MUXController
WARNING: [VRFC 10-3609] overwriting previous definition of module 'MUXController' [C:/Users/ryfon/Documents/Code/comp/ECE369/src/Verilog/MuxController.v:3]
INFO: [VRFC 10-311] analyzing module MemController
INFO: [VRFC 10-311] analyzing module RegisterFile
WARNING: [VRFC 10-3609] overwriting previous definition of module 'RegisterFile' [C:/Users/ryfon/Documents/Code/comp/ECE369/src/Verilog/RegisterFile.v:52]
INFO: [VRFC 10-311] analyzing module Decode
WARNING: [VRFC 10-3609] overwriting previous definition of module 'Decode' [C:/Users/ryfon/Documents/Code/comp/ECE369/src/Verilog/Decode.v:6]
INFO: [VRFC 10-2263] Analyzing Verilog file "C:/Users/ryfon/Documents/Code/comp/ECE369/src/Verilog/Execute.v" into library xil_defaultlib
INFO: [VRFC 10-311] analyzing module SignExtension
INFO: [VRFC 10-311] analyzing module Execute
WARNING: [VRFC 10-3380] identifier 'SignExtendedInstrImm' is used before its declaration [C:/Users/ryfon/Documents/Code/comp/ECE369/src/Verilog/Execute.v:173]
WARNING: [VRFC 10-3609] overwriting previous definition of module 'Execute' [C:/Users/ryfon/Documents/Code/comp/ECE369/src/Verilog/Execute.v:6]
INFO: [VRFC 10-2263] Analyzing Verilog file "C:/Users/ryfon/Documents/Code/comp/ECE369/src/Verilog/Fetch.v" into library xil_defaultlib
INFO: [VRFC 10-311] analyzing module PCAdder
INFO: [VRFC 10-311] analyzing module ProgramCounter
WARNING: [VRFC 10-3609] overwriting previous definition of module 'ProgramCounter' [C:/Users/ryfon/Documents/Code/comp/ECE369/src/Verilog/ProgramCounter.v:28]
INFO: [VRFC 10-311] analyzing module InstructionMemory
INFO: [VRFC 10-311] analyzing module Fetch
WARNING: [VRFC 10-3609] overwriting previous definition of module 'Fetch' [C:/Users/ryfon/Documents/Code/comp/ECE369/src/Verilog/Fetch.v:6]
INFO: [VRFC 10-2263] Analyzing Verilog file "C:/Users/ryfon/Documents/Code/comp/ECE369/src/Verilog/FetchTop.v" into library xil_defaultlib
INFO: [VRFC 10-311] analyzing module InstructionMemoryAccess
WARNING: [VRFC 10-3609] overwriting previous definition of module 'InstructionMemoryAccess' [C:/Users/ryfon/Documents/Code/comp/ECE369/src/Verilog/InstructionMemoryAccess.v:3]
INFO: [VRFC 10-311] analyzing module InstructionMemoryParse
WARNING: [VRFC 10-3609] overwriting previous definition of module 'InstructionMemoryParse' [C:/Users/ryfon/Documents/Code/comp/ECE369/src/Verilog/InstructionMemoryParse.v:3]
INFO: [VRFC 10-311] analyzing module InstrMemAccess
WARNING: [VRFC 10-3609] overwriting previous definition of module 'InstrMemAccess' [C:/Users/ryfon/Documents/Code/comp/ECE369/src/Verilog/InstrMemStage.v:5]
INFO: [VRFC 10-311] analyzing module FetchTop
WARNING: [VRFC 10-3609] overwriting previous definition of module 'FetchTop' [C:/Users/ryfon/Documents/Code/comp/ECE369/src/Verilog/FetchTop.v:5]
INFO: [VRFC 10-2263] Analyzing Verilog file "C:/Users/ryfon/Documents/Code/comp/ECE369/src/Verilog/FullAdder2Bit.v" into library xil_defaultlib
INFO: [VRFC 10-2263] Analyzing Verilog file "C:/Users/ryfon/Documents/Code/comp/ECE369/src/Verilog/InstrMemStage.v" into library xil_defaultlib
INFO: [VRFC 10-2263] Analyzing Verilog file "C:/Users/ryfon/Documents/Code/comp/ECE369/src/Verilog/InstructionMemory.v" into library xil_defaultlib
INFO: [VRFC 10-2263] Analyzing Verilog file "C:/Users/ryfon/Documents/Code/comp/ECE369/src/Verilog/InstructionMemoryAccess.v" into library xil_defaultlib
INFO: [VRFC 10-2263] Analyzing Verilog file "C:/Users/ryfon/Documents/Code/comp/ECE369/src/Verilog/InstructionMemoryParse.v" into library xil_defaultlib
INFO: [VRFC 10-2263] Analyzing Verilog file "C:/Users/ryfon/Documents/Code/comp/ECE369/src/Verilog/MUXController.v" into library xil_defaultlib
INFO: [VRFC 10-2263] Analyzing Verilog file "C:/Users/ryfon/Documents/Code/comp/ECE369/src/Verilog/MemAccess.v" into library xil_defaultlib
INFO: [VRFC 10-311] analyzing module MemAccess
WARNING: [VRFC 10-3609] overwriting previous definition of module 'MemAccess' [C:/Users/ryfon/Documents/Code/comp/ECE369/src/Verilog/MemAccess.v:3]
INFO: [VRFC 10-2263] Analyzing Verilog file "C:/Users/ryfon/Documents/Code/comp/ECE369/src/Verilog/MemController.v" into library xil_defaultlib
INFO: [VRFC 10-2263] Analyzing Verilog file "C:/Users/ryfon/Documents/Code/comp/ECE369/src/Verilog/MemParse1.v" into library xil_defaultlib
INFO: [VRFC 10-311] analyzing module MemParse1
WARNING: [VRFC 10-3609] overwriting previous definition of module 'MemParse1' [C:/Users/ryfon/Documents/Code/comp/ECE369/src/Verilog/MemParse1.v:3]
INFO: [VRFC 10-2263] Analyzing Verilog file "C:/Users/ryfon/Documents/Code/comp/ECE369/src/Verilog/MemParse2.v" into library xil_defaultlib
INFO: [VRFC 10-311] analyzing module MemParse2
WARNING: [VRFC 10-3609] overwriting previous definition of module 'MemParse2' [C:/Users/ryfon/Documents/Code/comp/ECE369/src/Verilog/MemParse2.v:3]
INFO: [VRFC 10-2263] Analyzing Verilog file "C:/Users/ryfon/Documents/Code/comp/ECE369/src/Verilog/PCAdder.v" into library xil_defaultlib
INFO: [VRFC 10-2263] Analyzing Verilog file "C:/Users/ryfon/Documents/Code/comp/ECE369/src/Verilog/ProgramCounter.v" into library xil_defaultlib
INFO: [VRFC 10-2263] Analyzing Verilog file "C:/Users/ryfon/Documents/Code/comp/ECE369/src/Verilog/RegisterFile.v" into library xil_defaultlib
INFO: [VRFC 10-2263] Analyzing Verilog file "C:/Users/ryfon/Documents/Code/comp/ECE369/src/Verilog/SevenSegment.v" into library xil_defaultlib
INFO: [VRFC 10-311] analyzing module SevenSegment
INFO: [VRFC 10-2263] Analyzing Verilog file "C:/Users/ryfon/Documents/Code/comp/ECE369/src/Verilog/SignExtension.v" into library xil_defaultlib
INFO: [VRFC 10-2263] Analyzing Verilog file "C:/Users/ryfon/Documents/Code/comp/ECE369/src/Verilog/ThreeStageMem.v" into library xil_defaultlib
INFO: [VRFC 10-311] analyzing module ThreeStageMem
WARNING: [VRFC 10-3609] overwriting previous definition of module 'ThreeStageMem' [C:/Users/ryfon/Documents/Code/comp/ECE369/src/Verilog/ThreeStageMem.v:6]
INFO: [VRFC 10-2263] Analyzing Verilog file "C:/Users/ryfon/Documents/Code/comp/ECE369/src/Verilog/Two4DigitDisplay.v" into library xil_defaultlib
INFO: [VRFC 10-311] analyzing module Two4DigitDisplay
WARNING: [VRFC 10-3609] overwriting previous definition of module 'Two4DigitDisplay' [C:/Users/ryfon/Documents/Code/comp/ECE369/src/Verilog/Two4DigitDisplay.v:18]
INFO: [VRFC 10-2263] Analyzing Verilog file "C:/Users/ryfon/Documents/Code/comp/ECE369/src/Verilog/WinRAR.v" into library xil_defaultlib
INFO: [VRFC 10-311] analyzing module DataMemory
INFO: [VRFC 10-311] analyzing module MemoryAccess
WARNING: [VRFC 10-3609] overwriting previous definition of module 'MemoryAccess' [C:/Users/ryfon/Documents/Code/comp/ECE369/src/Verilog/MemoryAccess.v:5]
INFO: [VRFC 10-311] analyzing module WriteBack
WARNING: [VRFC 10-3609] overwriting previous definition of module 'WriteBack' [C:/Users/ryfon/Documents/Code/comp/ECE369/src/Verilog/WriteBack.v:3]
INFO: [VRFC 10-311] analyzing module WinRAR
WARNING: [VRFC 10-3609] overwriting previous definition of module 'WinRAR' [C:/Users/ryfon/Documents/Code/comp/ECE369/src/Verilog/WinRAR.v:14]
INFO: [VRFC 10-2263] Analyzing Verilog file "C:/Users/ryfon/Documents/Code/comp/ECE369/src/Verilog/WinRARTop.v" into library xil_defaultlib
INFO: [VRFC 10-311] analyzing module WinRARTop
WARNING: [VRFC 10-3609] overwriting previous definition of module 'WinRARTop' [C:/Users/ryfon/Documents/Code/comp/ECE369/src/Verilog/WinRARTop.v:3]
INFO: [VRFC 10-2263] Analyzing Verilog file "C:/Users/ryfon/Documents/Code/comp/ECE369/src/TestBenches/WinRARTop_tb.v" into library xil_defaultlib
INFO: [VRFC 10-311] analyzing module WinRARTop_tb
INFO: [VRFC 10-2263] Analyzing Verilog file "C:/Users/ryfon/Documents/Code/comp/ECE369/src/Verilog/WriteBack.v" into library xil_defaultlib
run_program: Time (s): cpu = 00:00:01 ; elapsed = 00:00:07 . Memory (MB): peak = 2302.566 ; gain = 0.000
INFO: [USF-XSim-69] 'compile' step finished in '7' seconds
INFO: [USF-XSim-3] XSim::Elaborate design
INFO: [USF-XSim-61] Executing 'ELABORATE' step in 'C:/Users/ryfon/Documents/Code/comp/ECE369/Lab_4/frank2022/frank2022.sim/sim_1/impl/func/xsim'
"xelab --incr --debug typical --relax --mt 2 -L xil_defaultlib -L unisims_ver -L secureip --snapshot WinRAR_tb_func_impl xil_defaultlib.WinRAR_tb xil_defaultlib.glbl -log elaborate.log"
Vivado Simulator v2022.2
Copyright 1986-1999, 2001-2022 Xilinx, Inc. All Rights Reserved.
Running: C:/Xilinx/Vivado/2022.2/bin/unwrapped/win64.o/xelab.exe --incr --debug typical --relax --mt 2 -L xil_defaultlib -L unisims_ver -L secureip --snapshot WinRAR_tb_func_impl xil_defaultlib.WinRAR_tb xil_defaultlib.glbl -log elaborate.log 
Using 2 slave threads.
Starting static elaboration
Pass Through NonSizing Optimizer
WARNING: [VRFC 10-3091] actual bit length 1 differs from formal bit length 32 for port 'instrMemAddressOut' [C:/Users/ryfon/Documents/Code/comp/ECE369/src/Verilog/WinRAR.v:90]
WARNING: [VRFC 10-3091] actual bit length 1 differs from formal bit length 32 for port 'nextInstructionOut' [C:/Users/ryfon/Documents/Code/comp/ECE369/src/Verilog/FetchTop.v:63]
WARNING: [VRFC 10-3091] actual bit length 32 differs from formal bit length 13 for port 'Address' [C:/Users/ryfon/Documents/Code/comp/ECE369/src/Verilog/InstrMemStage.v:35]
WARNING: [VRFC 10-3091] actual bit length 4 differs from formal bit length 3 for port 'opCodeOut' [C:/Users/ryfon/Documents/Code/comp/ECE369/src/Verilog/18StageALU.v:47]
WARNING: [VRFC 10-3091] actual bit length 4 differs from formal bit length 3 for port 'opCode' [C:/Users/ryfon/Documents/Code/comp/ECE369/src/Verilog/18StageALU.v:102]
WARNING: [VRFC 10-3091] actual bit length 4 differs from formal bit length 3 for port 'OpCode' [C:/Users/ryfon/Documents/Code/comp/ECE369/src/Verilog/18StageALU.v:68]
WARNING: [VRFC 10-3091] actual bit length 4 differs from formal bit length 3 for port 'OpCodeOut' [C:/Users/ryfon/Documents/Code/comp/ECE369/src/Verilog/18StageALU.v:80]
WARNING: [VRFC 10-3705] select index 16 into 'carrySignals' is out of bounds [C:/Users/ryfon/Documents/Code/comp/ECE369/src/Verilog/18StageALU.v:77]
WARNING: [VRFC 10-3705] select index 16 into 'inBInt' is out of bounds [C:/Users/ryfon/Documents/Code/comp/ECE369/src/Verilog/18StageALU.v:79]
Completed static elaboration
Starting simulation data flow analysis
Completed simulation data flow analysis
Time Resolution for simulation is 1ps
Compiling module xil_defaultlib.PCAdder
Compiling module xil_defaultlib.ProgramCounter
Compiling module xil_defaultlib.Fetch
Compiling module xil_defaultlib.InstructionMemoryAccess
Compiling module xil_defaultlib.InstructionMemoryParse
Compiling module xil_defaultlib.InstrMemAccess
Compiling module xil_defaultlib.FetchTop
Compiling module xil_defaultlib.MUXController
Compiling module xil_defaultlib.MemController
Compiling module xil_defaultlib.RegisterFile
Compiling module xil_defaultlib.Decode
Compiling module xil_defaultlib.SignExtension
Compiling module xil_defaultlib.ALUController
Compiling module xil_defaultlib.ALUSetup
Compiling module xil_defaultlib.FullAdder2Bit
Compiling module xil_defaultlib.ALUAdderStage
Compiling module xil_defaultlib.FullAdder2Bit(SEQUENCEVAL=1)
Compiling module xil_defaultlib.ALUAdderStage(SEQUENCEVAL=1)
Compiling module xil_defaultlib.FullAdder2Bit(SEQUENCEVAL=2)
Compiling module xil_defaultlib.ALUAdderStage(SEQUENCEVAL=2)
Compiling module xil_defaultlib.FullAdder2Bit(SEQUENCEVAL=3)
Compiling module xil_defaultlib.ALUAdderStage(SEQUENCEVAL=3)
Compiling module xil_defaultlib.FullAdder2Bit(SEQUENCEVAL=4)
Compiling module xil_defaultlib.ALUAdderStage(SEQUENCEVAL=4)
Compiling module xil_defaultlib.FullAdder2Bit(SEQUENCEVAL=5)
Compiling module xil_defaultlib.ALUAdderStage(SEQUENCEVAL=5)
Compiling module xil_defaultlib.FullAdder2Bit(SEQUENCEVAL=6)
Compiling module xil_defaultlib.ALUAdderStage(SEQUENCEVAL=6)
Compiling module xil_defaultlib.FullAdder2Bit(SEQUENCEVAL=7)
Compiling module xil_defaultlib.ALUAdderStage(SEQUENCEVAL=7)
Compiling module xil_defaultlib.FullAdder2Bit(SEQUENCEVAL=8)
Compiling module xil_defaultlib.ALUAdderStage(SEQUENCEVAL=8)
Compiling module xil_defaultlib.FullAdder2Bit(SEQUENCEVAL=9)
Compiling module xil_defaultlib.ALUAdderStage(SEQUENCEVAL=9)
Compiling module xil_defaultlib.FullAdder2Bit(SEQUENCEVAL=10)
Compiling module xil_defaultlib.ALUAdderStage(SEQUENCEVAL=10)
Compiling module xil_defaultlib.FullAdder2Bit(SEQUENCEVAL=11)
Compiling module xil_defaultlib.ALUAdderStage(SEQUENCEVAL=11)
Compiling module xil_defaultlib.FullAdder2Bit(SEQUENCEVAL=12)
Compiling module xil_defaultlib.ALUAdderStage(SEQUENCEVAL=12)
Compiling module xil_defaultlib.FullAdder2Bit(SEQUENCEVAL=13)
Compiling module xil_defaultlib.ALUAdderStage(SEQUENCEVAL=13)
Compiling module xil_defaultlib.FullAdder2Bit(SEQUENCEVAL=14)
Compiling module xil_defaultlib.ALUAdderStage(SEQUENCEVAL=14)
Compiling module xil_defaultlib.FullAdder2Bit(SEQUENCEVAL=15)
Compiling module xil_defaultlib.ALUAdderStage(SEQUENCEVAL=15)
Compiling module xil_defaultlib.ALUFinalStage
Compiling module xil_defaultlib.EighteenStageALU_default
Compiling module xil_defaultlib.Execute
Compiling module xil_defaultlib.MemAccess
Compiling module xil_defaultlib.MemParse1
Compiling module xil_defaultlib.MemParse2
Compiling module xil_defaultlib.ThreeStageMem
Compiling module xil_defaultlib.MemoryAccess
Compiling module xil_defaultlib.WriteBack
Compiling module xil_defaultlib.WinRAR
Compiling module xil_defaultlib.WinRAR_tb
Compiling module xil_defaultlib.glbl
Built simulation snapshot WinRAR_tb_func_impl
run_program: Time (s): cpu = 00:00:00 ; elapsed = 00:00:06 . Memory (MB): peak = 2302.566 ; gain = 0.000
INFO: [USF-XSim-69] 'elaborate' step finished in '6' seconds
INFO: [USF-XSim-4] XSim::Simulate design
INFO: [USF-XSim-61] Executing 'SIMULATE' step in 'C:/Users/ryfon/Documents/Code/comp/ECE369/Lab_4/frank2022/frank2022.sim/sim_1/impl/func/xsim'
INFO: [USF-XSim-98] *** Running xsim
   with args "WinRAR_tb_func_impl -key {Post-Implementation:sim_1:Functional:WinRAR_tb} -tclbatch {WinRAR_tb.tcl} -view {C:/Users/ryfon/Documents/Code/comp/ECE369/Lab_4/frank2022/WinRAR_tb_behav.wcfg} -log {simulate.log}"
INFO: [USF-XSim-8] Loading simulator feature
Time resolution is 1 ps
open_wave_config C:/Users/ryfon/Documents/Code/comp/ECE369/Lab_4/frank2022/WinRAR_tb_behav.wcfg
WARNING: Simulation object /WinRARTop_tb/WinRARTop_inst/cpu/XPos was not found in the design.
WARNING: Simulation object /WinRARTop_tb/WinRARTop_inst/cpu/YPos was not found in the design.
WARNING: Simulation object /WinRARTop_tb/rst was not found in the design.
WARNING: Simulation object /WinRARTop_tb/WinRARTop_inst/cpu/decode_instance/rst was not found in the design.
WARNING: Simulation object /WinRARTop_tb/WinRARTop_inst/out7 was not found in the design.
WARNING: Simulation object /WinRARTop_tb/WinRARTop_inst/en_out was not found in the design.
source WinRAR_tb.tcl
# set curr_wave [current_wave_config]
# if { [string length $curr_wave] == 0 } {
#   if { [llength [get_objects]] > 0} {
#     add_wave /
#     set_property needs_save false [current_wave_config]
#   } else {
#      send_msg_id Add_Wave-1 WARNING "No top level signals found. Simulator will start without a wave window. If you want to open a wave window go to 'File->New Waveform Configuration' or type 'create_wave_config' in the TCL console."
#   }
# }
# run 1000ns
INFO: [USF-XSim-96] XSim completed. Design snapshot 'WinRAR_tb_func_impl' loaded.
INFO: [USF-XSim-97] XSim simulation ran for 1000ns
launch_simulation: Time (s): cpu = 00:00:02 ; elapsed = 00:00:22 . Memory (MB): peak = 2393.391 ; gain = 90.824
set_property top WinRARTop_tb [get_filesets sim_1]
set_property top_lib xil_defaultlib [get_filesets sim_1]
close_sim
INFO: [Simtcl 6-16] Simulation closed
set_property SOURCE_SET sources_1 [get_filesets sim_1]
add_files -fileset sim_1 -norecurse C:/Users/ryfon/Documents/Code/comp/ECE369/src/TestBenches/WinRAR_tb.v
WARNING: [filemgmt 56-12] File 'C:/Users/ryfon/Documents/Code/comp/ECE369/src/TestBenches/WinRAR_tb.v' cannot be added to the project because it already exists in the project, skipping this file
export_ip_user_files -of_objects  [get_files C:/Users/ryfon/Documents/Code/comp/ECE369/src/TestBenches/WinRARTop_tb.v] -no_script -reset -force -quiet
remove_files  -fileset sim_1 C:/Users/ryfon/Documents/Code/comp/ECE369/src/TestBenches/WinRARTop_tb.v
reset_run synth_1
INFO: [Project 1-1161] Replacing file C:/Users/ryfon/Documents/Code/comp/ECE369/Lab_4/frank2022/frank2022.srcs/utils_1/imports/synth_1/WinRARTop.dcp with file C:/Users/ryfon/Documents/Code/comp/ECE369/Lab_4/frank2022/frank2022.runs/synth_1/WinRARTop.dcp
launch_runs impl_1 -jobs 16
[Sat Dec  7 14:07:15 2024] Launched synth_1...
Run output will be captured here: C:/Users/ryfon/Documents/Code/comp/ECE369/Lab_4/frank2022/frank2022.runs/synth_1/runme.log
[Sat Dec  7 14:07:15 2024] Launched impl_1...
Run output will be captured here: C:/Users/ryfon/Documents/Code/comp/ECE369/Lab_4/frank2022/frank2022.runs/impl_1/runme.log
refresh_design
Netlist sorting complete. Time (s): cpu = 00:00:00 ; elapsed = 00:00:00.050 . Memory (MB): peak = 2403.867 ; gain = 0.000
INFO: [Netlist 29-17] Analyzing 360 Unisim elements for replacement
INFO: [Netlist 29-28] Unisim Transformation completed in 0 CPU seconds
INFO: [Project 1-479] Netlist was created with Vivado 2022.2
INFO: [Project 1-570] Preparing netlist for logic optimization
INFO: [Timing 38-478] Restoring timing data from binary archive.
INFO: [Timing 38-479] Binary timing data restore complete.
INFO: [Project 1-856] Restoring constraints from binary archive.
INFO: [Project 1-853] Binary constraint restore complete.
Reading XDEF placement.
Reading placer database...
Reading XDEF routing.
Read XDEF Files: Time (s): cpu = 00:00:00 ; elapsed = 00:00:00.286 . Memory (MB): peak = 2403.867 ; gain = 0.000
Restored from archive | CPU: 0.000000 secs | Memory: 0.000000 MB |
Finished XDEF File Restore: Time (s): cpu = 00:00:00 ; elapsed = 00:00:00.287 . Memory (MB): peak = 2403.867 ; gain = 0.000
launch_runs impl_1 -to_step write_bitstream -jobs 16
[Sat Dec  7 14:10:27 2024] Launched impl_1...
Run output will be captured here: C:/Users/ryfon/Documents/Code/comp/ECE369/Lab_4/frank2022/frank2022.runs/impl_1/runme.log
update_compile_order -fileset sim_1
launch_simulation -mode post-implementation -type functional
Command: launch_simulation  -mode post-implementation -type functional
INFO: [Vivado 12-12493] Simulation top is 'WinRARTop_tb'
WARNING: [Vivado 12-13340] Unable to auto find GCC executables from simulator install path! (path not set)
WARNING: [Vivado 12-13277] Compiled library path does not exist: ''
INFO: [Vivado 12-5682] Launching post-implementation functional simulation in 'C:/Users/ryfon/Documents/Code/comp/ECE369/Lab_4/frank2022/frank2022.sim/sim_1/impl/func/xsim'
INFO: [SIM-utils-51] Simulation object is 'sim_1'
INFO: [SIM-utils-72] Using boost library from 'C:/Xilinx/Vivado/2022.2/tps/boost_1_72_0'
INFO: [SIM-utils-31] Writing simulation netlist file for design 'impl_1'...
INFO: [SIM-utils-32] write_verilog -mode funcsim -nolib -force -file "C:/Users/ryfon/Documents/Code/comp/ECE369/Lab_4/frank2022/frank2022.sim/sim_1/impl/func/xsim/WinRARTop_tb_func_impl.v"
INFO: [SIM-utils-36] Netlist generated:C:/Users/ryfon/Documents/Code/comp/ECE369/Lab_4/frank2022/frank2022.sim/sim_1/impl/func/xsim/WinRARTop_tb_func_impl.v
INFO: [SIM-utils-54] Inspecting design source files for 'WinRARTop_tb' in fileset 'sim_1'...
INFO: [SIM-utils-43] Exported 'C:/Users/ryfon/Documents/Code/comp/ECE369/Lab_4/frank2022/frank2022.sim/sim_1/impl/func/xsim/Mem32.mem'
INFO: [SIM-utils-43] Exported 'C:/Users/ryfon/Documents/Code/comp/ECE369/Lab_4/frank2022/frank2022.sim/sim_1/impl/func/xsim/Mem40.mem'
INFO: [SIM-utils-43] Exported 'C:/Users/ryfon/Documents/Code/comp/ECE369/Lab_4/frank2022/frank2022.sim/sim_1/impl/func/xsim/Mem59.mem'
INFO: [SIM-utils-43] Exported 'C:/Users/ryfon/Documents/Code/comp/ECE369/Lab_4/frank2022/frank2022.sim/sim_1/impl/func/xsim/Mem24.mem'
INFO: [SIM-utils-43] Exported 'C:/Users/ryfon/Documents/Code/comp/ECE369/Lab_4/frank2022/frank2022.sim/sim_1/impl/func/xsim/data_memory.mem'
INFO: [SIM-utils-43] Exported 'C:/Users/ryfon/Documents/Code/comp/ECE369/Lab_4/frank2022/frank2022.sim/sim_1/impl/func/xsim/Mem42.mem'
INFO: [SIM-utils-43] Exported 'C:/Users/ryfon/Documents/Code/comp/ECE369/Lab_4/frank2022/frank2022.sim/sim_1/impl/func/xsim/Mem16.mem'
INFO: [SIM-utils-43] Exported 'C:/Users/ryfon/Documents/Code/comp/ECE369/Lab_4/frank2022/frank2022.sim/sim_1/impl/func/xsim/Mem30.mem'
INFO: [SIM-utils-43] Exported 'C:/Users/ryfon/Documents/Code/comp/ECE369/Lab_4/frank2022/frank2022.sim/sim_1/impl/func/xsim/Mem34.mem'
INFO: [SIM-utils-43] Exported 'C:/Users/ryfon/Documents/Code/comp/ECE369/Lab_4/frank2022/frank2022.sim/sim_1/impl/func/xsim/Mem8.mem'
INFO: [SIM-utils-43] Exported 'C:/Users/ryfon/Documents/Code/comp/ECE369/Lab_4/frank2022/frank2022.sim/sim_1/impl/func/xsim/Mem18.mem'
INFO: [SIM-utils-43] Exported 'C:/Users/ryfon/Documents/Code/comp/ECE369/Lab_4/frank2022/frank2022.sim/sim_1/impl/func/xsim/Mem22.mem'
INFO: [SIM-utils-43] Exported 'C:/Users/ryfon/Documents/Code/comp/ECE369/Lab_4/frank2022/frank2022.sim/sim_1/impl/func/xsim/test1_instr.mem'
INFO: [SIM-utils-43] Exported 'C:/Users/ryfon/Documents/Code/comp/ECE369/Lab_4/frank2022/frank2022.sim/sim_1/impl/func/xsim/Mem36.mem'
INFO: [SIM-utils-43] Exported 'C:/Users/ryfon/Documents/Code/comp/ECE369/Lab_4/frank2022/frank2022.sim/sim_1/impl/func/xsim/Mem2.mem'
INFO: [SIM-utils-43] Exported 'C:/Users/ryfon/Documents/Code/comp/ECE369/Lab_4/frank2022/frank2022.sim/sim_1/impl/func/xsim/Mem49.mem'
INFO: [SIM-utils-43] Exported 'C:/Users/ryfon/Documents/Code/comp/ECE369/Lab_4/frank2022/frank2022.sim/sim_1/impl/func/xsim/Mem45.mem'
INFO: [SIM-utils-43] Exported 'C:/Users/ryfon/Documents/Code/comp/ECE369/Lab_4/frank2022/frank2022.sim/sim_1/impl/func/xsim/instruction.mem'
INFO: [SIM-utils-43] Exported 'C:/Users/ryfon/Documents/Code/comp/ECE369/Lab_4/frank2022/frank2022.sim/sim_1/impl/func/xsim/Mem28.mem'
INFO: [SIM-utils-43] Exported 'C:/Users/ryfon/Documents/Code/comp/ECE369/Lab_4/frank2022/frank2022.sim/sim_1/impl/func/xsim/Mem11.mem'
INFO: [SIM-utils-43] Exported 'C:/Users/ryfon/Documents/Code/comp/ECE369/Lab_4/frank2022/frank2022.sim/sim_1/impl/func/xsim/Mem1.mem'
INFO: [SIM-utils-43] Exported 'C:/Users/ryfon/Documents/Code/comp/ECE369/Lab_4/frank2022/frank2022.sim/sim_1/impl/func/xsim/Mem54.mem'
INFO: [SIM-utils-43] Exported 'C:/Users/ryfon/Documents/Code/comp/ECE369/Lab_4/frank2022/frank2022.sim/sim_1/impl/func/xsim/Mem37.mem'
INFO: [SIM-utils-43] Exported 'C:/Users/ryfon/Documents/Code/comp/ECE369/Lab_4/frank2022/frank2022.sim/sim_1/impl/func/xsim/Mem47.mem'
INFO: [SIM-utils-43] Exported 'C:/Users/ryfon/Documents/Code/comp/ECE369/Lab_4/frank2022/frank2022.sim/sim_1/impl/func/xsim/Mem60.mem'
INFO: [SIM-utils-43] Exported 'C:/Users/ryfon/Documents/Code/comp/ECE369/Lab_4/frank2022/frank2022.sim/sim_1/impl/func/xsim/Mem4.mem'
INFO: [SIM-utils-43] Exported 'C:/Users/ryfon/Documents/Code/comp/ECE369/Lab_4/frank2022/frank2022.sim/sim_1/impl/func/xsim/Mem64.mem'
INFO: [SIM-utils-43] Exported 'C:/Users/ryfon/Documents/Code/comp/ECE369/Lab_4/frank2022/frank2022.sim/sim_1/impl/func/xsim/Mem13.mem'
INFO: [SIM-utils-43] Exported 'C:/Users/ryfon/Documents/Code/comp/ECE369/Lab_4/frank2022/frank2022.sim/sim_1/impl/func/xsim/data.mem'
INFO: [SIM-utils-43] Exported 'C:/Users/ryfon/Documents/Code/comp/ECE369/Lab_4/frank2022/frank2022.sim/sim_1/impl/func/xsim/Mem26.mem'
INFO: [SIM-utils-43] Exported 'C:/Users/ryfon/Documents/Code/comp/ECE369/Lab_4/frank2022/frank2022.sim/sim_1/impl/func/xsim/Mem51.mem'
INFO: [SIM-utils-43] Exported 'C:/Users/ryfon/Documents/Code/comp/ECE369/Lab_4/frank2022/frank2022.sim/sim_1/impl/func/xsim/Mem43.mem'
INFO: [SIM-utils-43] Exported 'C:/Users/ryfon/Documents/Code/comp/ECE369/Lab_4/frank2022/frank2022.sim/sim_1/impl/func/xsim/Mem56.mem'
INFO: [SIM-utils-43] Exported 'C:/Users/ryfon/Documents/Code/comp/ECE369/Lab_4/frank2022/frank2022.sim/sim_1/impl/func/xsim/Mem39.mem'
INFO: [SIM-utils-43] Exported 'C:/Users/ryfon/Documents/Code/comp/ECE369/Lab_4/frank2022/frank2022.sim/sim_1/impl/func/xsim/Mem62.mem'
INFO: [SIM-utils-43] Exported 'C:/Users/ryfon/Documents/Code/comp/ECE369/Lab_4/frank2022/frank2022.sim/sim_1/impl/func/xsim/Mem6.mem'
INFO: [SIM-utils-43] Exported 'C:/Users/ryfon/Documents/Code/comp/ECE369/Lab_4/frank2022/frank2022.sim/sim_1/impl/func/xsim/Mem15.mem'
INFO: [SIM-utils-43] Exported 'C:/Users/ryfon/Documents/Code/comp/ECE369/Lab_4/frank2022/frank2022.sim/sim_1/impl/func/xsim/Mem58.mem'
INFO: [SIM-utils-43] Exported 'C:/Users/ryfon/Documents/Code/comp/ECE369/Lab_4/frank2022/frank2022.sim/sim_1/impl/func/xsim/Mem7.mem'
INFO: [SIM-utils-43] Exported 'C:/Users/ryfon/Documents/Code/comp/ECE369/Lab_4/frank2022/frank2022.sim/sim_1/impl/func/xsim/Mem33.mem'
INFO: [SIM-utils-43] Exported 'C:/Users/ryfon/Documents/Code/comp/ECE369/Lab_4/frank2022/frank2022.sim/sim_1/impl/func/xsim/Mem17.mem'
INFO: [SIM-utils-43] Exported 'C:/Users/ryfon/Documents/Code/comp/ECE369/Lab_4/frank2022/frank2022.sim/sim_1/impl/func/xsim/Mem25.mem'
INFO: [SIM-utils-43] Exported 'C:/Users/ryfon/Documents/Code/comp/ECE369/Lab_4/frank2022/frank2022.sim/sim_1/impl/func/xsim/Mem9.mem'
INFO: [SIM-utils-43] Exported 'C:/Users/ryfon/Documents/Code/comp/ECE369/Lab_4/frank2022/frank2022.sim/sim_1/impl/func/xsim/Mem21.mem'
INFO: [SIM-utils-43] Exported 'C:/Users/ryfon/Documents/Code/comp/ECE369/Lab_4/frank2022/frank2022.sim/sim_1/impl/func/xsim/Mem48.mem'
INFO: [SIM-utils-43] Exported 'C:/Users/ryfon/Documents/Code/comp/ECE369/Lab_4/frank2022/frank2022.sim/sim_1/impl/func/xsim/Mem35.mem'
INFO: [SIM-utils-43] Exported 'C:/Users/ryfon/Documents/Code/comp/ECE369/Lab_4/frank2022/frank2022.sim/sim_1/impl/func/xsim/Mem3.mem'
INFO: [SIM-utils-43] Exported 'C:/Users/ryfon/Documents/Code/comp/ECE369/Lab_4/frank2022/frank2022.sim/sim_1/impl/func/xsim/Mem19.mem'
INFO: [SIM-utils-43] Exported 'C:/Users/ryfon/Documents/Code/comp/ECE369/Lab_4/frank2022/frank2022.sim/sim_1/impl/func/xsim/Mem41.mem'
INFO: [SIM-utils-43] Exported 'C:/Users/ryfon/Documents/Code/comp/ECE369/Lab_4/frank2022/frank2022.sim/sim_1/impl/func/xsim/Mem53.mem'
INFO: [SIM-utils-43] Exported 'C:/Users/ryfon/Documents/Code/comp/ECE369/Lab_4/frank2022/frank2022.sim/sim_1/impl/func/xsim/Mem23.mem'
INFO: [SIM-utils-43] Exported 'C:/Users/ryfon/Documents/Code/comp/ECE369/Lab_4/frank2022/frank2022.sim/sim_1/impl/func/xsim/Mem10.mem'
INFO: [SIM-utils-43] Exported 'C:/Users/ryfon/Documents/Code/comp/ECE369/Lab_4/frank2022/frank2022.sim/sim_1/impl/func/xsim/Mem61.mem'
INFO: [SIM-utils-43] Exported 'C:/Users/ryfon/Documents/Code/comp/ECE369/Lab_4/frank2022/frank2022.sim/sim_1/impl/func/xsim/Mem52.mem'
INFO: [SIM-utils-43] Exported 'C:/Users/ryfon/Documents/Code/comp/ECE369/Lab_4/frank2022/frank2022.sim/sim_1/impl/func/xsim/Mem20.mem'
INFO: [SIM-utils-43] Exported 'C:/Users/ryfon/Documents/Code/comp/ECE369/Lab_4/frank2022/frank2022.sim/sim_1/impl/func/xsim/Mem38.mem'
INFO: [SIM-utils-43] Exported 'C:/Users/ryfon/Documents/Code/comp/ECE369/Lab_4/frank2022/frank2022.sim/sim_1/impl/func/xsim/Mem55.mem'
INFO: [SIM-utils-43] Exported 'C:/Users/ryfon/Documents/Code/comp/ECE369/Lab_4/frank2022/frank2022.sim/sim_1/impl/func/xsim/Mem46.mem'
INFO: [SIM-utils-43] Exported 'C:/Users/ryfon/Documents/Code/comp/ECE369/Lab_4/frank2022/frank2022.sim/sim_1/impl/func/xsim/Mem0.mem'
INFO: [SIM-utils-43] Exported 'C:/Users/ryfon/Documents/Code/comp/ECE369/Lab_4/frank2022/frank2022.sim/sim_1/impl/func/xsim/Mem12.mem'
INFO: [SIM-utils-43] Exported 'C:/Users/ryfon/Documents/Code/comp/ECE369/Lab_4/frank2022/frank2022.sim/sim_1/impl/func/xsim/Mem29.mem'
INFO: [SIM-utils-43] Exported 'C:/Users/ryfon/Documents/Code/comp/ECE369/Lab_4/frank2022/frank2022.sim/sim_1/impl/func/xsim/Mem50.mem'
INFO: [SIM-utils-43] Exported 'C:/Users/ryfon/Documents/Code/comp/ECE369/Lab_4/frank2022/frank2022.sim/sim_1/impl/func/xsim/Mem5.mem'
INFO: [SIM-utils-43] Exported 'C:/Users/ryfon/Documents/Code/comp/ECE369/Lab_4/frank2022/frank2022.sim/sim_1/impl/func/xsim/Mem27.mem'
INFO: [SIM-utils-43] Exported 'C:/Users/ryfon/Documents/Code/comp/ECE369/Lab_4/frank2022/frank2022.sim/sim_1/impl/func/xsim/Mem14.mem'
INFO: [SIM-utils-43] Exported 'C:/Users/ryfon/Documents/Code/comp/ECE369/Lab_4/frank2022/frank2022.sim/sim_1/impl/func/xsim/Mem63.mem'
INFO: [SIM-utils-43] Exported 'C:/Users/ryfon/Documents/Code/comp/ECE369/Lab_4/frank2022/frank2022.sim/sim_1/impl/func/xsim/Mem57.mem'
INFO: [SIM-utils-43] Exported 'C:/Users/ryfon/Documents/Code/comp/ECE369/Lab_4/frank2022/frank2022.sim/sim_1/impl/func/xsim/Mem44.mem'
INFO: [SIM-utils-43] Exported 'C:/Users/ryfon/Documents/Code/comp/ECE369/Lab_4/frank2022/frank2022.sim/sim_1/impl/func/xsim/Mem31.mem'
INFO: [SIM-utils-43] Exported 'C:/Users/ryfon/Documents/Code/comp/ECE369/Lab_4/frank2022/frank2022.sim/sim_1/impl/func/xsim/InstrMem0.mem'
INFO: [SIM-utils-43] Exported 'C:/Users/ryfon/Documents/Code/comp/ECE369/Lab_4/frank2022/frank2022.sim/sim_1/impl/func/xsim/InstrMem1.mem'
INFO: [SIM-utils-43] Exported 'C:/Users/ryfon/Documents/Code/comp/ECE369/Lab_4/frank2022/frank2022.sim/sim_1/impl/func/xsim/InstrMem3.mem'
INFO: [SIM-utils-43] Exported 'C:/Users/ryfon/Documents/Code/comp/ECE369/Lab_4/frank2022/frank2022.sim/sim_1/impl/func/xsim/InstrMem2.mem'
INFO: [USF-XSim-2] XSim::Compile design
INFO: [USF-XSim-61] Executing 'COMPILE and ANALYZE' step in 'C:/Users/ryfon/Documents/Code/comp/ECE369/Lab_4/frank2022/frank2022.sim/sim_1/impl/func/xsim'
"xvlog --incr --relax -prj WinRARTop_tb_vlog.prj"
INFO: [VRFC 10-2263] Analyzing Verilog file "C:/Users/ryfon/Documents/Code/comp/ECE369/Lab_4/frank2022/frank2022.sim/sim_1/impl/func/xsim/WinRARTop_tb_func_impl.v" into library xil_defaultlib
INFO: [VRFC 10-311] analyzing module ALUAdderStage
INFO: [VRFC 10-311] analyzing module ALUAdderStage__parameterized0
INFO: [VRFC 10-311] analyzing module ALUAdderStage__parameterized1
INFO: [VRFC 10-311] analyzing module ALUAdderStage__parameterized10
INFO: [VRFC 10-311] analyzing module ALUAdderStage__parameterized11
INFO: [VRFC 10-311] analyzing module ALUAdderStage__parameterized12
INFO: [VRFC 10-311] analyzing module ALUAdderStage__parameterized13
INFO: [VRFC 10-311] analyzing module ALUAdderStage__parameterized14
INFO: [VRFC 10-311] analyzing module ALUAdderStage__parameterized2
INFO: [VRFC 10-311] analyzing module ALUAdderStage__parameterized3
INFO: [VRFC 10-311] analyzing module ALUAdderStage__parameterized4
INFO: [VRFC 10-311] analyzing module ALUAdderStage__parameterized5
INFO: [VRFC 10-311] analyzing module ALUAdderStage__parameterized6
INFO: [VRFC 10-311] analyzing module ALUAdderStage__parameterized7
INFO: [VRFC 10-311] analyzing module ALUAdderStage__parameterized8
INFO: [VRFC 10-311] analyzing module ALUAdderStage__parameterized9
INFO: [VRFC 10-311] analyzing module ALUFinalStage
INFO: [VRFC 10-311] analyzing module ALUSetup
INFO: [VRFC 10-311] analyzing module Decode
INFO: [VRFC 10-311] analyzing module EighteenStageALU
INFO: [VRFC 10-311] analyzing module Execute
INFO: [VRFC 10-311] analyzing module Fetch
INFO: [VRFC 10-311] analyzing module FetchTop
INFO: [VRFC 10-311] analyzing module FullAdder2Bit
INFO: [VRFC 10-311] analyzing module FullAdder2Bit__parameterized0
INFO: [VRFC 10-311] analyzing module FullAdder2Bit__parameterized1
INFO: [VRFC 10-311] analyzing module FullAdder2Bit__parameterized10
INFO: [VRFC 10-311] analyzing module FullAdder2Bit__parameterized11
INFO: [VRFC 10-311] analyzing module FullAdder2Bit__parameterized12
INFO: [VRFC 10-311] analyzing module FullAdder2Bit__parameterized13
INFO: [VRFC 10-311] analyzing module FullAdder2Bit__parameterized14
INFO: [VRFC 10-311] analyzing module FullAdder2Bit__parameterized2
INFO: [VRFC 10-311] analyzing module FullAdder2Bit__parameterized3
INFO: [VRFC 10-311] analyzing module FullAdder2Bit__parameterized4
INFO: [VRFC 10-311] analyzing module FullAdder2Bit__parameterized5
INFO: [VRFC 10-311] analyzing module FullAdder2Bit__parameterized6
INFO: [VRFC 10-311] analyzing module FullAdder2Bit__parameterized7
INFO: [VRFC 10-311] analyzing module FullAdder2Bit__parameterized8
INFO: [VRFC 10-311] analyzing module FullAdder2Bit__parameterized9
INFO: [VRFC 10-311] analyzing module InstrMemAccess
INFO: [VRFC 10-311] analyzing module InstructionMemoryAccess
INFO: [VRFC 10-311] analyzing module InstructionMemoryParse
INFO: [VRFC 10-311] analyzing module MUXController
INFO: [VRFC 10-311] analyzing module MemAccess
INFO: [VRFC 10-311] analyzing module MemParse1
INFO: [VRFC 10-311] analyzing module MemParse2
INFO: [VRFC 10-311] analyzing module MemoryAccess
INFO: [VRFC 10-311] analyzing module ProgramCounter
INFO: [VRFC 10-311] analyzing module RegisterFile
INFO: [VRFC 10-311] analyzing module ThreeStageMem
INFO: [VRFC 10-311] analyzing module Two4DigitDisplay
INFO: [VRFC 10-311] analyzing module WinRAR
INFO: [VRFC 10-311] analyzing module WinRARTop
INFO: [VRFC 10-311] analyzing module WriteBack
INFO: [VRFC 10-311] analyzing module glbl
INFO: [VRFC 10-2263] Analyzing Verilog file "C:/Users/ryfon/Documents/Code/comp/ECE369/src/Verilog/18StageALU.v" into library xil_defaultlib
INFO: [VRFC 10-311] analyzing module ALUSetup
WARNING: [VRFC 10-3609] overwriting previous definition of module 'ALUSetup' [C:/Users/ryfon/Documents/Code/comp/ECE369/src/Verilog/ALUSetup.v:4]
INFO: [VRFC 10-311] analyzing module ALUFinalStage
WARNING: [VRFC 10-3609] overwriting previous definition of module 'ALUFinalStage' [C:/Users/ryfon/Documents/Code/comp/ECE369/src/Verilog/ALUFinalStage.v:4]
INFO: [VRFC 10-311] analyzing module FullAdder2Bit
WARNING: [VRFC 10-3609] overwriting previous definition of module 'FullAdder2Bit' [C:/Users/ryfon/Documents/Code/comp/ECE369/src/Verilog/FullAdder2Bit.v:3]
INFO: [VRFC 10-311] analyzing module ALUAdderStage
WARNING: [VRFC 10-3609] overwriting previous definition of module 'ALUAdderStage' [C:/Users/ryfon/Documents/Code/comp/ECE369/src/Verilog/ALUAdderStage.v:4]
INFO: [VRFC 10-311] analyzing module EighteenStageALU
WARNING: [VRFC 10-3609] overwriting previous definition of module 'EighteenStageALU' [C:/Users/ryfon/Documents/Code/comp/ECE369/src/Verilog/18StageALU.v:6]
INFO: [VRFC 10-2263] Analyzing Verilog file "C:/Users/ryfon/Documents/Code/comp/ECE369/src/Verilog/ALUAdderStage.v" into library xil_defaultlib
INFO: [VRFC 10-2263] Analyzing Verilog file "C:/Users/ryfon/Documents/Code/comp/ECE369/src/Verilog/ALUController.v" into library xil_defaultlib
INFO: [VRFC 10-311] analyzing module ALUController
INFO: [VRFC 10-2263] Analyzing Verilog file "C:/Users/ryfon/Documents/Code/comp/ECE369/src/Verilog/ALUFinalStage.v" into library xil_defaultlib
INFO: [VRFC 10-2263] Analyzing Verilog file "C:/Users/ryfon/Documents/Code/comp/ECE369/src/Verilog/ALUSetup.v" into library xil_defaultlib
INFO: [VRFC 10-2263] Analyzing Verilog file "C:/Users/ryfon/Documents/Code/comp/ECE369/src/Verilog/Decode.v" into library xil_defaultlib
INFO: [VRFC 10-311] analyzing module MUXController
WARNING: [VRFC 10-3609] overwriting previous definition of module 'MUXController' [C:/Users/ryfon/Documents/Code/comp/ECE369/src/Verilog/MuxController.v:3]
INFO: [VRFC 10-311] analyzing module MemController
INFO: [VRFC 10-311] analyzing module RegisterFile
WARNING: [VRFC 10-3609] overwriting previous definition of module 'RegisterFile' [C:/Users/ryfon/Documents/Code/comp/ECE369/src/Verilog/RegisterFile.v:52]
INFO: [VRFC 10-311] analyzing module Decode
WARNING: [VRFC 10-3609] overwriting previous definition of module 'Decode' [C:/Users/ryfon/Documents/Code/comp/ECE369/src/Verilog/Decode.v:6]
INFO: [VRFC 10-2263] Analyzing Verilog file "C:/Users/ryfon/Documents/Code/comp/ECE369/src/Verilog/Execute.v" into library xil_defaultlib
INFO: [VRFC 10-311] analyzing module SignExtension
INFO: [VRFC 10-311] analyzing module Execute
WARNING: [VRFC 10-3380] identifier 'SignExtendedInstrImm' is used before its declaration [C:/Users/ryfon/Documents/Code/comp/ECE369/src/Verilog/Execute.v:173]
WARNING: [VRFC 10-3609] overwriting previous definition of module 'Execute' [C:/Users/ryfon/Documents/Code/comp/ECE369/src/Verilog/Execute.v:6]
INFO: [VRFC 10-2263] Analyzing Verilog file "C:/Users/ryfon/Documents/Code/comp/ECE369/src/Verilog/Fetch.v" into library xil_defaultlib
INFO: [VRFC 10-311] analyzing module PCAdder
INFO: [VRFC 10-311] analyzing module ProgramCounter
WARNING: [VRFC 10-3609] overwriting previous definition of module 'ProgramCounter' [C:/Users/ryfon/Documents/Code/comp/ECE369/src/Verilog/ProgramCounter.v:28]
INFO: [VRFC 10-311] analyzing module InstructionMemory
INFO: [VRFC 10-311] analyzing module Fetch
WARNING: [VRFC 10-3609] overwriting previous definition of module 'Fetch' [C:/Users/ryfon/Documents/Code/comp/ECE369/src/Verilog/Fetch.v:6]
INFO: [VRFC 10-2263] Analyzing Verilog file "C:/Users/ryfon/Documents/Code/comp/ECE369/src/Verilog/FetchTop.v" into library xil_defaultlib
INFO: [VRFC 10-311] analyzing module InstructionMemoryAccess
WARNING: [VRFC 10-3609] overwriting previous definition of module 'InstructionMemoryAccess' [C:/Users/ryfon/Documents/Code/comp/ECE369/src/Verilog/InstructionMemoryAccess.v:3]
INFO: [VRFC 10-311] analyzing module InstructionMemoryParse
WARNING: [VRFC 10-3609] overwriting previous definition of module 'InstructionMemoryParse' [C:/Users/ryfon/Documents/Code/comp/ECE369/src/Verilog/InstructionMemoryParse.v:3]
INFO: [VRFC 10-311] analyzing module InstrMemAccess
WARNING: [VRFC 10-3609] overwriting previous definition of module 'InstrMemAccess' [C:/Users/ryfon/Documents/Code/comp/ECE369/src/Verilog/InstrMemStage.v:5]
INFO: [VRFC 10-311] analyzing module FetchTop
WARNING: [VRFC 10-3609] overwriting previous definition of module 'FetchTop' [C:/Users/ryfon/Documents/Code/comp/ECE369/src/Verilog/FetchTop.v:5]
INFO: [VRFC 10-2263] Analyzing Verilog file "C:/Users/ryfon/Documents/Code/comp/ECE369/src/Verilog/FullAdder2Bit.v" into library xil_defaultlib
INFO: [VRFC 10-2263] Analyzing Verilog file "C:/Users/ryfon/Documents/Code/comp/ECE369/src/Verilog/InstrMemStage.v" into library xil_defaultlib
INFO: [VRFC 10-2263] Analyzing Verilog file "C:/Users/ryfon/Documents/Code/comp/ECE369/src/Verilog/InstructionMemory.v" into library xil_defaultlib
INFO: [VRFC 10-2263] Analyzing Verilog file "C:/Users/ryfon/Documents/Code/comp/ECE369/src/Verilog/InstructionMemoryAccess.v" into library xil_defaultlib
INFO: [VRFC 10-2263] Analyzing Verilog file "C:/Users/ryfon/Documents/Code/comp/ECE369/src/Verilog/InstructionMemoryParse.v" into library xil_defaultlib
INFO: [VRFC 10-2263] Analyzing Verilog file "C:/Users/ryfon/Documents/Code/comp/ECE369/src/Verilog/MUXController.v" into library xil_defaultlib
INFO: [VRFC 10-2263] Analyzing Verilog file "C:/Users/ryfon/Documents/Code/comp/ECE369/src/Verilog/MemAccess.v" into library xil_defaultlib
INFO: [VRFC 10-311] analyzing module MemAccess
WARNING: [VRFC 10-3609] overwriting previous definition of module 'MemAccess' [C:/Users/ryfon/Documents/Code/comp/ECE369/src/Verilog/MemAccess.v:3]
INFO: [VRFC 10-2263] Analyzing Verilog file "C:/Users/ryfon/Documents/Code/comp/ECE369/src/Verilog/MemController.v" into library xil_defaultlib
INFO: [VRFC 10-2263] Analyzing Verilog file "C:/Users/ryfon/Documents/Code/comp/ECE369/src/Verilog/MemParse1.v" into library xil_defaultlib
INFO: [VRFC 10-311] analyzing module MemParse1
WARNING: [VRFC 10-3609] overwriting previous definition of module 'MemParse1' [C:/Users/ryfon/Documents/Code/comp/ECE369/src/Verilog/MemParse1.v:3]
INFO: [VRFC 10-2263] Analyzing Verilog file "C:/Users/ryfon/Documents/Code/comp/ECE369/src/Verilog/MemParse2.v" into library xil_defaultlib
INFO: [VRFC 10-311] analyzing module MemParse2
WARNING: [VRFC 10-3609] overwriting previous definition of module 'MemParse2' [C:/Users/ryfon/Documents/Code/comp/ECE369/src/Verilog/MemParse2.v:3]
INFO: [VRFC 10-2263] Analyzing Verilog file "C:/Users/ryfon/Documents/Code/comp/ECE369/src/Verilog/PCAdder.v" into library xil_defaultlib
INFO: [VRFC 10-2263] Analyzing Verilog file "C:/Users/ryfon/Documents/Code/comp/ECE369/src/Verilog/ProgramCounter.v" into library xil_defaultlib
INFO: [VRFC 10-2263] Analyzing Verilog file "C:/Users/ryfon/Documents/Code/comp/ECE369/src/Verilog/RegisterFile.v" into library xil_defaultlib
INFO: [VRFC 10-2263] Analyzing Verilog file "C:/Users/ryfon/Documents/Code/comp/ECE369/src/Verilog/SevenSegment.v" into library xil_defaultlib
INFO: [VRFC 10-311] analyzing module SevenSegment
INFO: [VRFC 10-2263] Analyzing Verilog file "C:/Users/ryfon/Documents/Code/comp/ECE369/src/Verilog/SignExtension.v" into library xil_defaultlib
INFO: [VRFC 10-2263] Analyzing Verilog file "C:/Users/ryfon/Documents/Code/comp/ECE369/src/Verilog/ThreeStageMem.v" into library xil_defaultlib
INFO: [VRFC 10-311] analyzing module ThreeStageMem
WARNING: [VRFC 10-3609] overwriting previous definition of module 'ThreeStageMem' [C:/Users/ryfon/Documents/Code/comp/ECE369/src/Verilog/ThreeStageMem.v:6]
INFO: [VRFC 10-2263] Analyzing Verilog file "C:/Users/ryfon/Documents/Code/comp/ECE369/src/Verilog/Two4DigitDisplay.v" into library xil_defaultlib
INFO: [VRFC 10-311] analyzing module Two4DigitDisplay
WARNING: [VRFC 10-3609] overwriting previous definition of module 'Two4DigitDisplay' [C:/Users/ryfon/Documents/Code/comp/ECE369/src/Verilog/Two4DigitDisplay.v:18]
INFO: [VRFC 10-2263] Analyzing Verilog file "C:/Users/ryfon/Documents/Code/comp/ECE369/src/Verilog/WinRAR.v" into library xil_defaultlib
INFO: [VRFC 10-311] analyzing module DataMemory
INFO: [VRFC 10-311] analyzing module MemoryAccess
WARNING: [VRFC 10-3609] overwriting previous definition of module 'MemoryAccess' [C:/Users/ryfon/Documents/Code/comp/ECE369/src/Verilog/MemoryAccess.v:5]
INFO: [VRFC 10-311] analyzing module WriteBack
WARNING: [VRFC 10-3609] overwriting previous definition of module 'WriteBack' [C:/Users/ryfon/Documents/Code/comp/ECE369/src/Verilog/WriteBack.v:3]
INFO: [VRFC 10-311] analyzing module WinRAR
WARNING: [VRFC 10-3609] overwriting previous definition of module 'WinRAR' [C:/Users/ryfon/Documents/Code/comp/ECE369/src/Verilog/WinRAR.v:14]
INFO: [VRFC 10-2263] Analyzing Verilog file "C:/Users/ryfon/Documents/Code/comp/ECE369/src/Verilog/WinRARTop.v" into library xil_defaultlib
INFO: [VRFC 10-311] analyzing module WinRARTop
WARNING: [VRFC 10-3609] overwriting previous definition of module 'WinRARTop' [C:/Users/ryfon/Documents/Code/comp/ECE369/src/Verilog/WinRARTop.v:3]
INFO: [VRFC 10-2263] Analyzing Verilog file "C:/Users/ryfon/Documents/Code/comp/ECE369/src/TestBenches/WinRAR_tb.v" into library xil_defaultlib
INFO: [VRFC 10-311] analyzing module WinRAR_tb
INFO: [VRFC 10-2263] Analyzing Verilog file "C:/Users/ryfon/Documents/Code/comp/ECE369/src/Verilog/WriteBack.v" into library xil_defaultlib
run_program: Time (s): cpu = 00:00:00 ; elapsed = 00:00:07 . Memory (MB): peak = 2447.859 ; gain = 0.000
INFO: [USF-XSim-69] 'compile' step finished in '8' seconds
INFO: [USF-XSim-3] XSim::Elaborate design
INFO: [USF-XSim-61] Executing 'ELABORATE' step in 'C:/Users/ryfon/Documents/Code/comp/ECE369/Lab_4/frank2022/frank2022.sim/sim_1/impl/func/xsim'
"xelab --incr --debug typical --relax --mt 2 -L xil_defaultlib -L unisims_ver -L secureip --snapshot WinRARTop_tb_func_impl xil_defaultlib.WinRARTop_tb xil_defaultlib.glbl -log elaborate.log"
Vivado Simulator v2022.2
Copyright 1986-1999, 2001-2022 Xilinx, Inc. All Rights Reserved.
Running: C:/Xilinx/Vivado/2022.2/bin/unwrapped/win64.o/xelab.exe --incr --debug typical --relax --mt 2 -L xil_defaultlib -L unisims_ver -L secureip --snapshot WinRARTop_tb_func_impl xil_defaultlib.WinRARTop_tb xil_defaultlib.glbl -log elaborate.log 
Using 2 slave threads.
Starting static elaboration
Pass Through NonSizing Optimizer
ERROR: [VRFC 10-3180] cannot find port 'led' on this module [C:/Users/ryfon/Documents/Code/comp/ECE369/src/TestBenches/WinRARTop_tb.v:18]
ERROR: [XSIM 43-3322] Static elaboration of top level Verilog design unit(s) in library work failed.
INFO: [USF-XSim-69] 'elaborate' step finished in '1' seconds
INFO: [USF-XSim-99] Step results log file:'C:/Users/ryfon/Documents/Code/comp/ECE369/Lab_4/frank2022/frank2022.sim/sim_1/impl/func/xsim/elaborate.log'
ERROR: [USF-XSim-62] 'elaborate' step failed with error(s). Please check the Tcl console output or 'C:/Users/ryfon/Documents/Code/comp/ECE369/Lab_4/frank2022/frank2022.sim/sim_1/impl/func/xsim/elaborate.log' file for more information.
ERROR: [Vivado 12-4473] Detected error while running simulation. Please correct the issue and retry this operation.
launch_simulation: Time (s): cpu = 00:00:00 ; elapsed = 00:00:14 . Memory (MB): peak = 2447.859 ; gain = 0.000
ERROR: [Common 17-39] 'launch_simulation' failed due to earlier errors.
set_property top WinRAR_tb [get_filesets sim_1]
set_property top_lib xil_defaultlib [get_filesets sim_1]
launch_simulation -mode post-implementation -type functional
Command: launch_simulation  -mode post-implementation -type functional
INFO: [Vivado 12-12493] Simulation top is 'WinRAR_tb'
WARNING: [Vivado 12-13340] Unable to auto find GCC executables from simulator install path! (path not set)
WARNING: [Vivado 12-13277] Compiled library path does not exist: ''
INFO: [Vivado 12-5682] Launching post-implementation functional simulation in 'C:/Users/ryfon/Documents/Code/comp/ECE369/Lab_4/frank2022/frank2022.sim/sim_1/impl/func/xsim'
INFO: [SIM-utils-51] Simulation object is 'sim_1'
INFO: [SIM-utils-72] Using boost library from 'C:/Xilinx/Vivado/2022.2/tps/boost_1_72_0'
INFO: [SIM-utils-31] Writing simulation netlist file for design 'impl_1'...
INFO: [SIM-utils-32] write_verilog -mode funcsim -nolib -force -file "C:/Users/ryfon/Documents/Code/comp/ECE369/Lab_4/frank2022/frank2022.sim/sim_1/impl/func/xsim/WinRAR_tb_func_impl.v"
INFO: [SIM-utils-36] Netlist generated:C:/Users/ryfon/Documents/Code/comp/ECE369/Lab_4/frank2022/frank2022.sim/sim_1/impl/func/xsim/WinRAR_tb_func_impl.v
INFO: [SIM-utils-54] Inspecting design source files for 'WinRAR_tb' in fileset 'sim_1'...
INFO: [SIM-utils-43] Exported 'C:/Users/ryfon/Documents/Code/comp/ECE369/Lab_4/frank2022/frank2022.sim/sim_1/impl/func/xsim/Mem32.mem'
INFO: [SIM-utils-43] Exported 'C:/Users/ryfon/Documents/Code/comp/ECE369/Lab_4/frank2022/frank2022.sim/sim_1/impl/func/xsim/Mem40.mem'
INFO: [SIM-utils-43] Exported 'C:/Users/ryfon/Documents/Code/comp/ECE369/Lab_4/frank2022/frank2022.sim/sim_1/impl/func/xsim/Mem59.mem'
INFO: [SIM-utils-43] Exported 'C:/Users/ryfon/Documents/Code/comp/ECE369/Lab_4/frank2022/frank2022.sim/sim_1/impl/func/xsim/Mem24.mem'
INFO: [SIM-utils-43] Exported 'C:/Users/ryfon/Documents/Code/comp/ECE369/Lab_4/frank2022/frank2022.sim/sim_1/impl/func/xsim/data_memory.mem'
INFO: [SIM-utils-43] Exported 'C:/Users/ryfon/Documents/Code/comp/ECE369/Lab_4/frank2022/frank2022.sim/sim_1/impl/func/xsim/Mem42.mem'
INFO: [SIM-utils-43] Exported 'C:/Users/ryfon/Documents/Code/comp/ECE369/Lab_4/frank2022/frank2022.sim/sim_1/impl/func/xsim/Mem16.mem'
INFO: [SIM-utils-43] Exported 'C:/Users/ryfon/Documents/Code/comp/ECE369/Lab_4/frank2022/frank2022.sim/sim_1/impl/func/xsim/Mem30.mem'
INFO: [SIM-utils-43] Exported 'C:/Users/ryfon/Documents/Code/comp/ECE369/Lab_4/frank2022/frank2022.sim/sim_1/impl/func/xsim/Mem34.mem'
INFO: [SIM-utils-43] Exported 'C:/Users/ryfon/Documents/Code/comp/ECE369/Lab_4/frank2022/frank2022.sim/sim_1/impl/func/xsim/Mem8.mem'
INFO: [SIM-utils-43] Exported 'C:/Users/ryfon/Documents/Code/comp/ECE369/Lab_4/frank2022/frank2022.sim/sim_1/impl/func/xsim/Mem18.mem'
INFO: [SIM-utils-43] Exported 'C:/Users/ryfon/Documents/Code/comp/ECE369/Lab_4/frank2022/frank2022.sim/sim_1/impl/func/xsim/Mem22.mem'
INFO: [SIM-utils-43] Exported 'C:/Users/ryfon/Documents/Code/comp/ECE369/Lab_4/frank2022/frank2022.sim/sim_1/impl/func/xsim/test1_instr.mem'
INFO: [SIM-utils-43] Exported 'C:/Users/ryfon/Documents/Code/comp/ECE369/Lab_4/frank2022/frank2022.sim/sim_1/impl/func/xsim/Mem36.mem'
INFO: [SIM-utils-43] Exported 'C:/Users/ryfon/Documents/Code/comp/ECE369/Lab_4/frank2022/frank2022.sim/sim_1/impl/func/xsim/Mem2.mem'
INFO: [SIM-utils-43] Exported 'C:/Users/ryfon/Documents/Code/comp/ECE369/Lab_4/frank2022/frank2022.sim/sim_1/impl/func/xsim/Mem49.mem'
INFO: [SIM-utils-43] Exported 'C:/Users/ryfon/Documents/Code/comp/ECE369/Lab_4/frank2022/frank2022.sim/sim_1/impl/func/xsim/Mem45.mem'
INFO: [SIM-utils-43] Exported 'C:/Users/ryfon/Documents/Code/comp/ECE369/Lab_4/frank2022/frank2022.sim/sim_1/impl/func/xsim/instruction.mem'
INFO: [SIM-utils-43] Exported 'C:/Users/ryfon/Documents/Code/comp/ECE369/Lab_4/frank2022/frank2022.sim/sim_1/impl/func/xsim/Mem28.mem'
INFO: [SIM-utils-43] Exported 'C:/Users/ryfon/Documents/Code/comp/ECE369/Lab_4/frank2022/frank2022.sim/sim_1/impl/func/xsim/Mem11.mem'
INFO: [SIM-utils-43] Exported 'C:/Users/ryfon/Documents/Code/comp/ECE369/Lab_4/frank2022/frank2022.sim/sim_1/impl/func/xsim/Mem1.mem'
INFO: [SIM-utils-43] Exported 'C:/Users/ryfon/Documents/Code/comp/ECE369/Lab_4/frank2022/frank2022.sim/sim_1/impl/func/xsim/Mem54.mem'
INFO: [SIM-utils-43] Exported 'C:/Users/ryfon/Documents/Code/comp/ECE369/Lab_4/frank2022/frank2022.sim/sim_1/impl/func/xsim/Mem37.mem'
INFO: [SIM-utils-43] Exported 'C:/Users/ryfon/Documents/Code/comp/ECE369/Lab_4/frank2022/frank2022.sim/sim_1/impl/func/xsim/Mem47.mem'
INFO: [SIM-utils-43] Exported 'C:/Users/ryfon/Documents/Code/comp/ECE369/Lab_4/frank2022/frank2022.sim/sim_1/impl/func/xsim/Mem60.mem'
INFO: [SIM-utils-43] Exported 'C:/Users/ryfon/Documents/Code/comp/ECE369/Lab_4/frank2022/frank2022.sim/sim_1/impl/func/xsim/Mem4.mem'
INFO: [SIM-utils-43] Exported 'C:/Users/ryfon/Documents/Code/comp/ECE369/Lab_4/frank2022/frank2022.sim/sim_1/impl/func/xsim/Mem64.mem'
INFO: [SIM-utils-43] Exported 'C:/Users/ryfon/Documents/Code/comp/ECE369/Lab_4/frank2022/frank2022.sim/sim_1/impl/func/xsim/Mem13.mem'
INFO: [SIM-utils-43] Exported 'C:/Users/ryfon/Documents/Code/comp/ECE369/Lab_4/frank2022/frank2022.sim/sim_1/impl/func/xsim/data.mem'
INFO: [SIM-utils-43] Exported 'C:/Users/ryfon/Documents/Code/comp/ECE369/Lab_4/frank2022/frank2022.sim/sim_1/impl/func/xsim/Mem26.mem'
INFO: [SIM-utils-43] Exported 'C:/Users/ryfon/Documents/Code/comp/ECE369/Lab_4/frank2022/frank2022.sim/sim_1/impl/func/xsim/Mem51.mem'
INFO: [SIM-utils-43] Exported 'C:/Users/ryfon/Documents/Code/comp/ECE369/Lab_4/frank2022/frank2022.sim/sim_1/impl/func/xsim/Mem43.mem'
INFO: [SIM-utils-43] Exported 'C:/Users/ryfon/Documents/Code/comp/ECE369/Lab_4/frank2022/frank2022.sim/sim_1/impl/func/xsim/Mem56.mem'
INFO: [SIM-utils-43] Exported 'C:/Users/ryfon/Documents/Code/comp/ECE369/Lab_4/frank2022/frank2022.sim/sim_1/impl/func/xsim/Mem39.mem'
INFO: [SIM-utils-43] Exported 'C:/Users/ryfon/Documents/Code/comp/ECE369/Lab_4/frank2022/frank2022.sim/sim_1/impl/func/xsim/Mem62.mem'
INFO: [SIM-utils-43] Exported 'C:/Users/ryfon/Documents/Code/comp/ECE369/Lab_4/frank2022/frank2022.sim/sim_1/impl/func/xsim/Mem6.mem'
INFO: [SIM-utils-43] Exported 'C:/Users/ryfon/Documents/Code/comp/ECE369/Lab_4/frank2022/frank2022.sim/sim_1/impl/func/xsim/Mem15.mem'
INFO: [SIM-utils-43] Exported 'C:/Users/ryfon/Documents/Code/comp/ECE369/Lab_4/frank2022/frank2022.sim/sim_1/impl/func/xsim/Mem58.mem'
INFO: [SIM-utils-43] Exported 'C:/Users/ryfon/Documents/Code/comp/ECE369/Lab_4/frank2022/frank2022.sim/sim_1/impl/func/xsim/Mem7.mem'
INFO: [SIM-utils-43] Exported 'C:/Users/ryfon/Documents/Code/comp/ECE369/Lab_4/frank2022/frank2022.sim/sim_1/impl/func/xsim/Mem33.mem'
INFO: [SIM-utils-43] Exported 'C:/Users/ryfon/Documents/Code/comp/ECE369/Lab_4/frank2022/frank2022.sim/sim_1/impl/func/xsim/Mem17.mem'
INFO: [SIM-utils-43] Exported 'C:/Users/ryfon/Documents/Code/comp/ECE369/Lab_4/frank2022/frank2022.sim/sim_1/impl/func/xsim/Mem25.mem'
INFO: [SIM-utils-43] Exported 'C:/Users/ryfon/Documents/Code/comp/ECE369/Lab_4/frank2022/frank2022.sim/sim_1/impl/func/xsim/Mem9.mem'
INFO: [SIM-utils-43] Exported 'C:/Users/ryfon/Documents/Code/comp/ECE369/Lab_4/frank2022/frank2022.sim/sim_1/impl/func/xsim/Mem21.mem'
INFO: [SIM-utils-43] Exported 'C:/Users/ryfon/Documents/Code/comp/ECE369/Lab_4/frank2022/frank2022.sim/sim_1/impl/func/xsim/Mem48.mem'
INFO: [SIM-utils-43] Exported 'C:/Users/ryfon/Documents/Code/comp/ECE369/Lab_4/frank2022/frank2022.sim/sim_1/impl/func/xsim/Mem35.mem'
INFO: [SIM-utils-43] Exported 'C:/Users/ryfon/Documents/Code/comp/ECE369/Lab_4/frank2022/frank2022.sim/sim_1/impl/func/xsim/Mem3.mem'
INFO: [SIM-utils-43] Exported 'C:/Users/ryfon/Documents/Code/comp/ECE369/Lab_4/frank2022/frank2022.sim/sim_1/impl/func/xsim/Mem19.mem'
INFO: [SIM-utils-43] Exported 'C:/Users/ryfon/Documents/Code/comp/ECE369/Lab_4/frank2022/frank2022.sim/sim_1/impl/func/xsim/Mem41.mem'
INFO: [SIM-utils-43] Exported 'C:/Users/ryfon/Documents/Code/comp/ECE369/Lab_4/frank2022/frank2022.sim/sim_1/impl/func/xsim/Mem53.mem'
INFO: [SIM-utils-43] Exported 'C:/Users/ryfon/Documents/Code/comp/ECE369/Lab_4/frank2022/frank2022.sim/sim_1/impl/func/xsim/Mem23.mem'
INFO: [SIM-utils-43] Exported 'C:/Users/ryfon/Documents/Code/comp/ECE369/Lab_4/frank2022/frank2022.sim/sim_1/impl/func/xsim/Mem10.mem'
INFO: [SIM-utils-43] Exported 'C:/Users/ryfon/Documents/Code/comp/ECE369/Lab_4/frank2022/frank2022.sim/sim_1/impl/func/xsim/Mem61.mem'
INFO: [SIM-utils-43] Exported 'C:/Users/ryfon/Documents/Code/comp/ECE369/Lab_4/frank2022/frank2022.sim/sim_1/impl/func/xsim/Mem52.mem'
INFO: [SIM-utils-43] Exported 'C:/Users/ryfon/Documents/Code/comp/ECE369/Lab_4/frank2022/frank2022.sim/sim_1/impl/func/xsim/Mem20.mem'
INFO: [SIM-utils-43] Exported 'C:/Users/ryfon/Documents/Code/comp/ECE369/Lab_4/frank2022/frank2022.sim/sim_1/impl/func/xsim/Mem38.mem'
INFO: [SIM-utils-43] Exported 'C:/Users/ryfon/Documents/Code/comp/ECE369/Lab_4/frank2022/frank2022.sim/sim_1/impl/func/xsim/Mem55.mem'
INFO: [SIM-utils-43] Exported 'C:/Users/ryfon/Documents/Code/comp/ECE369/Lab_4/frank2022/frank2022.sim/sim_1/impl/func/xsim/Mem46.mem'
INFO: [SIM-utils-43] Exported 'C:/Users/ryfon/Documents/Code/comp/ECE369/Lab_4/frank2022/frank2022.sim/sim_1/impl/func/xsim/Mem0.mem'
INFO: [SIM-utils-43] Exported 'C:/Users/ryfon/Documents/Code/comp/ECE369/Lab_4/frank2022/frank2022.sim/sim_1/impl/func/xsim/Mem12.mem'
INFO: [SIM-utils-43] Exported 'C:/Users/ryfon/Documents/Code/comp/ECE369/Lab_4/frank2022/frank2022.sim/sim_1/impl/func/xsim/Mem29.mem'
INFO: [SIM-utils-43] Exported 'C:/Users/ryfon/Documents/Code/comp/ECE369/Lab_4/frank2022/frank2022.sim/sim_1/impl/func/xsim/Mem50.mem'
INFO: [SIM-utils-43] Exported 'C:/Users/ryfon/Documents/Code/comp/ECE369/Lab_4/frank2022/frank2022.sim/sim_1/impl/func/xsim/Mem5.mem'
INFO: [SIM-utils-43] Exported 'C:/Users/ryfon/Documents/Code/comp/ECE369/Lab_4/frank2022/frank2022.sim/sim_1/impl/func/xsim/Mem27.mem'
INFO: [SIM-utils-43] Exported 'C:/Users/ryfon/Documents/Code/comp/ECE369/Lab_4/frank2022/frank2022.sim/sim_1/impl/func/xsim/Mem14.mem'
INFO: [SIM-utils-43] Exported 'C:/Users/ryfon/Documents/Code/comp/ECE369/Lab_4/frank2022/frank2022.sim/sim_1/impl/func/xsim/Mem63.mem'
INFO: [SIM-utils-43] Exported 'C:/Users/ryfon/Documents/Code/comp/ECE369/Lab_4/frank2022/frank2022.sim/sim_1/impl/func/xsim/Mem57.mem'
INFO: [SIM-utils-43] Exported 'C:/Users/ryfon/Documents/Code/comp/ECE369/Lab_4/frank2022/frank2022.sim/sim_1/impl/func/xsim/Mem44.mem'
INFO: [SIM-utils-43] Exported 'C:/Users/ryfon/Documents/Code/comp/ECE369/Lab_4/frank2022/frank2022.sim/sim_1/impl/func/xsim/Mem31.mem'
INFO: [SIM-utils-43] Exported 'C:/Users/ryfon/Documents/Code/comp/ECE369/Lab_4/frank2022/frank2022.sim/sim_1/impl/func/xsim/InstrMem0.mem'
INFO: [SIM-utils-43] Exported 'C:/Users/ryfon/Documents/Code/comp/ECE369/Lab_4/frank2022/frank2022.sim/sim_1/impl/func/xsim/InstrMem1.mem'
INFO: [SIM-utils-43] Exported 'C:/Users/ryfon/Documents/Code/comp/ECE369/Lab_4/frank2022/frank2022.sim/sim_1/impl/func/xsim/InstrMem3.mem'
INFO: [SIM-utils-43] Exported 'C:/Users/ryfon/Documents/Code/comp/ECE369/Lab_4/frank2022/frank2022.sim/sim_1/impl/func/xsim/InstrMem2.mem'
INFO: [USF-XSim-2] XSim::Compile design
INFO: [USF-XSim-61] Executing 'COMPILE and ANALYZE' step in 'C:/Users/ryfon/Documents/Code/comp/ECE369/Lab_4/frank2022/frank2022.sim/sim_1/impl/func/xsim'
"xvlog --incr --relax -prj WinRAR_tb_vlog.prj"
INFO: [VRFC 10-2263] Analyzing Verilog file "C:/Users/ryfon/Documents/Code/comp/ECE369/Lab_4/frank2022/frank2022.sim/sim_1/impl/func/xsim/WinRAR_tb_func_impl.v" into library xil_defaultlib
INFO: [VRFC 10-311] analyzing module ALUAdderStage
INFO: [VRFC 10-311] analyzing module ALUAdderStage__parameterized0
INFO: [VRFC 10-311] analyzing module ALUAdderStage__parameterized1
INFO: [VRFC 10-311] analyzing module ALUAdderStage__parameterized10
INFO: [VRFC 10-311] analyzing module ALUAdderStage__parameterized11
INFO: [VRFC 10-311] analyzing module ALUAdderStage__parameterized12
INFO: [VRFC 10-311] analyzing module ALUAdderStage__parameterized13
INFO: [VRFC 10-311] analyzing module ALUAdderStage__parameterized14
INFO: [VRFC 10-311] analyzing module ALUAdderStage__parameterized2
INFO: [VRFC 10-311] analyzing module ALUAdderStage__parameterized3
INFO: [VRFC 10-311] analyzing module ALUAdderStage__parameterized4
INFO: [VRFC 10-311] analyzing module ALUAdderStage__parameterized5
INFO: [VRFC 10-311] analyzing module ALUAdderStage__parameterized6
INFO: [VRFC 10-311] analyzing module ALUAdderStage__parameterized7
INFO: [VRFC 10-311] analyzing module ALUAdderStage__parameterized8
INFO: [VRFC 10-311] analyzing module ALUAdderStage__parameterized9
INFO: [VRFC 10-311] analyzing module ALUFinalStage
INFO: [VRFC 10-311] analyzing module ALUSetup
INFO: [VRFC 10-311] analyzing module Decode
INFO: [VRFC 10-311] analyzing module EighteenStageALU
INFO: [VRFC 10-311] analyzing module Execute
INFO: [VRFC 10-311] analyzing module Fetch
INFO: [VRFC 10-311] analyzing module FetchTop
INFO: [VRFC 10-311] analyzing module FullAdder2Bit
INFO: [VRFC 10-311] analyzing module FullAdder2Bit__parameterized0
INFO: [VRFC 10-311] analyzing module FullAdder2Bit__parameterized1
INFO: [VRFC 10-311] analyzing module FullAdder2Bit__parameterized10
INFO: [VRFC 10-311] analyzing module FullAdder2Bit__parameterized11
INFO: [VRFC 10-311] analyzing module FullAdder2Bit__parameterized12
INFO: [VRFC 10-311] analyzing module FullAdder2Bit__parameterized13
INFO: [VRFC 10-311] analyzing module FullAdder2Bit__parameterized14
INFO: [VRFC 10-311] analyzing module FullAdder2Bit__parameterized2
INFO: [VRFC 10-311] analyzing module FullAdder2Bit__parameterized3
INFO: [VRFC 10-311] analyzing module FullAdder2Bit__parameterized4
INFO: [VRFC 10-311] analyzing module FullAdder2Bit__parameterized5
INFO: [VRFC 10-311] analyzing module FullAdder2Bit__parameterized6
INFO: [VRFC 10-311] analyzing module FullAdder2Bit__parameterized7
INFO: [VRFC 10-311] analyzing module FullAdder2Bit__parameterized8
INFO: [VRFC 10-311] analyzing module FullAdder2Bit__parameterized9
INFO: [VRFC 10-311] analyzing module InstrMemAccess
INFO: [VRFC 10-311] analyzing module InstructionMemoryAccess
INFO: [VRFC 10-311] analyzing module InstructionMemoryParse
INFO: [VRFC 10-311] analyzing module MUXController
INFO: [VRFC 10-311] analyzing module MemAccess
INFO: [VRFC 10-311] analyzing module MemParse1
INFO: [VRFC 10-311] analyzing module MemParse2
INFO: [VRFC 10-311] analyzing module MemoryAccess
INFO: [VRFC 10-311] analyzing module ProgramCounter
INFO: [VRFC 10-311] analyzing module RegisterFile
INFO: [VRFC 10-311] analyzing module ThreeStageMem
INFO: [VRFC 10-311] analyzing module Two4DigitDisplay
INFO: [VRFC 10-311] analyzing module WinRAR
INFO: [VRFC 10-311] analyzing module WinRARTop
INFO: [VRFC 10-311] analyzing module WriteBack
INFO: [VRFC 10-311] analyzing module glbl
INFO: [VRFC 10-2263] Analyzing Verilog file "C:/Users/ryfon/Documents/Code/comp/ECE369/src/TestBenches/WinRAR_tb.v" into library xil_defaultlib
INFO: [VRFC 10-311] analyzing module WinRAR_tb
INFO: [USF-XSim-69] 'compile' step finished in '2' seconds
INFO: [USF-XSim-3] XSim::Elaborate design
INFO: [USF-XSim-61] Executing 'ELABORATE' step in 'C:/Users/ryfon/Documents/Code/comp/ECE369/Lab_4/frank2022/frank2022.sim/sim_1/impl/func/xsim'
"xelab --incr --debug typical --relax --mt 2 -L xil_defaultlib -L unisims_ver -L secureip --snapshot WinRAR_tb_func_impl xil_defaultlib.WinRAR_tb xil_defaultlib.glbl -log elaborate.log"
Vivado Simulator v2022.2
Copyright 1986-1999, 2001-2022 Xilinx, Inc. All Rights Reserved.
Running: C:/Xilinx/Vivado/2022.2/bin/unwrapped/win64.o/xelab.exe --incr --debug typical --relax --mt 2 -L xil_defaultlib -L unisims_ver -L secureip --snapshot WinRAR_tb_func_impl xil_defaultlib.WinRAR_tb xil_defaultlib.glbl -log elaborate.log 
Using 2 slave threads.
Starting static elaboration
Pass Through NonSizing Optimizer
ERROR: [VRFC 10-3180] cannot find port 'YPos' on this module [C:/Users/ryfon/Documents/Code/comp/ECE369/src/TestBenches/WinRAR_tb.v:41]
ERROR: [VRFC 10-3180] cannot find port 'XPos' on this module [C:/Users/ryfon/Documents/Code/comp/ECE369/src/TestBenches/WinRAR_tb.v:40]
ERROR: [VRFC 10-3180] cannot find port 'rst' on this module [C:/Users/ryfon/Documents/Code/comp/ECE369/src/TestBenches/WinRAR_tb.v:39]
ERROR: [VRFC 10-3180] cannot find port 'clk' on this module [C:/Users/ryfon/Documents/Code/comp/ECE369/src/TestBenches/WinRAR_tb.v:38]
ERROR: [XSIM 43-3322] Static elaboration of top level Verilog design unit(s) in library work failed.
INFO: [USF-XSim-69] 'elaborate' step finished in '2' seconds
INFO: [USF-XSim-99] Step results log file:'C:/Users/ryfon/Documents/Code/comp/ECE369/Lab_4/frank2022/frank2022.sim/sim_1/impl/func/xsim/elaborate.log'
ERROR: [USF-XSim-62] 'elaborate' step failed with error(s). Please check the Tcl console output or 'C:/Users/ryfon/Documents/Code/comp/ECE369/Lab_4/frank2022/frank2022.sim/sim_1/impl/func/xsim/elaborate.log' file for more information.
ERROR: [Vivado 12-4473] Detected error while running simulation. Please correct the issue and retry this operation.
ERROR: [Common 17-39] 'launch_simulation' failed due to earlier errors.
launch_simulation
Command: launch_simulation 
INFO: [Vivado 12-12493] Simulation top is 'WinRAR_tb'
WARNING: [Vivado 12-13340] Unable to auto find GCC executables from simulator install path! (path not set)
WARNING: [Vivado 12-13277] Compiled library path does not exist: ''
INFO: [Vivado 12-5682] Launching behavioral simulation in 'C:/Users/ryfon/Documents/Code/comp/ECE369/Lab_4/frank2022/frank2022.sim/sim_1/behav/xsim'
INFO: [SIM-utils-51] Simulation object is 'sim_1'
INFO: [SIM-utils-72] Using boost library from 'C:/Xilinx/Vivado/2022.2/tps/boost_1_72_0'
INFO: [SIM-utils-54] Inspecting design source files for 'WinRAR_tb' in fileset 'sim_1'...
INFO: [SIM-utils-43] Exported 'C:/Users/ryfon/Documents/Code/comp/ECE369/Lab_4/frank2022/frank2022.sim/sim_1/behav/xsim/Mem32.mem'
INFO: [SIM-utils-43] Exported 'C:/Users/ryfon/Documents/Code/comp/ECE369/Lab_4/frank2022/frank2022.sim/sim_1/behav/xsim/Mem40.mem'
INFO: [SIM-utils-43] Exported 'C:/Users/ryfon/Documents/Code/comp/ECE369/Lab_4/frank2022/frank2022.sim/sim_1/behav/xsim/Mem59.mem'
INFO: [SIM-utils-43] Exported 'C:/Users/ryfon/Documents/Code/comp/ECE369/Lab_4/frank2022/frank2022.sim/sim_1/behav/xsim/Mem24.mem'
INFO: [SIM-utils-43] Exported 'C:/Users/ryfon/Documents/Code/comp/ECE369/Lab_4/frank2022/frank2022.sim/sim_1/behav/xsim/data_memory.mem'
INFO: [SIM-utils-43] Exported 'C:/Users/ryfon/Documents/Code/comp/ECE369/Lab_4/frank2022/frank2022.sim/sim_1/behav/xsim/Mem42.mem'
INFO: [SIM-utils-43] Exported 'C:/Users/ryfon/Documents/Code/comp/ECE369/Lab_4/frank2022/frank2022.sim/sim_1/behav/xsim/Mem16.mem'
INFO: [SIM-utils-43] Exported 'C:/Users/ryfon/Documents/Code/comp/ECE369/Lab_4/frank2022/frank2022.sim/sim_1/behav/xsim/Mem30.mem'
INFO: [SIM-utils-43] Exported 'C:/Users/ryfon/Documents/Code/comp/ECE369/Lab_4/frank2022/frank2022.sim/sim_1/behav/xsim/Mem34.mem'
INFO: [SIM-utils-43] Exported 'C:/Users/ryfon/Documents/Code/comp/ECE369/Lab_4/frank2022/frank2022.sim/sim_1/behav/xsim/Mem8.mem'
INFO: [SIM-utils-43] Exported 'C:/Users/ryfon/Documents/Code/comp/ECE369/Lab_4/frank2022/frank2022.sim/sim_1/behav/xsim/Mem18.mem'
INFO: [SIM-utils-43] Exported 'C:/Users/ryfon/Documents/Code/comp/ECE369/Lab_4/frank2022/frank2022.sim/sim_1/behav/xsim/Mem22.mem'
INFO: [SIM-utils-43] Exported 'C:/Users/ryfon/Documents/Code/comp/ECE369/Lab_4/frank2022/frank2022.sim/sim_1/behav/xsim/test1_instr.mem'
INFO: [SIM-utils-43] Exported 'C:/Users/ryfon/Documents/Code/comp/ECE369/Lab_4/frank2022/frank2022.sim/sim_1/behav/xsim/Mem36.mem'
INFO: [SIM-utils-43] Exported 'C:/Users/ryfon/Documents/Code/comp/ECE369/Lab_4/frank2022/frank2022.sim/sim_1/behav/xsim/Mem2.mem'
INFO: [SIM-utils-43] Exported 'C:/Users/ryfon/Documents/Code/comp/ECE369/Lab_4/frank2022/frank2022.sim/sim_1/behav/xsim/Mem49.mem'
INFO: [SIM-utils-43] Exported 'C:/Users/ryfon/Documents/Code/comp/ECE369/Lab_4/frank2022/frank2022.sim/sim_1/behav/xsim/Mem45.mem'
INFO: [SIM-utils-43] Exported 'C:/Users/ryfon/Documents/Code/comp/ECE369/Lab_4/frank2022/frank2022.sim/sim_1/behav/xsim/instruction.mem'
INFO: [SIM-utils-43] Exported 'C:/Users/ryfon/Documents/Code/comp/ECE369/Lab_4/frank2022/frank2022.sim/sim_1/behav/xsim/Mem28.mem'
INFO: [SIM-utils-43] Exported 'C:/Users/ryfon/Documents/Code/comp/ECE369/Lab_4/frank2022/frank2022.sim/sim_1/behav/xsim/Mem11.mem'
INFO: [SIM-utils-43] Exported 'C:/Users/ryfon/Documents/Code/comp/ECE369/Lab_4/frank2022/frank2022.sim/sim_1/behav/xsim/Mem1.mem'
INFO: [SIM-utils-43] Exported 'C:/Users/ryfon/Documents/Code/comp/ECE369/Lab_4/frank2022/frank2022.sim/sim_1/behav/xsim/Mem54.mem'
INFO: [SIM-utils-43] Exported 'C:/Users/ryfon/Documents/Code/comp/ECE369/Lab_4/frank2022/frank2022.sim/sim_1/behav/xsim/Mem37.mem'
INFO: [SIM-utils-43] Exported 'C:/Users/ryfon/Documents/Code/comp/ECE369/Lab_4/frank2022/frank2022.sim/sim_1/behav/xsim/Mem47.mem'
INFO: [SIM-utils-43] Exported 'C:/Users/ryfon/Documents/Code/comp/ECE369/Lab_4/frank2022/frank2022.sim/sim_1/behav/xsim/Mem60.mem'
INFO: [SIM-utils-43] Exported 'C:/Users/ryfon/Documents/Code/comp/ECE369/Lab_4/frank2022/frank2022.sim/sim_1/behav/xsim/Mem4.mem'
INFO: [SIM-utils-43] Exported 'C:/Users/ryfon/Documents/Code/comp/ECE369/Lab_4/frank2022/frank2022.sim/sim_1/behav/xsim/Mem64.mem'
INFO: [Common 17-14] Message 'SIM-utils 43' appears 100 times and further instances of the messages will be disabled. Use the Tcl command set_msg_config to change the current settings.
INFO: [USF-XSim-97] Finding global include files...
INFO: [USF-XSim-98] Fetching design files from 'sim_1'...
INFO: [USF-XSim-2] XSim::Compile design
INFO: [USF-XSim-61] Executing 'COMPILE and ANALYZE' step in 'C:/Users/ryfon/Documents/Code/comp/ECE369/Lab_4/frank2022/frank2022.sim/sim_1/behav/xsim'
"xvlog --incr --relax -prj WinRAR_tb_vlog.prj"
INFO: [VRFC 10-2263] Analyzing Verilog file "C:/Users/ryfon/Documents/Code/comp/ECE369/src/Verilog/18StageALU.v" into library xil_defaultlib
INFO: [VRFC 10-311] analyzing module ALUSetup
INFO: [VRFC 10-311] analyzing module ALUFinalStage
INFO: [VRFC 10-311] analyzing module FullAdder2Bit
INFO: [VRFC 10-311] analyzing module ALUAdderStage
INFO: [VRFC 10-311] analyzing module EighteenStageALU
INFO: [VRFC 10-2263] Analyzing Verilog file "C:/Users/ryfon/Documents/Code/comp/ECE369/src/Verilog/ALUAdderStage.v" into library xil_defaultlib
INFO: [VRFC 10-2263] Analyzing Verilog file "C:/Users/ryfon/Documents/Code/comp/ECE369/src/Verilog/ALUController.v" into library xil_defaultlib
INFO: [VRFC 10-311] analyzing module ALUController
INFO: [VRFC 10-2263] Analyzing Verilog file "C:/Users/ryfon/Documents/Code/comp/ECE369/src/Verilog/ALUFinalStage.v" into library xil_defaultlib
INFO: [VRFC 10-2263] Analyzing Verilog file "C:/Users/ryfon/Documents/Code/comp/ECE369/src/Verilog/ALUSetup.v" into library xil_defaultlib
INFO: [VRFC 10-2263] Analyzing Verilog file "C:/Users/ryfon/Documents/Code/comp/ECE369/src/Verilog/Decode.v" into library xil_defaultlib
INFO: [VRFC 10-311] analyzing module MUXController
INFO: [VRFC 10-311] analyzing module MemController
INFO: [VRFC 10-311] analyzing module RegisterFile
INFO: [VRFC 10-311] analyzing module Decode
INFO: [VRFC 10-2263] Analyzing Verilog file "C:/Users/ryfon/Documents/Code/comp/ECE369/src/Verilog/Execute.v" into library xil_defaultlib
INFO: [VRFC 10-311] analyzing module SignExtension
INFO: [VRFC 10-311] analyzing module Execute
WARNING: [VRFC 10-3380] identifier 'SignExtendedInstrImm' is used before its declaration [C:/Users/ryfon/Documents/Code/comp/ECE369/src/Verilog/Execute.v:173]
INFO: [VRFC 10-2263] Analyzing Verilog file "C:/Users/ryfon/Documents/Code/comp/ECE369/src/Verilog/Fetch.v" into library xil_defaultlib
INFO: [VRFC 10-311] analyzing module PCAdder
INFO: [VRFC 10-311] analyzing module ProgramCounter
INFO: [VRFC 10-311] analyzing module InstructionMemory
INFO: [VRFC 10-311] analyzing module Fetch
INFO: [VRFC 10-2263] Analyzing Verilog file "C:/Users/ryfon/Documents/Code/comp/ECE369/src/Verilog/FetchTop.v" into library xil_defaultlib
INFO: [VRFC 10-311] analyzing module InstructionMemoryAccess
INFO: [VRFC 10-311] analyzing module InstructionMemoryParse
INFO: [VRFC 10-311] analyzing module InstrMemAccess
INFO: [VRFC 10-311] analyzing module FetchTop
INFO: [VRFC 10-2263] Analyzing Verilog file "C:/Users/ryfon/Documents/Code/comp/ECE369/src/Verilog/FullAdder2Bit.v" into library xil_defaultlib
INFO: [VRFC 10-2263] Analyzing Verilog file "C:/Users/ryfon/Documents/Code/comp/ECE369/src/Verilog/InstrMemStage.v" into library xil_defaultlib
INFO: [VRFC 10-2263] Analyzing Verilog file "C:/Users/ryfon/Documents/Code/comp/ECE369/src/Verilog/InstructionMemoryAccess.v" into library xil_defaultlib
INFO: [VRFC 10-2263] Analyzing Verilog file "C:/Users/ryfon/Documents/Code/comp/ECE369/src/Verilog/InstructionMemoryParse.v" into library xil_defaultlib
INFO: [VRFC 10-2263] Analyzing Verilog file "C:/Users/ryfon/Documents/Code/comp/ECE369/src/Verilog/MUXController.v" into library xil_defaultlib
INFO: [VRFC 10-2263] Analyzing Verilog file "C:/Users/ryfon/Documents/Code/comp/ECE369/src/Verilog/MemAccess.v" into library xil_defaultlib
INFO: [VRFC 10-311] analyzing module MemAccess
INFO: [VRFC 10-2263] Analyzing Verilog file "C:/Users/ryfon/Documents/Code/comp/ECE369/src/Verilog/MemController.v" into library xil_defaultlib
INFO: [VRFC 10-2263] Analyzing Verilog file "C:/Users/ryfon/Documents/Code/comp/ECE369/src/Verilog/MemParse1.v" into library xil_defaultlib
INFO: [VRFC 10-311] analyzing module MemParse1
INFO: [VRFC 10-2263] Analyzing Verilog file "C:/Users/ryfon/Documents/Code/comp/ECE369/src/Verilog/MemParse2.v" into library xil_defaultlib
INFO: [VRFC 10-311] analyzing module MemParse2
INFO: [VRFC 10-2263] Analyzing Verilog file "C:/Users/ryfon/Documents/Code/comp/ECE369/src/Verilog/PCAdder.v" into library xil_defaultlib
INFO: [VRFC 10-2263] Analyzing Verilog file "C:/Users/ryfon/Documents/Code/comp/ECE369/src/Verilog/ProgramCounter.v" into library xil_defaultlib
INFO: [VRFC 10-2263] Analyzing Verilog file "C:/Users/ryfon/Documents/Code/comp/ECE369/src/Verilog/RegisterFile.v" into library xil_defaultlib
INFO: [VRFC 10-2263] Analyzing Verilog file "C:/Users/ryfon/Documents/Code/comp/ECE369/src/Verilog/SignExtension.v" into library xil_defaultlib
INFO: [VRFC 10-2263] Analyzing Verilog file "C:/Users/ryfon/Documents/Code/comp/ECE369/src/Verilog/ThreeStageMem.v" into library xil_defaultlib
INFO: [VRFC 10-311] analyzing module ThreeStageMem
INFO: [VRFC 10-2263] Analyzing Verilog file "C:/Users/ryfon/Documents/Code/comp/ECE369/src/Verilog/WinRAR.v" into library xil_defaultlib
INFO: [VRFC 10-311] analyzing module DataMemory
INFO: [VRFC 10-311] analyzing module MemoryAccess
INFO: [VRFC 10-311] analyzing module WriteBack
INFO: [VRFC 10-311] analyzing module WinRAR
INFO: [VRFC 10-2263] Analyzing Verilog file "C:/Users/ryfon/Documents/Code/comp/ECE369/src/Verilog/WriteBack.v" into library xil_defaultlib
INFO: [VRFC 10-2263] Analyzing Verilog file "C:/Users/ryfon/Documents/Code/comp/ECE369/src/TestBenches/WinRAR_tb.v" into library xil_defaultlib
INFO: [VRFC 10-311] analyzing module WinRAR_tb
INFO: [VRFC 10-2263] Analyzing Verilog file "C:/Users/ryfon/Documents/Code/comp/ECE369/Lab_4/frank2022/frank2022.sim/sim_1/behav/xsim/glbl.v" into library xil_defaultlib
INFO: [VRFC 10-311] analyzing module glbl
INFO: [USF-XSim-69] 'compile' step finished in '3' seconds
INFO: [USF-XSim-3] XSim::Elaborate design
INFO: [USF-XSim-61] Executing 'ELABORATE' step in 'C:/Users/ryfon/Documents/Code/comp/ECE369/Lab_4/frank2022/frank2022.sim/sim_1/behav/xsim'
"xelab --incr --debug typical --relax --mt 2 -L xil_defaultlib -L unisims_ver -L unimacro_ver -L secureip --snapshot WinRAR_tb_behav xil_defaultlib.WinRAR_tb xil_defaultlib.glbl -log elaborate.log"
Vivado Simulator v2022.2
Copyright 1986-1999, 2001-2022 Xilinx, Inc. All Rights Reserved.
Running: C:/Xilinx/Vivado/2022.2/bin/unwrapped/win64.o/xelab.exe --incr --debug typical --relax --mt 2 -L xil_defaultlib -L unisims_ver -L unimacro_ver -L secureip --snapshot WinRAR_tb_behav xil_defaultlib.WinRAR_tb xil_defaultlib.glbl -log elaborate.log 
Using 2 slave threads.
Starting static elaboration
Pass Through NonSizing Optimizer
WARNING: [VRFC 10-3091] actual bit length 1 differs from formal bit length 32 for port 'instrMemAddressOut' [C:/Users/ryfon/Documents/Code/comp/ECE369/src/Verilog/WinRAR.v:90]
WARNING: [VRFC 10-3091] actual bit length 1 differs from formal bit length 32 for port 'nextInstructionOut' [C:/Users/ryfon/Documents/Code/comp/ECE369/src/Verilog/FetchTop.v:63]
WARNING: [VRFC 10-3091] actual bit length 32 differs from formal bit length 13 for port 'Address' [C:/Users/ryfon/Documents/Code/comp/ECE369/src/Verilog/InstrMemStage.v:35]
WARNING: [VRFC 10-3091] actual bit length 4 differs from formal bit length 3 for port 'opCodeOut' [C:/Users/ryfon/Documents/Code/comp/ECE369/src/Verilog/18StageALU.v:47]
WARNING: [VRFC 10-3091] actual bit length 4 differs from formal bit length 3 for port 'opCode' [C:/Users/ryfon/Documents/Code/comp/ECE369/src/Verilog/18StageALU.v:102]
WARNING: [VRFC 10-3091] actual bit length 4 differs from formal bit length 3 for port 'OpCode' [C:/Users/ryfon/Documents/Code/comp/ECE369/src/Verilog/18StageALU.v:68]
WARNING: [VRFC 10-3091] actual bit length 4 differs from formal bit length 3 for port 'OpCodeOut' [C:/Users/ryfon/Documents/Code/comp/ECE369/src/Verilog/18StageALU.v:80]
WARNING: [VRFC 10-3705] select index 16 into 'carrySignals' is out of bounds [C:/Users/ryfon/Documents/Code/comp/ECE369/src/Verilog/18StageALU.v:77]
WARNING: [VRFC 10-3705] select index 16 into 'inBInt' is out of bounds [C:/Users/ryfon/Documents/Code/comp/ECE369/src/Verilog/18StageALU.v:79]
Completed static elaboration
Starting simulation data flow analysis
WARNING: [XSIM 43-4099] "C:/Users/ryfon/Documents/Code/comp/ECE369/src/Verilog/MUXController.v" Line 3. Module MUXController doesn't have a timescale but at least one module in design has a timescale.
WARNING: [XSIM 43-4099] "C:/Users/ryfon/Documents/Code/comp/ECE369/src/Verilog/MemController.v" Line 3. Module MemController doesn't have a timescale but at least one module in design has a timescale.
WARNING: [XSIM 43-4099] "C:/Users/ryfon/Documents/Code/comp/ECE369/src/Verilog/ALUController.v" Line 4. Module ALUController doesn't have a timescale but at least one module in design has a timescale.
WARNING: [XSIM 43-4099] "C:/Users/ryfon/Documents/Code/comp/ECE369/src/Verilog/18StageALU.v" Line 6. Module EighteenStageALU_default doesn't have a timescale but at least one module in design has a timescale.
WARNING: [XSIM 43-4099] "C:/Users/ryfon/Documents/Code/comp/ECE369/src/Verilog/ALUSetup.v" Line 4. Module ALUSetup doesn't have a timescale but at least one module in design has a timescale.
WARNING: [XSIM 43-4099] "C:/Users/ryfon/Documents/Code/comp/ECE369/src/Verilog/ALUAdderStage.v" Line 4. Module ALUAdderStage doesn't have a timescale but at least one module in design has a timescale.
WARNING: [XSIM 43-4099] "C:/Users/ryfon/Documents/Code/comp/ECE369/src/Verilog/FullAdder2Bit.v" Line 3. Module FullAdder2Bit doesn't have a timescale but at least one module in design has a timescale.
WARNING: [XSIM 43-4099] "C:/Users/ryfon/Documents/Code/comp/ECE369/src/Verilog/ALUAdderStage.v" Line 4. Module ALUAdderStage(SEQUENCEVAL=1) doesn't have a timescale but at least one module in design has a timescale.
WARNING: [XSIM 43-4099] "C:/Users/ryfon/Documents/Code/comp/ECE369/src/Verilog/FullAdder2Bit.v" Line 3. Module FullAdder2Bit(SEQUENCEVAL=1) doesn't have a timescale but at least one module in design has a timescale.
WARNING: [XSIM 43-4099] "C:/Users/ryfon/Documents/Code/comp/ECE369/src/Verilog/ALUAdderStage.v" Line 4. Module ALUAdderStage(SEQUENCEVAL=2) doesn't have a timescale but at least one module in design has a timescale.
WARNING: [XSIM 43-4099] "C:/Users/ryfon/Documents/Code/comp/ECE369/src/Verilog/FullAdder2Bit.v" Line 3. Module FullAdder2Bit(SEQUENCEVAL=2) doesn't have a timescale but at least one module in design has a timescale.
WARNING: [XSIM 43-4099] "C:/Users/ryfon/Documents/Code/comp/ECE369/src/Verilog/ALUAdderStage.v" Line 4. Module ALUAdderStage(SEQUENCEVAL=3) doesn't have a timescale but at least one module in design has a timescale.
WARNING: [XSIM 43-4099] "C:/Users/ryfon/Documents/Code/comp/ECE369/src/Verilog/FullAdder2Bit.v" Line 3. Module FullAdder2Bit(SEQUENCEVAL=3) doesn't have a timescale but at least one module in design has a timescale.
WARNING: [XSIM 43-4099] "C:/Users/ryfon/Documents/Code/comp/ECE369/src/Verilog/ALUAdderStage.v" Line 4. Module ALUAdderStage(SEQUENCEVAL=4) doesn't have a timescale but at least one module in design has a timescale.
WARNING: [XSIM 43-4099] "C:/Users/ryfon/Documents/Code/comp/ECE369/src/Verilog/FullAdder2Bit.v" Line 3. Module FullAdder2Bit(SEQUENCEVAL=4) doesn't have a timescale but at least one module in design has a timescale.
WARNING: [XSIM 43-4099] "C:/Users/ryfon/Documents/Code/comp/ECE369/src/Verilog/ALUAdderStage.v" Line 4. Module ALUAdderStage(SEQUENCEVAL=5) doesn't have a timescale but at least one module in design has a timescale.
WARNING: [XSIM 43-4099] "C:/Users/ryfon/Documents/Code/comp/ECE369/src/Verilog/FullAdder2Bit.v" Line 3. Module FullAdder2Bit(SEQUENCEVAL=5) doesn't have a timescale but at least one module in design has a timescale.
WARNING: [XSIM 43-4099] "C:/Users/ryfon/Documents/Code/comp/ECE369/src/Verilog/ALUAdderStage.v" Line 4. Module ALUAdderStage(SEQUENCEVAL=6) doesn't have a timescale but at least one module in design has a timescale.
WARNING: [XSIM 43-4099] "C:/Users/ryfon/Documents/Code/comp/ECE369/src/Verilog/FullAdder2Bit.v" Line 3. Module FullAdder2Bit(SEQUENCEVAL=6) doesn't have a timescale but at least one module in design has a timescale.
WARNING: [XSIM 43-4099] "C:/Users/ryfon/Documents/Code/comp/ECE369/src/Verilog/ALUAdderStage.v" Line 4. Module ALUAdderStage(SEQUENCEVAL=7) doesn't have a timescale but at least one module in design has a timescale.
WARNING: [XSIM 43-4099] "C:/Users/ryfon/Documents/Code/comp/ECE369/src/Verilog/FullAdder2Bit.v" Line 3. Module FullAdder2Bit(SEQUENCEVAL=7) doesn't have a timescale but at least one module in design has a timescale.
WARNING: [XSIM 43-4099] "C:/Users/ryfon/Documents/Code/comp/ECE369/src/Verilog/ALUAdderStage.v" Line 4. Module ALUAdderStage(SEQUENCEVAL=8) doesn't have a timescale but at least one module in design has a timescale.
WARNING: [XSIM 43-4099] "C:/Users/ryfon/Documents/Code/comp/ECE369/src/Verilog/FullAdder2Bit.v" Line 3. Module FullAdder2Bit(SEQUENCEVAL=8) doesn't have a timescale but at least one module in design has a timescale.
WARNING: [XSIM 43-4099] "C:/Users/ryfon/Documents/Code/comp/ECE369/src/Verilog/ALUAdderStage.v" Line 4. Module ALUAdderStage(SEQUENCEVAL=9) doesn't have a timescale but at least one module in design has a timescale.
WARNING: [XSIM 43-4099] "C:/Users/ryfon/Documents/Code/comp/ECE369/src/Verilog/FullAdder2Bit.v" Line 3. Module FullAdder2Bit(SEQUENCEVAL=9) doesn't have a timescale but at least one module in design has a timescale.
WARNING: [XSIM 43-4099] "C:/Users/ryfon/Documents/Code/comp/ECE369/src/Verilog/ALUAdderStage.v" Line 4. Module ALUAdderStage(SEQUENCEVAL=10) doesn't have a timescale but at least one module in design has a timescale.
WARNING: [XSIM 43-4099] "C:/Users/ryfon/Documents/Code/comp/ECE369/src/Verilog/FullAdder2Bit.v" Line 3. Module FullAdder2Bit(SEQUENCEVAL=10) doesn't have a timescale but at least one module in design has a timescale.
WARNING: [XSIM 43-4099] "C:/Users/ryfon/Documents/Code/comp/ECE369/src/Verilog/ALUAdderStage.v" Line 4. Module ALUAdderStage(SEQUENCEVAL=11) doesn't have a timescale but at least one module in design has a timescale.
WARNING: [XSIM 43-4099] "C:/Users/ryfon/Documents/Code/comp/ECE369/src/Verilog/FullAdder2Bit.v" Line 3. Module FullAdder2Bit(SEQUENCEVAL=11) doesn't have a timescale but at least one module in design has a timescale.
WARNING: [XSIM 43-4099] "C:/Users/ryfon/Documents/Code/comp/ECE369/src/Verilog/ALUAdderStage.v" Line 4. Module ALUAdderStage(SEQUENCEVAL=12) doesn't have a timescale but at least one module in design has a timescale.
WARNING: [XSIM 43-4099] "C:/Users/ryfon/Documents/Code/comp/ECE369/src/Verilog/FullAdder2Bit.v" Line 3. Module FullAdder2Bit(SEQUENCEVAL=12) doesn't have a timescale but at least one module in design has a timescale.
WARNING: [XSIM 43-4099] "C:/Users/ryfon/Documents/Code/comp/ECE369/src/Verilog/ALUAdderStage.v" Line 4. Module ALUAdderStage(SEQUENCEVAL=13) doesn't have a timescale but at least one module in design has a timescale.
WARNING: [XSIM 43-4099] "C:/Users/ryfon/Documents/Code/comp/ECE369/src/Verilog/FullAdder2Bit.v" Line 3. Module FullAdder2Bit(SEQUENCEVAL=13) doesn't have a timescale but at least one module in design has a timescale.
WARNING: [XSIM 43-4099] "C:/Users/ryfon/Documents/Code/comp/ECE369/src/Verilog/ALUAdderStage.v" Line 4. Module ALUAdderStage(SEQUENCEVAL=14) doesn't have a timescale but at least one module in design has a timescale.
WARNING: [XSIM 43-4099] "C:/Users/ryfon/Documents/Code/comp/ECE369/src/Verilog/FullAdder2Bit.v" Line 3. Module FullAdder2Bit(SEQUENCEVAL=14) doesn't have a timescale but at least one module in design has a timescale.
WARNING: [XSIM 43-4099] "C:/Users/ryfon/Documents/Code/comp/ECE369/src/Verilog/ALUAdderStage.v" Line 4. Module ALUAdderStage(SEQUENCEVAL=15) doesn't have a timescale but at least one module in design has a timescale.
WARNING: [XSIM 43-4099] "C:/Users/ryfon/Documents/Code/comp/ECE369/src/Verilog/FullAdder2Bit.v" Line 3. Module FullAdder2Bit(SEQUENCEVAL=15) doesn't have a timescale but at least one module in design has a timescale.
WARNING: [XSIM 43-4099] "C:/Users/ryfon/Documents/Code/comp/ECE369/src/Verilog/ALUFinalStage.v" Line 4. Module ALUFinalStage doesn't have a timescale but at least one module in design has a timescale.
WARNING: [XSIM 43-4099] "C:/Users/ryfon/Documents/Code/comp/ECE369/src/Verilog/MUXController.v" Line 3. Module MUXController doesn't have a timescale but at least one module in design has a timescale.
WARNING: [XSIM 43-4099] "C:/Users/ryfon/Documents/Code/comp/ECE369/src/Verilog/MemController.v" Line 3. Module MemController doesn't have a timescale but at least one module in design has a timescale.
WARNING: [XSIM 43-4099] "C:/Users/ryfon/Documents/Code/comp/ECE369/src/Verilog/ALUController.v" Line 4. Module ALUController doesn't have a timescale but at least one module in design has a timescale.
WARNING: [XSIM 43-4099] "C:/Users/ryfon/Documents/Code/comp/ECE369/src/Verilog/18StageALU.v" Line 6. Module EighteenStageALU_default doesn't have a timescale but at least one module in design has a timescale.
WARNING: [XSIM 43-4099] "C:/Users/ryfon/Documents/Code/comp/ECE369/src/Verilog/ALUSetup.v" Line 4. Module ALUSetup doesn't have a timescale but at least one module in design has a timescale.
WARNING: [XSIM 43-4099] "C:/Users/ryfon/Documents/Code/comp/ECE369/src/Verilog/ALUAdderStage.v" Line 4. Module ALUAdderStage doesn't have a timescale but at least one module in design has a timescale.
WARNING: [XSIM 43-4099] "C:/Users/ryfon/Documents/Code/comp/ECE369/src/Verilog/FullAdder2Bit.v" Line 3. Module FullAdder2Bit doesn't have a timescale but at least one module in design has a timescale.
WARNING: [XSIM 43-4099] "C:/Users/ryfon/Documents/Code/comp/ECE369/src/Verilog/ALUAdderStage.v" Line 4. Module ALUAdderStage(SEQUENCEVAL=1) doesn't have a timescale but at least one module in design has a timescale.
WARNING: [XSIM 43-4099] "C:/Users/ryfon/Documents/Code/comp/ECE369/src/Verilog/FullAdder2Bit.v" Line 3. Module FullAdder2Bit(SEQUENCEVAL=1) doesn't have a timescale but at least one module in design has a timescale.
WARNING: [XSIM 43-4099] "C:/Users/ryfon/Documents/Code/comp/ECE369/src/Verilog/ALUAdderStage.v" Line 4. Module ALUAdderStage(SEQUENCEVAL=2) doesn't have a timescale but at least one module in design has a timescale.
WARNING: [XSIM 43-4099] "C:/Users/ryfon/Documents/Code/comp/ECE369/src/Verilog/FullAdder2Bit.v" Line 3. Module FullAdder2Bit(SEQUENCEVAL=2) doesn't have a timescale but at least one module in design has a timescale.
WARNING: [XSIM 43-4099] "C:/Users/ryfon/Documents/Code/comp/ECE369/src/Verilog/ALUAdderStage.v" Line 4. Module ALUAdderStage(SEQUENCEVAL=3) doesn't have a timescale but at least one module in design has a timescale.
WARNING: [XSIM 43-4099] "C:/Users/ryfon/Documents/Code/comp/ECE369/src/Verilog/FullAdder2Bit.v" Line 3. Module FullAdder2Bit(SEQUENCEVAL=3) doesn't have a timescale but at least one module in design has a timescale.
WARNING: [XSIM 43-4099] "C:/Users/ryfon/Documents/Code/comp/ECE369/src/Verilog/ALUAdderStage.v" Line 4. Module ALUAdderStage(SEQUENCEVAL=4) doesn't have a timescale but at least one module in design has a timescale.
WARNING: [XSIM 43-4099] "C:/Users/ryfon/Documents/Code/comp/ECE369/src/Verilog/FullAdder2Bit.v" Line 3. Module FullAdder2Bit(SEQUENCEVAL=4) doesn't have a timescale but at least one module in design has a timescale.
WARNING: [XSIM 43-4099] "C:/Users/ryfon/Documents/Code/comp/ECE369/src/Verilog/ALUAdderStage.v" Line 4. Module ALUAdderStage(SEQUENCEVAL=5) doesn't have a timescale but at least one module in design has a timescale.
WARNING: [XSIM 43-4099] "C:/Users/ryfon/Documents/Code/comp/ECE369/src/Verilog/FullAdder2Bit.v" Line 3. Module FullAdder2Bit(SEQUENCEVAL=5) doesn't have a timescale but at least one module in design has a timescale.
WARNING: [XSIM 43-4099] "C:/Users/ryfon/Documents/Code/comp/ECE369/src/Verilog/ALUAdderStage.v" Line 4. Module ALUAdderStage(SEQUENCEVAL=6) doesn't have a timescale but at least one module in design has a timescale.
WARNING: [XSIM 43-4099] "C:/Users/ryfon/Documents/Code/comp/ECE369/src/Verilog/FullAdder2Bit.v" Line 3. Module FullAdder2Bit(SEQUENCEVAL=6) doesn't have a timescale but at least one module in design has a timescale.
WARNING: [XSIM 43-4099] "C:/Users/ryfon/Documents/Code/comp/ECE369/src/Verilog/ALUAdderStage.v" Line 4. Module ALUAdderStage(SEQUENCEVAL=7) doesn't have a timescale but at least one module in design has a timescale.
WARNING: [XSIM 43-4099] "C:/Users/ryfon/Documents/Code/comp/ECE369/src/Verilog/FullAdder2Bit.v" Line 3. Module FullAdder2Bit(SEQUENCEVAL=7) doesn't have a timescale but at least one module in design has a timescale.
WARNING: [XSIM 43-4099] "C:/Users/ryfon/Documents/Code/comp/ECE369/src/Verilog/ALUAdderStage.v" Line 4. Module ALUAdderStage(SEQUENCEVAL=8) doesn't have a timescale but at least one module in design has a timescale.
WARNING: [XSIM 43-4099] "C:/Users/ryfon/Documents/Code/comp/ECE369/src/Verilog/FullAdder2Bit.v" Line 3. Module FullAdder2Bit(SEQUENCEVAL=8) doesn't have a timescale but at least one module in design has a timescale.
WARNING: [XSIM 43-4099] "C:/Users/ryfon/Documents/Code/comp/ECE369/src/Verilog/ALUAdderStage.v" Line 4. Module ALUAdderStage(SEQUENCEVAL=9) doesn't have a timescale but at least one module in design has a timescale.
WARNING: [XSIM 43-4099] "C:/Users/ryfon/Documents/Code/comp/ECE369/src/Verilog/FullAdder2Bit.v" Line 3. Module FullAdder2Bit(SEQUENCEVAL=9) doesn't have a timescale but at least one module in design has a timescale.
WARNING: [XSIM 43-4099] "C:/Users/ryfon/Documents/Code/comp/ECE369/src/Verilog/ALUAdderStage.v" Line 4. Module ALUAdderStage(SEQUENCEVAL=10) doesn't have a timescale but at least one module in design has a timescale.
WARNING: [XSIM 43-4099] "C:/Users/ryfon/Documents/Code/comp/ECE369/src/Verilog/FullAdder2Bit.v" Line 3. Module FullAdder2Bit(SEQUENCEVAL=10) doesn't have a timescale but at least one module in design has a timescale.
WARNING: [XSIM 43-4099] "C:/Users/ryfon/Documents/Code/comp/ECE369/src/Verilog/ALUAdderStage.v" Line 4. Module ALUAdderStage(SEQUENCEVAL=11) doesn't have a timescale but at least one module in design has a timescale.
WARNING: [XSIM 43-4099] "C:/Users/ryfon/Documents/Code/comp/ECE369/src/Verilog/FullAdder2Bit.v" Line 3. Module FullAdder2Bit(SEQUENCEVAL=11) doesn't have a timescale but at least one module in design has a timescale.
WARNING: [XSIM 43-4099] "C:/Users/ryfon/Documents/Code/comp/ECE369/src/Verilog/ALUAdderStage.v" Line 4. Module ALUAdderStage(SEQUENCEVAL=12) doesn't have a timescale but at least one module in design has a timescale.
WARNING: [XSIM 43-4099] "C:/Users/ryfon/Documents/Code/comp/ECE369/src/Verilog/FullAdder2Bit.v" Line 3. Module FullAdder2Bit(SEQUENCEVAL=12) doesn't have a timescale but at least one module in design has a timescale.
WARNING: [XSIM 43-4099] "C:/Users/ryfon/Documents/Code/comp/ECE369/src/Verilog/ALUAdderStage.v" Line 4. Module ALUAdderStage(SEQUENCEVAL=13) doesn't have a timescale but at least one module in design has a timescale.
WARNING: [XSIM 43-4099] "C:/Users/ryfon/Documents/Code/comp/ECE369/src/Verilog/FullAdder2Bit.v" Line 3. Module FullAdder2Bit(SEQUENCEVAL=13) doesn't have a timescale but at least one module in design has a timescale.
WARNING: [XSIM 43-4099] "C:/Users/ryfon/Documents/Code/comp/ECE369/src/Verilog/ALUAdderStage.v" Line 4. Module ALUAdderStage(SEQUENCEVAL=14) doesn't have a timescale but at least one module in design has a timescale.
WARNING: [XSIM 43-4099] "C:/Users/ryfon/Documents/Code/comp/ECE369/src/Verilog/FullAdder2Bit.v" Line 3. Module FullAdder2Bit(SEQUENCEVAL=14) doesn't have a timescale but at least one module in design has a timescale.
WARNING: [XSIM 43-4099] "C:/Users/ryfon/Documents/Code/comp/ECE369/src/Verilog/ALUAdderStage.v" Line 4. Module ALUAdderStage(SEQUENCEVAL=15) doesn't have a timescale but at least one module in design has a timescale.
WARNING: [XSIM 43-4099] "C:/Users/ryfon/Documents/Code/comp/ECE369/src/Verilog/FullAdder2Bit.v" Line 3. Module FullAdder2Bit(SEQUENCEVAL=15) doesn't have a timescale but at least one module in design has a timescale.
WARNING: [XSIM 43-4099] "C:/Users/ryfon/Documents/Code/comp/ECE369/src/Verilog/ALUFinalStage.v" Line 4. Module ALUFinalStage doesn't have a timescale but at least one module in design has a timescale.
Completed simulation data flow analysis
Time Resolution for simulation is 1ps
Compiling module xil_defaultlib.PCAdder
Compiling module xil_defaultlib.ProgramCounter
Compiling module xil_defaultlib.Fetch
Compiling module xil_defaultlib.InstructionMemoryAccess
Compiling module xil_defaultlib.InstructionMemoryParse
Compiling module xil_defaultlib.InstrMemAccess
Compiling module xil_defaultlib.FetchTop
Compiling module xil_defaultlib.MUXController
Compiling module xil_defaultlib.MemController
Compiling module xil_defaultlib.RegisterFile
Compiling module xil_defaultlib.Decode
Compiling module xil_defaultlib.SignExtension
Compiling module xil_defaultlib.ALUController
Compiling module xil_defaultlib.ALUSetup
Compiling module xil_defaultlib.FullAdder2Bit
Compiling module xil_defaultlib.ALUAdderStage
Compiling module xil_defaultlib.FullAdder2Bit(SEQUENCEVAL=1)
Compiling module xil_defaultlib.ALUAdderStage(SEQUENCEVAL=1)
Compiling module xil_defaultlib.FullAdder2Bit(SEQUENCEVAL=2)
Compiling module xil_defaultlib.ALUAdderStage(SEQUENCEVAL=2)
Compiling module xil_defaultlib.FullAdder2Bit(SEQUENCEVAL=3)
Compiling module xil_defaultlib.ALUAdderStage(SEQUENCEVAL=3)
Compiling module xil_defaultlib.FullAdder2Bit(SEQUENCEVAL=4)
Compiling module xil_defaultlib.ALUAdderStage(SEQUENCEVAL=4)
Compiling module xil_defaultlib.FullAdder2Bit(SEQUENCEVAL=5)
Compiling module xil_defaultlib.ALUAdderStage(SEQUENCEVAL=5)
Compiling module xil_defaultlib.FullAdder2Bit(SEQUENCEVAL=6)
Compiling module xil_defaultlib.ALUAdderStage(SEQUENCEVAL=6)
Compiling module xil_defaultlib.FullAdder2Bit(SEQUENCEVAL=7)
Compiling module xil_defaultlib.ALUAdderStage(SEQUENCEVAL=7)
Compiling module xil_defaultlib.FullAdder2Bit(SEQUENCEVAL=8)
Compiling module xil_defaultlib.ALUAdderStage(SEQUENCEVAL=8)
Compiling module xil_defaultlib.FullAdder2Bit(SEQUENCEVAL=9)
Compiling module xil_defaultlib.ALUAdderStage(SEQUENCEVAL=9)
Compiling module xil_defaultlib.FullAdder2Bit(SEQUENCEVAL=10)
Compiling module xil_defaultlib.ALUAdderStage(SEQUENCEVAL=10)
Compiling module xil_defaultlib.FullAdder2Bit(SEQUENCEVAL=11)
Compiling module xil_defaultlib.ALUAdderStage(SEQUENCEVAL=11)
Compiling module xil_defaultlib.FullAdder2Bit(SEQUENCEVAL=12)
Compiling module xil_defaultlib.ALUAdderStage(SEQUENCEVAL=12)
Compiling module xil_defaultlib.FullAdder2Bit(SEQUENCEVAL=13)
Compiling module xil_defaultlib.ALUAdderStage(SEQUENCEVAL=13)
Compiling module xil_defaultlib.FullAdder2Bit(SEQUENCEVAL=14)
Compiling module xil_defaultlib.ALUAdderStage(SEQUENCEVAL=14)
Compiling module xil_defaultlib.FullAdder2Bit(SEQUENCEVAL=15)
Compiling module xil_defaultlib.ALUAdderStage(SEQUENCEVAL=15)
Compiling module xil_defaultlib.ALUFinalStage
Compiling module xil_defaultlib.EighteenStageALU_default
Compiling module xil_defaultlib.Execute
Compiling module xil_defaultlib.MemAccess
Compiling module xil_defaultlib.MemParse1
Compiling module xil_defaultlib.MemParse2
Compiling module xil_defaultlib.ThreeStageMem
Compiling module xil_defaultlib.MemoryAccess
Compiling module xil_defaultlib.WriteBack
Compiling module xil_defaultlib.WinRAR
Compiling module xil_defaultlib.WinRAR_tb
Compiling module xil_defaultlib.glbl
Built simulation snapshot WinRAR_tb_behav
run_program: Time (s): cpu = 00:00:00 ; elapsed = 00:00:10 . Memory (MB): peak = 2447.859 ; gain = 0.000
INFO: [USF-XSim-69] 'elaborate' step finished in '10' seconds
INFO: [USF-XSim-4] XSim::Simulate design
INFO: [USF-XSim-61] Executing 'SIMULATE' step in 'C:/Users/ryfon/Documents/Code/comp/ECE369/Lab_4/frank2022/frank2022.sim/sim_1/behav/xsim'
INFO: [USF-XSim-98] *** Running xsim
   with args "WinRAR_tb_behav -key {Behavioral:sim_1:Functional:WinRAR_tb} -tclbatch {WinRAR_tb.tcl} -view {C:/Users/ryfon/Documents/Code/comp/ECE369/Lab_4/frank2022/WinRAR_tb_behav.wcfg} -log {simulate.log}"
INFO: [USF-XSim-8] Loading simulator feature
Time resolution is 1 ps
open_wave_config C:/Users/ryfon/Documents/Code/comp/ECE369/Lab_4/frank2022/WinRAR_tb_behav.wcfg
WARNING: Simulation object /WinRARTop_tb/WinRARTop_inst/cpu/XPos was not found in the design.
WARNING: Simulation object /WinRARTop_tb/WinRARTop_inst/cpu/YPos was not found in the design.
WARNING: Simulation object /WinRARTop_tb/rst was not found in the design.
WARNING: Simulation object /WinRARTop_tb/WinRARTop_inst/cpu/decode_instance/rst was not found in the design.
WARNING: Simulation object /WinRARTop_tb/WinRARTop_inst/out7 was not found in the design.
WARNING: Simulation object /WinRARTop_tb/WinRARTop_inst/en_out was not found in the design.
source WinRAR_tb.tcl
# set curr_wave [current_wave_config]
# if { [string length $curr_wave] == 0 } {
#   if { [llength [get_objects]] > 0} {
#     add_wave /
#     set_property needs_save false [current_wave_config]
#   } else {
#      send_msg_id Add_Wave-1 WARNING "No top level signals found. Simulator will start without a wave window. If you want to open a wave window go to 'File->New Waveform Configuration' or type 'create_wave_config' in the TCL console."
#   }
# }
# run 1000ns
$stop called at time : 20 ns : File "C:/Users/ryfon/Documents/Code/comp/ECE369/src/TestBenches/WinRAR_tb.v" Line 56
INFO: [USF-XSim-96] XSim completed. Design snapshot 'WinRAR_tb_behav' loaded.
INFO: [USF-XSim-97] XSim simulation ran for 1000ns
launch_simulation: Time (s): cpu = 00:00:01 ; elapsed = 00:00:15 . Memory (MB): peak = 2459.629 ; gain = 11.770
close_sim
INFO: [Simtcl 6-16] Simulation closed
launch_simulation -mode post-synthesis -type functional
Command: launch_simulation  -mode post-synthesis -type functional
INFO: [Vivado 12-12493] Simulation top is 'WinRAR_tb'
WARNING: [Vivado 12-13340] Unable to auto find GCC executables from simulator install path! (path not set)
WARNING: [Vivado 12-13277] Compiled library path does not exist: ''
INFO: [Vivado 12-5682] Launching post-synthesis functional simulation in 'C:/Users/ryfon/Documents/Code/comp/ECE369/Lab_4/frank2022/frank2022.sim/sim_1/synth/func/xsim'
INFO: [SIM-utils-51] Simulation object is 'sim_1'
INFO: [SIM-utils-72] Using boost library from 'C:/Xilinx/Vivado/2022.2/tps/boost_1_72_0'
Design is defaulting to impl run constrset: constrs_1
Design is defaulting to synth run part: xc7a100tcsg324-1
Netlist sorting complete. Time (s): cpu = 00:00:00 ; elapsed = 00:00:00.045 . Memory (MB): peak = 2459.629 ; gain = 0.000
INFO: [Netlist 29-17] Analyzing 360 Unisim elements for replacement
INFO: [Netlist 29-28] Unisim Transformation completed in 0 CPU seconds
INFO: [Project 1-479] Netlist was created with Vivado 2022.2
INFO: [Project 1-570] Preparing netlist for logic optimization
Parsing XDC File [C:/Users/ryfon/Documents/Code/comp/ECE369/src/xdc_files/Two4DigitDisplay.xdc]
Finished Parsing XDC File [C:/Users/ryfon/Documents/Code/comp/ECE369/src/xdc_files/Two4DigitDisplay.xdc]
INFO: [Opt 31-138] Pushed 0 inverter(s) to 0 load pin(s).
Netlist sorting complete. Time (s): cpu = 00:00:00 ; elapsed = 00:00:00.001 . Memory (MB): peak = 2527.797 ; gain = 0.000
INFO: [Project 1-111] Unisim Transformation Summary:
No Unisim elements were transformed.

INFO: [SIM-utils-24] Writing simulation netlist file for design 'synth_1'...
INFO: [SIM-utils-25] write_verilog -mode funcsim -nolib -force -file "C:/Users/ryfon/Documents/Code/comp/ECE369/Lab_4/frank2022/frank2022.sim/sim_1/synth/func/xsim/WinRAR_tb_func_synth.v"
INFO: [SIM-utils-36] Netlist generated:C:/Users/ryfon/Documents/Code/comp/ECE369/Lab_4/frank2022/frank2022.sim/sim_1/synth/func/xsim/WinRAR_tb_func_synth.v
INFO: [SIM-utils-54] Inspecting design source files for 'WinRAR_tb' in fileset 'sim_1'...
INFO: [USF-XSim-2] XSim::Compile design
INFO: [USF-XSim-61] Executing 'COMPILE and ANALYZE' step in 'C:/Users/ryfon/Documents/Code/comp/ECE369/Lab_4/frank2022/frank2022.sim/sim_1/synth/func/xsim'
"xvlog --incr --relax -prj WinRAR_tb_vlog.prj"
INFO: [VRFC 10-2263] Analyzing Verilog file "C:/Users/ryfon/Documents/Code/comp/ECE369/Lab_4/frank2022/frank2022.sim/sim_1/synth/func/xsim/WinRAR_tb_func_synth.v" into library xil_defaultlib
INFO: [VRFC 10-311] analyzing module ALUAdderStage
INFO: [VRFC 10-311] analyzing module ALUAdderStage__parameterized0
INFO: [VRFC 10-311] analyzing module ALUAdderStage__parameterized1
INFO: [VRFC 10-311] analyzing module ALUAdderStage__parameterized10
INFO: [VRFC 10-311] analyzing module ALUAdderStage__parameterized11
INFO: [VRFC 10-311] analyzing module ALUAdderStage__parameterized12
INFO: [VRFC 10-311] analyzing module ALUAdderStage__parameterized13
INFO: [VRFC 10-311] analyzing module ALUAdderStage__parameterized14
INFO: [VRFC 10-311] analyzing module ALUAdderStage__parameterized2
INFO: [VRFC 10-311] analyzing module ALUAdderStage__parameterized3
INFO: [VRFC 10-311] analyzing module ALUAdderStage__parameterized4
INFO: [VRFC 10-311] analyzing module ALUAdderStage__parameterized5
INFO: [VRFC 10-311] analyzing module ALUAdderStage__parameterized6
INFO: [VRFC 10-311] analyzing module ALUAdderStage__parameterized7
INFO: [VRFC 10-311] analyzing module ALUAdderStage__parameterized8
INFO: [VRFC 10-311] analyzing module ALUAdderStage__parameterized9
INFO: [VRFC 10-311] analyzing module ALUFinalStage
INFO: [VRFC 10-311] analyzing module ALUSetup
INFO: [VRFC 10-311] analyzing module Decode
INFO: [VRFC 10-311] analyzing module EighteenStageALU
INFO: [VRFC 10-311] analyzing module Execute
INFO: [VRFC 10-311] analyzing module Fetch
INFO: [VRFC 10-311] analyzing module FetchTop
INFO: [VRFC 10-311] analyzing module FullAdder2Bit
INFO: [VRFC 10-311] analyzing module FullAdder2Bit__parameterized0
INFO: [VRFC 10-311] analyzing module FullAdder2Bit__parameterized1
INFO: [VRFC 10-311] analyzing module FullAdder2Bit__parameterized10
INFO: [VRFC 10-311] analyzing module FullAdder2Bit__parameterized11
INFO: [VRFC 10-311] analyzing module FullAdder2Bit__parameterized12
INFO: [VRFC 10-311] analyzing module FullAdder2Bit__parameterized13
INFO: [VRFC 10-311] analyzing module FullAdder2Bit__parameterized14
INFO: [VRFC 10-311] analyzing module FullAdder2Bit__parameterized2
INFO: [VRFC 10-311] analyzing module FullAdder2Bit__parameterized3
INFO: [VRFC 10-311] analyzing module FullAdder2Bit__parameterized4
INFO: [VRFC 10-311] analyzing module FullAdder2Bit__parameterized5
INFO: [VRFC 10-311] analyzing module FullAdder2Bit__parameterized6
INFO: [VRFC 10-311] analyzing module FullAdder2Bit__parameterized7
INFO: [VRFC 10-311] analyzing module FullAdder2Bit__parameterized8
INFO: [VRFC 10-311] analyzing module FullAdder2Bit__parameterized9
INFO: [VRFC 10-311] analyzing module InstrMemAccess
INFO: [VRFC 10-311] analyzing module InstructionMemoryAccess
INFO: [VRFC 10-311] analyzing module InstructionMemoryParse
INFO: [VRFC 10-311] analyzing module MUXController
INFO: [VRFC 10-311] analyzing module MemAccess
INFO: [VRFC 10-311] analyzing module MemParse1
INFO: [VRFC 10-311] analyzing module MemParse2
INFO: [VRFC 10-311] analyzing module MemoryAccess
INFO: [VRFC 10-311] analyzing module ProgramCounter
INFO: [VRFC 10-311] analyzing module RegisterFile
INFO: [VRFC 10-311] analyzing module ThreeStageMem
INFO: [VRFC 10-311] analyzing module Two4DigitDisplay
INFO: [VRFC 10-311] analyzing module WinRAR
INFO: [VRFC 10-311] analyzing module WinRARTop
INFO: [VRFC 10-311] analyzing module WriteBack
INFO: [VRFC 10-311] analyzing module glbl
INFO: [VRFC 10-2263] Analyzing Verilog file "C:/Users/ryfon/Documents/Code/comp/ECE369/src/Verilog/18StageALU.v" into library xil_defaultlib
INFO: [VRFC 10-311] analyzing module ALUSetup
WARNING: [VRFC 10-3609] overwriting previous definition of module 'ALUSetup' [C:/Users/ryfon/Documents/Code/comp/ECE369/src/Verilog/ALUSetup.v:4]
INFO: [VRFC 10-311] analyzing module ALUFinalStage
WARNING: [VRFC 10-3609] overwriting previous definition of module 'ALUFinalStage' [C:/Users/ryfon/Documents/Code/comp/ECE369/src/Verilog/ALUFinalStage.v:4]
INFO: [VRFC 10-311] analyzing module FullAdder2Bit
WARNING: [VRFC 10-3609] overwriting previous definition of module 'FullAdder2Bit' [C:/Users/ryfon/Documents/Code/comp/ECE369/src/Verilog/FullAdder2Bit.v:3]
INFO: [VRFC 10-311] analyzing module ALUAdderStage
WARNING: [VRFC 10-3609] overwriting previous definition of module 'ALUAdderStage' [C:/Users/ryfon/Documents/Code/comp/ECE369/src/Verilog/ALUAdderStage.v:4]
INFO: [VRFC 10-311] analyzing module EighteenStageALU
WARNING: [VRFC 10-3609] overwriting previous definition of module 'EighteenStageALU' [C:/Users/ryfon/Documents/Code/comp/ECE369/src/Verilog/18StageALU.v:6]
INFO: [VRFC 10-2263] Analyzing Verilog file "C:/Users/ryfon/Documents/Code/comp/ECE369/src/Verilog/ALUAdderStage.v" into library xil_defaultlib
INFO: [VRFC 10-2263] Analyzing Verilog file "C:/Users/ryfon/Documents/Code/comp/ECE369/src/Verilog/ALUController.v" into library xil_defaultlib
INFO: [VRFC 10-311] analyzing module ALUController
INFO: [VRFC 10-2263] Analyzing Verilog file "C:/Users/ryfon/Documents/Code/comp/ECE369/src/Verilog/ALUFinalStage.v" into library xil_defaultlib
INFO: [VRFC 10-2263] Analyzing Verilog file "C:/Users/ryfon/Documents/Code/comp/ECE369/src/Verilog/ALUSetup.v" into library xil_defaultlib
INFO: [VRFC 10-2263] Analyzing Verilog file "C:/Users/ryfon/Documents/Code/comp/ECE369/src/Verilog/Decode.v" into library xil_defaultlib
INFO: [VRFC 10-311] analyzing module MUXController
WARNING: [VRFC 10-3609] overwriting previous definition of module 'MUXController' [C:/Users/ryfon/Documents/Code/comp/ECE369/src/Verilog/MuxController.v:3]
INFO: [VRFC 10-311] analyzing module MemController
INFO: [VRFC 10-311] analyzing module RegisterFile
WARNING: [VRFC 10-3609] overwriting previous definition of module 'RegisterFile' [C:/Users/ryfon/Documents/Code/comp/ECE369/src/Verilog/RegisterFile.v:52]
INFO: [VRFC 10-311] analyzing module Decode
WARNING: [VRFC 10-3609] overwriting previous definition of module 'Decode' [C:/Users/ryfon/Documents/Code/comp/ECE369/src/Verilog/Decode.v:6]
INFO: [VRFC 10-2263] Analyzing Verilog file "C:/Users/ryfon/Documents/Code/comp/ECE369/src/Verilog/Execute.v" into library xil_defaultlib
INFO: [VRFC 10-311] analyzing module SignExtension
INFO: [VRFC 10-311] analyzing module Execute
WARNING: [VRFC 10-3380] identifier 'SignExtendedInstrImm' is used before its declaration [C:/Users/ryfon/Documents/Code/comp/ECE369/src/Verilog/Execute.v:173]
WARNING: [VRFC 10-3609] overwriting previous definition of module 'Execute' [C:/Users/ryfon/Documents/Code/comp/ECE369/src/Verilog/Execute.v:6]
INFO: [VRFC 10-2263] Analyzing Verilog file "C:/Users/ryfon/Documents/Code/comp/ECE369/src/Verilog/Fetch.v" into library xil_defaultlib
INFO: [VRFC 10-311] analyzing module PCAdder
INFO: [VRFC 10-311] analyzing module ProgramCounter
WARNING: [VRFC 10-3609] overwriting previous definition of module 'ProgramCounter' [C:/Users/ryfon/Documents/Code/comp/ECE369/src/Verilog/ProgramCounter.v:28]
INFO: [VRFC 10-311] analyzing module InstructionMemory
INFO: [VRFC 10-311] analyzing module Fetch
WARNING: [VRFC 10-3609] overwriting previous definition of module 'Fetch' [C:/Users/ryfon/Documents/Code/comp/ECE369/src/Verilog/Fetch.v:6]
INFO: [VRFC 10-2263] Analyzing Verilog file "C:/Users/ryfon/Documents/Code/comp/ECE369/src/Verilog/FetchTop.v" into library xil_defaultlib
INFO: [VRFC 10-311] analyzing module InstructionMemoryAccess
WARNING: [VRFC 10-3609] overwriting previous definition of module 'InstructionMemoryAccess' [C:/Users/ryfon/Documents/Code/comp/ECE369/src/Verilog/InstructionMemoryAccess.v:3]
INFO: [VRFC 10-311] analyzing module InstructionMemoryParse
WARNING: [VRFC 10-3609] overwriting previous definition of module 'InstructionMemoryParse' [C:/Users/ryfon/Documents/Code/comp/ECE369/src/Verilog/InstructionMemoryParse.v:3]
INFO: [VRFC 10-311] analyzing module InstrMemAccess
WARNING: [VRFC 10-3609] overwriting previous definition of module 'InstrMemAccess' [C:/Users/ryfon/Documents/Code/comp/ECE369/src/Verilog/InstrMemStage.v:5]
INFO: [VRFC 10-311] analyzing module FetchTop
WARNING: [VRFC 10-3609] overwriting previous definition of module 'FetchTop' [C:/Users/ryfon/Documents/Code/comp/ECE369/src/Verilog/FetchTop.v:5]
INFO: [VRFC 10-2263] Analyzing Verilog file "C:/Users/ryfon/Documents/Code/comp/ECE369/src/Verilog/FullAdder2Bit.v" into library xil_defaultlib
INFO: [VRFC 10-2263] Analyzing Verilog file "C:/Users/ryfon/Documents/Code/comp/ECE369/src/Verilog/InstrMemStage.v" into library xil_defaultlib
INFO: [VRFC 10-2263] Analyzing Verilog file "C:/Users/ryfon/Documents/Code/comp/ECE369/src/Verilog/InstructionMemoryAccess.v" into library xil_defaultlib
INFO: [VRFC 10-2263] Analyzing Verilog file "C:/Users/ryfon/Documents/Code/comp/ECE369/src/Verilog/InstructionMemoryParse.v" into library xil_defaultlib
INFO: [VRFC 10-2263] Analyzing Verilog file "C:/Users/ryfon/Documents/Code/comp/ECE369/src/Verilog/MUXController.v" into library xil_defaultlib
INFO: [VRFC 10-2263] Analyzing Verilog file "C:/Users/ryfon/Documents/Code/comp/ECE369/src/Verilog/MemAccess.v" into library xil_defaultlib
INFO: [VRFC 10-311] analyzing module MemAccess
WARNING: [VRFC 10-3609] overwriting previous definition of module 'MemAccess' [C:/Users/ryfon/Documents/Code/comp/ECE369/src/Verilog/MemAccess.v:3]
INFO: [VRFC 10-2263] Analyzing Verilog file "C:/Users/ryfon/Documents/Code/comp/ECE369/src/Verilog/MemController.v" into library xil_defaultlib
INFO: [VRFC 10-2263] Analyzing Verilog file "C:/Users/ryfon/Documents/Code/comp/ECE369/src/Verilog/MemParse1.v" into library xil_defaultlib
INFO: [VRFC 10-311] analyzing module MemParse1
WARNING: [VRFC 10-3609] overwriting previous definition of module 'MemParse1' [C:/Users/ryfon/Documents/Code/comp/ECE369/src/Verilog/MemParse1.v:3]
INFO: [VRFC 10-2263] Analyzing Verilog file "C:/Users/ryfon/Documents/Code/comp/ECE369/src/Verilog/MemParse2.v" into library xil_defaultlib
INFO: [VRFC 10-311] analyzing module MemParse2
WARNING: [VRFC 10-3609] overwriting previous definition of module 'MemParse2' [C:/Users/ryfon/Documents/Code/comp/ECE369/src/Verilog/MemParse2.v:3]
INFO: [VRFC 10-2263] Analyzing Verilog file "C:/Users/ryfon/Documents/Code/comp/ECE369/src/Verilog/PCAdder.v" into library xil_defaultlib
INFO: [VRFC 10-2263] Analyzing Verilog file "C:/Users/ryfon/Documents/Code/comp/ECE369/src/Verilog/ProgramCounter.v" into library xil_defaultlib
INFO: [VRFC 10-2263] Analyzing Verilog file "C:/Users/ryfon/Documents/Code/comp/ECE369/src/Verilog/RegisterFile.v" into library xil_defaultlib
INFO: [VRFC 10-2263] Analyzing Verilog file "C:/Users/ryfon/Documents/Code/comp/ECE369/src/Verilog/SignExtension.v" into library xil_defaultlib
INFO: [VRFC 10-2263] Analyzing Verilog file "C:/Users/ryfon/Documents/Code/comp/ECE369/src/Verilog/ThreeStageMem.v" into library xil_defaultlib
INFO: [VRFC 10-311] analyzing module ThreeStageMem
WARNING: [VRFC 10-3609] overwriting previous definition of module 'ThreeStageMem' [C:/Users/ryfon/Documents/Code/comp/ECE369/src/Verilog/ThreeStageMem.v:6]
INFO: [VRFC 10-2263] Analyzing Verilog file "C:/Users/ryfon/Documents/Code/comp/ECE369/src/Verilog/WinRAR.v" into library xil_defaultlib
INFO: [VRFC 10-311] analyzing module DataMemory
INFO: [VRFC 10-311] analyzing module MemoryAccess
WARNING: [VRFC 10-3609] overwriting previous definition of module 'MemoryAccess' [C:/Users/ryfon/Documents/Code/comp/ECE369/src/Verilog/MemoryAccess.v:5]
INFO: [VRFC 10-311] analyzing module WriteBack
WARNING: [VRFC 10-3609] overwriting previous definition of module 'WriteBack' [C:/Users/ryfon/Documents/Code/comp/ECE369/src/Verilog/WriteBack.v:3]
INFO: [VRFC 10-311] analyzing module WinRAR
WARNING: [VRFC 10-3609] overwriting previous definition of module 'WinRAR' [C:/Users/ryfon/Documents/Code/comp/ECE369/src/Verilog/WinRAR.v:14]
INFO: [VRFC 10-2263] Analyzing Verilog file "C:/Users/ryfon/Documents/Code/comp/ECE369/src/Verilog/WriteBack.v" into library xil_defaultlib
INFO: [VRFC 10-2263] Analyzing Verilog file "C:/Users/ryfon/Documents/Code/comp/ECE369/src/TestBenches/WinRAR_tb.v" into library xil_defaultlib
INFO: [VRFC 10-311] analyzing module WinRAR_tb
run_program: Time (s): cpu = 00:00:00 ; elapsed = 00:00:05 . Memory (MB): peak = 2574.141 ; gain = 0.000
INFO: [USF-XSim-69] 'compile' step finished in '5' seconds
INFO: [USF-XSim-3] XSim::Elaborate design
INFO: [USF-XSim-61] Executing 'ELABORATE' step in 'C:/Users/ryfon/Documents/Code/comp/ECE369/Lab_4/frank2022/frank2022.sim/sim_1/synth/func/xsim'
"xelab --incr --debug typical --relax --mt 2 -L xil_defaultlib -L unisims_ver -L secureip --snapshot WinRAR_tb_func_synth xil_defaultlib.WinRAR_tb xil_defaultlib.glbl -log elaborate.log"
Vivado Simulator v2022.2
Copyright 1986-1999, 2001-2022 Xilinx, Inc. All Rights Reserved.
Running: C:/Xilinx/Vivado/2022.2/bin/unwrapped/win64.o/xelab.exe --incr --debug typical --relax --mt 2 -L xil_defaultlib -L unisims_ver -L secureip --snapshot WinRAR_tb_func_synth xil_defaultlib.WinRAR_tb xil_defaultlib.glbl -log elaborate.log 
Using 2 slave threads.
Starting static elaboration
Pass Through NonSizing Optimizer
WARNING: [VRFC 10-3091] actual bit length 1 differs from formal bit length 32 for port 'instrMemAddressOut' [C:/Users/ryfon/Documents/Code/comp/ECE369/src/Verilog/WinRAR.v:90]
WARNING: [VRFC 10-3091] actual bit length 1 differs from formal bit length 32 for port 'nextInstructionOut' [C:/Users/ryfon/Documents/Code/comp/ECE369/src/Verilog/FetchTop.v:63]
WARNING: [VRFC 10-3091] actual bit length 32 differs from formal bit length 13 for port 'Address' [C:/Users/ryfon/Documents/Code/comp/ECE369/src/Verilog/InstrMemStage.v:35]
WARNING: [VRFC 10-3091] actual bit length 4 differs from formal bit length 3 for port 'opCodeOut' [C:/Users/ryfon/Documents/Code/comp/ECE369/src/Verilog/18StageALU.v:47]
WARNING: [VRFC 10-3091] actual bit length 4 differs from formal bit length 3 for port 'opCode' [C:/Users/ryfon/Documents/Code/comp/ECE369/src/Verilog/18StageALU.v:102]
WARNING: [VRFC 10-3091] actual bit length 4 differs from formal bit length 3 for port 'OpCode' [C:/Users/ryfon/Documents/Code/comp/ECE369/src/Verilog/18StageALU.v:68]
WARNING: [VRFC 10-3091] actual bit length 4 differs from formal bit length 3 for port 'OpCodeOut' [C:/Users/ryfon/Documents/Code/comp/ECE369/src/Verilog/18StageALU.v:80]
WARNING: [VRFC 10-3705] select index 16 into 'carrySignals' is out of bounds [C:/Users/ryfon/Documents/Code/comp/ECE369/src/Verilog/18StageALU.v:77]
WARNING: [VRFC 10-3705] select index 16 into 'inBInt' is out of bounds [C:/Users/ryfon/Documents/Code/comp/ECE369/src/Verilog/18StageALU.v:79]
Completed static elaboration
Starting simulation data flow analysis
Completed simulation data flow analysis
Time Resolution for simulation is 1ps
Compiling module xil_defaultlib.PCAdder
Compiling module xil_defaultlib.ProgramCounter
Compiling module xil_defaultlib.Fetch
Compiling module xil_defaultlib.InstructionMemoryAccess
Compiling module xil_defaultlib.InstructionMemoryParse
Compiling module xil_defaultlib.InstrMemAccess
Compiling module xil_defaultlib.FetchTop
Compiling module xil_defaultlib.MUXController
Compiling module xil_defaultlib.MemController
Compiling module xil_defaultlib.RegisterFile
Compiling module xil_defaultlib.Decode
Compiling module xil_defaultlib.SignExtension
Compiling module xil_defaultlib.ALUController
Compiling module xil_defaultlib.ALUSetup
Compiling module xil_defaultlib.FullAdder2Bit
Compiling module xil_defaultlib.ALUAdderStage
Compiling module xil_defaultlib.FullAdder2Bit(SEQUENCEVAL=1)
Compiling module xil_defaultlib.ALUAdderStage(SEQUENCEVAL=1)
Compiling module xil_defaultlib.FullAdder2Bit(SEQUENCEVAL=2)
Compiling module xil_defaultlib.ALUAdderStage(SEQUENCEVAL=2)
Compiling module xil_defaultlib.FullAdder2Bit(SEQUENCEVAL=3)
Compiling module xil_defaultlib.ALUAdderStage(SEQUENCEVAL=3)
Compiling module xil_defaultlib.FullAdder2Bit(SEQUENCEVAL=4)
Compiling module xil_defaultlib.ALUAdderStage(SEQUENCEVAL=4)
Compiling module xil_defaultlib.FullAdder2Bit(SEQUENCEVAL=5)
Compiling module xil_defaultlib.ALUAdderStage(SEQUENCEVAL=5)
Compiling module xil_defaultlib.FullAdder2Bit(SEQUENCEVAL=6)
Compiling module xil_defaultlib.ALUAdderStage(SEQUENCEVAL=6)
Compiling module xil_defaultlib.FullAdder2Bit(SEQUENCEVAL=7)
Compiling module xil_defaultlib.ALUAdderStage(SEQUENCEVAL=7)
Compiling module xil_defaultlib.FullAdder2Bit(SEQUENCEVAL=8)
Compiling module xil_defaultlib.ALUAdderStage(SEQUENCEVAL=8)
Compiling module xil_defaultlib.FullAdder2Bit(SEQUENCEVAL=9)
Compiling module xil_defaultlib.ALUAdderStage(SEQUENCEVAL=9)
Compiling module xil_defaultlib.FullAdder2Bit(SEQUENCEVAL=10)
Compiling module xil_defaultlib.ALUAdderStage(SEQUENCEVAL=10)
Compiling module xil_defaultlib.FullAdder2Bit(SEQUENCEVAL=11)
Compiling module xil_defaultlib.ALUAdderStage(SEQUENCEVAL=11)
Compiling module xil_defaultlib.FullAdder2Bit(SEQUENCEVAL=12)
Compiling module xil_defaultlib.ALUAdderStage(SEQUENCEVAL=12)
Compiling module xil_defaultlib.FullAdder2Bit(SEQUENCEVAL=13)
Compiling module xil_defaultlib.ALUAdderStage(SEQUENCEVAL=13)
Compiling module xil_defaultlib.FullAdder2Bit(SEQUENCEVAL=14)
Compiling module xil_defaultlib.ALUAdderStage(SEQUENCEVAL=14)
Compiling module xil_defaultlib.FullAdder2Bit(SEQUENCEVAL=15)
Compiling module xil_defaultlib.ALUAdderStage(SEQUENCEVAL=15)
Compiling module xil_defaultlib.ALUFinalStage
Compiling module xil_defaultlib.EighteenStageALU_default
Compiling module xil_defaultlib.Execute
Compiling module xil_defaultlib.MemAccess
Compiling module xil_defaultlib.MemParse1
Compiling module xil_defaultlib.MemParse2
Compiling module xil_defaultlib.ThreeStageMem
Compiling module xil_defaultlib.MemoryAccess
Compiling module xil_defaultlib.WriteBack
Compiling module xil_defaultlib.WinRAR
Compiling module xil_defaultlib.WinRAR_tb
Compiling module xil_defaultlib.glbl
Built simulation snapshot WinRAR_tb_func_synth
run_program: Time (s): cpu = 00:00:00 ; elapsed = 00:00:06 . Memory (MB): peak = 2574.141 ; gain = 0.000
INFO: [USF-XSim-69] 'elaborate' step finished in '6' seconds
INFO: [USF-XSim-4] XSim::Simulate design
INFO: [USF-XSim-61] Executing 'SIMULATE' step in 'C:/Users/ryfon/Documents/Code/comp/ECE369/Lab_4/frank2022/frank2022.sim/sim_1/synth/func/xsim'
INFO: [USF-XSim-98] *** Running xsim
   with args "WinRAR_tb_func_synth -key {Post-Synthesis:sim_1:Functional:WinRAR_tb} -tclbatch {WinRAR_tb.tcl} -view {C:/Users/ryfon/Documents/Code/comp/ECE369/Lab_4/frank2022/WinRAR_tb_behav.wcfg} -log {simulate.log}"
INFO: [USF-XSim-8] Loading simulator feature
Time resolution is 1 ps
open_wave_config C:/Users/ryfon/Documents/Code/comp/ECE369/Lab_4/frank2022/WinRAR_tb_behav.wcfg
WARNING: Simulation object /WinRARTop_tb/WinRARTop_inst/cpu/XPos was not found in the design.
WARNING: Simulation object /WinRARTop_tb/WinRARTop_inst/cpu/YPos was not found in the design.
WARNING: Simulation object /WinRARTop_tb/rst was not found in the design.
WARNING: Simulation object /WinRARTop_tb/WinRARTop_inst/cpu/decode_instance/rst was not found in the design.
WARNING: Simulation object /WinRARTop_tb/WinRARTop_inst/out7 was not found in the design.
WARNING: Simulation object /WinRARTop_tb/WinRARTop_inst/en_out was not found in the design.
source WinRAR_tb.tcl
# set curr_wave [current_wave_config]
# if { [string length $curr_wave] == 0 } {
#   if { [llength [get_objects]] > 0} {
#     add_wave /
#     set_property needs_save false [current_wave_config]
#   } else {
#      send_msg_id Add_Wave-1 WARNING "No top level signals found. Simulator will start without a wave window. If you want to open a wave window go to 'File->New Waveform Configuration' or type 'create_wave_config' in the TCL console."
#   }
# }
# run 1000ns
$stop called at time : 20 ns : File "C:/Users/ryfon/Documents/Code/comp/ECE369/src/TestBenches/WinRAR_tb.v" Line 56
INFO: [USF-XSim-96] XSim completed. Design snapshot 'WinRAR_tb_func_synth' loaded.
INFO: [USF-XSim-97] XSim simulation ran for 1000ns
launch_simulation: Time (s): cpu = 00:00:03 ; elapsed = 00:00:16 . Memory (MB): peak = 2610.820 ; gain = 151.191
close_sim
INFO: [Simtcl 6-16] Simulation closed
launch_simulation -mode post-implementation -type functional
Command: launch_simulation  -mode post-implementation -type functional
INFO: [Vivado 12-12493] Simulation top is 'WinRAR_tb'
WARNING: [Vivado 12-13340] Unable to auto find GCC executables from simulator install path! (path not set)
WARNING: [Vivado 12-13277] Compiled library path does not exist: ''
INFO: [Vivado 12-5682] Launching post-implementation functional simulation in 'C:/Users/ryfon/Documents/Code/comp/ECE369/Lab_4/frank2022/frank2022.sim/sim_1/impl/func/xsim'
INFO: [SIM-utils-51] Simulation object is 'sim_1'
INFO: [SIM-utils-72] Using boost library from 'C:/Xilinx/Vivado/2022.2/tps/boost_1_72_0'
INFO: [SIM-utils-31] Writing simulation netlist file for design 'impl_1'...
INFO: [SIM-utils-32] write_verilog -mode funcsim -nolib -force -file "C:/Users/ryfon/Documents/Code/comp/ECE369/Lab_4/frank2022/frank2022.sim/sim_1/impl/func/xsim/WinRAR_tb_func_impl.v"
INFO: [SIM-utils-36] Netlist generated:C:/Users/ryfon/Documents/Code/comp/ECE369/Lab_4/frank2022/frank2022.sim/sim_1/impl/func/xsim/WinRAR_tb_func_impl.v
INFO: [SIM-utils-54] Inspecting design source files for 'WinRAR_tb' in fileset 'sim_1'...
INFO: [USF-XSim-2] XSim::Compile design
INFO: [USF-XSim-61] Executing 'COMPILE and ANALYZE' step in 'C:/Users/ryfon/Documents/Code/comp/ECE369/Lab_4/frank2022/frank2022.sim/sim_1/impl/func/xsim'
"xvlog --incr --relax -prj WinRAR_tb_vlog.prj"
INFO: [VRFC 10-2263] Analyzing Verilog file "C:/Users/ryfon/Documents/Code/comp/ECE369/Lab_4/frank2022/frank2022.sim/sim_1/impl/func/xsim/WinRAR_tb_func_impl.v" into library xil_defaultlib
INFO: [VRFC 10-311] analyzing module ALUAdderStage
INFO: [VRFC 10-311] analyzing module ALUAdderStage__parameterized0
INFO: [VRFC 10-311] analyzing module ALUAdderStage__parameterized1
INFO: [VRFC 10-311] analyzing module ALUAdderStage__parameterized10
INFO: [VRFC 10-311] analyzing module ALUAdderStage__parameterized11
INFO: [VRFC 10-311] analyzing module ALUAdderStage__parameterized12
INFO: [VRFC 10-311] analyzing module ALUAdderStage__parameterized13
INFO: [VRFC 10-311] analyzing module ALUAdderStage__parameterized14
INFO: [VRFC 10-311] analyzing module ALUAdderStage__parameterized2
INFO: [VRFC 10-311] analyzing module ALUAdderStage__parameterized3
INFO: [VRFC 10-311] analyzing module ALUAdderStage__parameterized4
INFO: [VRFC 10-311] analyzing module ALUAdderStage__parameterized5
INFO: [VRFC 10-311] analyzing module ALUAdderStage__parameterized6
INFO: [VRFC 10-311] analyzing module ALUAdderStage__parameterized7
INFO: [VRFC 10-311] analyzing module ALUAdderStage__parameterized8
INFO: [VRFC 10-311] analyzing module ALUAdderStage__parameterized9
INFO: [VRFC 10-311] analyzing module ALUFinalStage
INFO: [VRFC 10-311] analyzing module ALUSetup
INFO: [VRFC 10-311] analyzing module Decode
INFO: [VRFC 10-311] analyzing module EighteenStageALU
INFO: [VRFC 10-311] analyzing module Execute
INFO: [VRFC 10-311] analyzing module Fetch
INFO: [VRFC 10-311] analyzing module FetchTop
INFO: [VRFC 10-311] analyzing module FullAdder2Bit
INFO: [VRFC 10-311] analyzing module FullAdder2Bit__parameterized0
INFO: [VRFC 10-311] analyzing module FullAdder2Bit__parameterized1
INFO: [VRFC 10-311] analyzing module FullAdder2Bit__parameterized10
INFO: [VRFC 10-311] analyzing module FullAdder2Bit__parameterized11
INFO: [VRFC 10-311] analyzing module FullAdder2Bit__parameterized12
INFO: [VRFC 10-311] analyzing module FullAdder2Bit__parameterized13
INFO: [VRFC 10-311] analyzing module FullAdder2Bit__parameterized14
INFO: [VRFC 10-311] analyzing module FullAdder2Bit__parameterized2
INFO: [VRFC 10-311] analyzing module FullAdder2Bit__parameterized3
INFO: [VRFC 10-311] analyzing module FullAdder2Bit__parameterized4
INFO: [VRFC 10-311] analyzing module FullAdder2Bit__parameterized5
INFO: [VRFC 10-311] analyzing module FullAdder2Bit__parameterized6
INFO: [VRFC 10-311] analyzing module FullAdder2Bit__parameterized7
INFO: [VRFC 10-311] analyzing module FullAdder2Bit__parameterized8
INFO: [VRFC 10-311] analyzing module FullAdder2Bit__parameterized9
INFO: [VRFC 10-311] analyzing module InstrMemAccess
INFO: [VRFC 10-311] analyzing module InstructionMemoryAccess
INFO: [VRFC 10-311] analyzing module InstructionMemoryParse
INFO: [VRFC 10-311] analyzing module MUXController
INFO: [VRFC 10-311] analyzing module MemAccess
INFO: [VRFC 10-311] analyzing module MemParse1
INFO: [VRFC 10-311] analyzing module MemParse2
INFO: [VRFC 10-311] analyzing module MemoryAccess
INFO: [VRFC 10-311] analyzing module ProgramCounter
INFO: [VRFC 10-311] analyzing module RegisterFile
INFO: [VRFC 10-311] analyzing module ThreeStageMem
INFO: [VRFC 10-311] analyzing module Two4DigitDisplay
INFO: [VRFC 10-311] analyzing module WinRAR
INFO: [VRFC 10-311] analyzing module WinRARTop
INFO: [VRFC 10-311] analyzing module WriteBack
INFO: [VRFC 10-311] analyzing module glbl
INFO: [VRFC 10-2263] Analyzing Verilog file "C:/Users/ryfon/Documents/Code/comp/ECE369/src/Verilog/18StageALU.v" into library xil_defaultlib
INFO: [VRFC 10-311] analyzing module ALUSetup
WARNING: [VRFC 10-3609] overwriting previous definition of module 'ALUSetup' [C:/Users/ryfon/Documents/Code/comp/ECE369/src/Verilog/ALUSetup.v:4]
INFO: [VRFC 10-311] analyzing module ALUFinalStage
WARNING: [VRFC 10-3609] overwriting previous definition of module 'ALUFinalStage' [C:/Users/ryfon/Documents/Code/comp/ECE369/src/Verilog/ALUFinalStage.v:4]
INFO: [VRFC 10-311] analyzing module FullAdder2Bit
WARNING: [VRFC 10-3609] overwriting previous definition of module 'FullAdder2Bit' [C:/Users/ryfon/Documents/Code/comp/ECE369/src/Verilog/FullAdder2Bit.v:3]
INFO: [VRFC 10-311] analyzing module ALUAdderStage
WARNING: [VRFC 10-3609] overwriting previous definition of module 'ALUAdderStage' [C:/Users/ryfon/Documents/Code/comp/ECE369/src/Verilog/ALUAdderStage.v:4]
INFO: [VRFC 10-311] analyzing module EighteenStageALU
WARNING: [VRFC 10-3609] overwriting previous definition of module 'EighteenStageALU' [C:/Users/ryfon/Documents/Code/comp/ECE369/src/Verilog/18StageALU.v:6]
INFO: [VRFC 10-2263] Analyzing Verilog file "C:/Users/ryfon/Documents/Code/comp/ECE369/src/Verilog/ALUAdderStage.v" into library xil_defaultlib
INFO: [VRFC 10-2263] Analyzing Verilog file "C:/Users/ryfon/Documents/Code/comp/ECE369/src/Verilog/ALUController.v" into library xil_defaultlib
INFO: [VRFC 10-311] analyzing module ALUController
INFO: [VRFC 10-2263] Analyzing Verilog file "C:/Users/ryfon/Documents/Code/comp/ECE369/src/Verilog/ALUFinalStage.v" into library xil_defaultlib
INFO: [VRFC 10-2263] Analyzing Verilog file "C:/Users/ryfon/Documents/Code/comp/ECE369/src/Verilog/ALUSetup.v" into library xil_defaultlib
INFO: [VRFC 10-2263] Analyzing Verilog file "C:/Users/ryfon/Documents/Code/comp/ECE369/src/Verilog/Decode.v" into library xil_defaultlib
INFO: [VRFC 10-311] analyzing module MUXController
WARNING: [VRFC 10-3609] overwriting previous definition of module 'MUXController' [C:/Users/ryfon/Documents/Code/comp/ECE369/src/Verilog/MuxController.v:3]
INFO: [VRFC 10-311] analyzing module MemController
INFO: [VRFC 10-311] analyzing module RegisterFile
WARNING: [VRFC 10-3609] overwriting previous definition of module 'RegisterFile' [C:/Users/ryfon/Documents/Code/comp/ECE369/src/Verilog/RegisterFile.v:52]
INFO: [VRFC 10-311] analyzing module Decode
WARNING: [VRFC 10-3609] overwriting previous definition of module 'Decode' [C:/Users/ryfon/Documents/Code/comp/ECE369/src/Verilog/Decode.v:6]
INFO: [VRFC 10-2263] Analyzing Verilog file "C:/Users/ryfon/Documents/Code/comp/ECE369/src/Verilog/Execute.v" into library xil_defaultlib
INFO: [VRFC 10-311] analyzing module SignExtension
INFO: [VRFC 10-311] analyzing module Execute
WARNING: [VRFC 10-3380] identifier 'SignExtendedInstrImm' is used before its declaration [C:/Users/ryfon/Documents/Code/comp/ECE369/src/Verilog/Execute.v:173]
WARNING: [VRFC 10-3609] overwriting previous definition of module 'Execute' [C:/Users/ryfon/Documents/Code/comp/ECE369/src/Verilog/Execute.v:6]
INFO: [VRFC 10-2263] Analyzing Verilog file "C:/Users/ryfon/Documents/Code/comp/ECE369/src/Verilog/Fetch.v" into library xil_defaultlib
INFO: [VRFC 10-311] analyzing module PCAdder
INFO: [VRFC 10-311] analyzing module ProgramCounter
WARNING: [VRFC 10-3609] overwriting previous definition of module 'ProgramCounter' [C:/Users/ryfon/Documents/Code/comp/ECE369/src/Verilog/ProgramCounter.v:28]
INFO: [VRFC 10-311] analyzing module InstructionMemory
INFO: [VRFC 10-311] analyzing module Fetch
WARNING: [VRFC 10-3609] overwriting previous definition of module 'Fetch' [C:/Users/ryfon/Documents/Code/comp/ECE369/src/Verilog/Fetch.v:6]
INFO: [VRFC 10-2263] Analyzing Verilog file "C:/Users/ryfon/Documents/Code/comp/ECE369/src/Verilog/FetchTop.v" into library xil_defaultlib
INFO: [VRFC 10-311] analyzing module InstructionMemoryAccess
WARNING: [VRFC 10-3609] overwriting previous definition of module 'InstructionMemoryAccess' [C:/Users/ryfon/Documents/Code/comp/ECE369/src/Verilog/InstructionMemoryAccess.v:3]
INFO: [VRFC 10-311] analyzing module InstructionMemoryParse
WARNING: [VRFC 10-3609] overwriting previous definition of module 'InstructionMemoryParse' [C:/Users/ryfon/Documents/Code/comp/ECE369/src/Verilog/InstructionMemoryParse.v:3]
INFO: [VRFC 10-311] analyzing module InstrMemAccess
WARNING: [VRFC 10-3609] overwriting previous definition of module 'InstrMemAccess' [C:/Users/ryfon/Documents/Code/comp/ECE369/src/Verilog/InstrMemStage.v:5]
INFO: [VRFC 10-311] analyzing module FetchTop
WARNING: [VRFC 10-3609] overwriting previous definition of module 'FetchTop' [C:/Users/ryfon/Documents/Code/comp/ECE369/src/Verilog/FetchTop.v:5]
INFO: [VRFC 10-2263] Analyzing Verilog file "C:/Users/ryfon/Documents/Code/comp/ECE369/src/Verilog/FullAdder2Bit.v" into library xil_defaultlib
INFO: [VRFC 10-2263] Analyzing Verilog file "C:/Users/ryfon/Documents/Code/comp/ECE369/src/Verilog/InstrMemStage.v" into library xil_defaultlib
INFO: [VRFC 10-2263] Analyzing Verilog file "C:/Users/ryfon/Documents/Code/comp/ECE369/src/Verilog/InstructionMemoryAccess.v" into library xil_defaultlib
INFO: [VRFC 10-2263] Analyzing Verilog file "C:/Users/ryfon/Documents/Code/comp/ECE369/src/Verilog/InstructionMemoryParse.v" into library xil_defaultlib
INFO: [VRFC 10-2263] Analyzing Verilog file "C:/Users/ryfon/Documents/Code/comp/ECE369/src/Verilog/MUXController.v" into library xil_defaultlib
INFO: [VRFC 10-2263] Analyzing Verilog file "C:/Users/ryfon/Documents/Code/comp/ECE369/src/Verilog/MemAccess.v" into library xil_defaultlib
INFO: [VRFC 10-311] analyzing module MemAccess
WARNING: [VRFC 10-3609] overwriting previous definition of module 'MemAccess' [C:/Users/ryfon/Documents/Code/comp/ECE369/src/Verilog/MemAccess.v:3]
INFO: [VRFC 10-2263] Analyzing Verilog file "C:/Users/ryfon/Documents/Code/comp/ECE369/src/Verilog/MemController.v" into library xil_defaultlib
INFO: [VRFC 10-2263] Analyzing Verilog file "C:/Users/ryfon/Documents/Code/comp/ECE369/src/Verilog/MemParse1.v" into library xil_defaultlib
INFO: [VRFC 10-311] analyzing module MemParse1
WARNING: [VRFC 10-3609] overwriting previous definition of module 'MemParse1' [C:/Users/ryfon/Documents/Code/comp/ECE369/src/Verilog/MemParse1.v:3]
INFO: [VRFC 10-2263] Analyzing Verilog file "C:/Users/ryfon/Documents/Code/comp/ECE369/src/Verilog/MemParse2.v" into library xil_defaultlib
INFO: [VRFC 10-311] analyzing module MemParse2
WARNING: [VRFC 10-3609] overwriting previous definition of module 'MemParse2' [C:/Users/ryfon/Documents/Code/comp/ECE369/src/Verilog/MemParse2.v:3]
INFO: [VRFC 10-2263] Analyzing Verilog file "C:/Users/ryfon/Documents/Code/comp/ECE369/src/Verilog/PCAdder.v" into library xil_defaultlib
INFO: [VRFC 10-2263] Analyzing Verilog file "C:/Users/ryfon/Documents/Code/comp/ECE369/src/Verilog/ProgramCounter.v" into library xil_defaultlib
INFO: [VRFC 10-2263] Analyzing Verilog file "C:/Users/ryfon/Documents/Code/comp/ECE369/src/Verilog/RegisterFile.v" into library xil_defaultlib
INFO: [VRFC 10-2263] Analyzing Verilog file "C:/Users/ryfon/Documents/Code/comp/ECE369/src/Verilog/SignExtension.v" into library xil_defaultlib
INFO: [VRFC 10-2263] Analyzing Verilog file "C:/Users/ryfon/Documents/Code/comp/ECE369/src/Verilog/ThreeStageMem.v" into library xil_defaultlib
INFO: [VRFC 10-311] analyzing module ThreeStageMem
WARNING: [VRFC 10-3609] overwriting previous definition of module 'ThreeStageMem' [C:/Users/ryfon/Documents/Code/comp/ECE369/src/Verilog/ThreeStageMem.v:6]
INFO: [VRFC 10-2263] Analyzing Verilog file "C:/Users/ryfon/Documents/Code/comp/ECE369/src/Verilog/WinRAR.v" into library xil_defaultlib
INFO: [VRFC 10-311] analyzing module DataMemory
INFO: [VRFC 10-311] analyzing module MemoryAccess
WARNING: [VRFC 10-3609] overwriting previous definition of module 'MemoryAccess' [C:/Users/ryfon/Documents/Code/comp/ECE369/src/Verilog/MemoryAccess.v:5]
INFO: [VRFC 10-311] analyzing module WriteBack
WARNING: [VRFC 10-3609] overwriting previous definition of module 'WriteBack' [C:/Users/ryfon/Documents/Code/comp/ECE369/src/Verilog/WriteBack.v:3]
INFO: [VRFC 10-311] analyzing module WinRAR
WARNING: [VRFC 10-3609] overwriting previous definition of module 'WinRAR' [C:/Users/ryfon/Documents/Code/comp/ECE369/src/Verilog/WinRAR.v:14]
INFO: [VRFC 10-2263] Analyzing Verilog file "C:/Users/ryfon/Documents/Code/comp/ECE369/src/Verilog/WriteBack.v" into library xil_defaultlib
INFO: [VRFC 10-2263] Analyzing Verilog file "C:/Users/ryfon/Documents/Code/comp/ECE369/src/TestBenches/WinRAR_tb.v" into library xil_defaultlib
INFO: [VRFC 10-311] analyzing module WinRAR_tb
run_program: Time (s): cpu = 00:00:00 ; elapsed = 00:00:05 . Memory (MB): peak = 2610.820 ; gain = 0.000
INFO: [USF-XSim-69] 'compile' step finished in '5' seconds
INFO: [USF-XSim-3] XSim::Elaborate design
INFO: [USF-XSim-61] Executing 'ELABORATE' step in 'C:/Users/ryfon/Documents/Code/comp/ECE369/Lab_4/frank2022/frank2022.sim/sim_1/impl/func/xsim'
"xelab --incr --debug typical --relax --mt 2 -L xil_defaultlib -L unisims_ver -L secureip --snapshot WinRAR_tb_func_impl xil_defaultlib.WinRAR_tb xil_defaultlib.glbl -log elaborate.log"
Vivado Simulator v2022.2
Copyright 1986-1999, 2001-2022 Xilinx, Inc. All Rights Reserved.
Running: C:/Xilinx/Vivado/2022.2/bin/unwrapped/win64.o/xelab.exe --incr --debug typical --relax --mt 2 -L xil_defaultlib -L unisims_ver -L secureip --snapshot WinRAR_tb_func_impl xil_defaultlib.WinRAR_tb xil_defaultlib.glbl -log elaborate.log 
Using 2 slave threads.
Starting static elaboration
Pass Through NonSizing Optimizer
WARNING: [VRFC 10-3091] actual bit length 1 differs from formal bit length 32 for port 'instrMemAddressOut' [C:/Users/ryfon/Documents/Code/comp/ECE369/src/Verilog/WinRAR.v:90]
WARNING: [VRFC 10-3091] actual bit length 1 differs from formal bit length 32 for port 'nextInstructionOut' [C:/Users/ryfon/Documents/Code/comp/ECE369/src/Verilog/FetchTop.v:63]
WARNING: [VRFC 10-3091] actual bit length 32 differs from formal bit length 13 for port 'Address' [C:/Users/ryfon/Documents/Code/comp/ECE369/src/Verilog/InstrMemStage.v:35]
WARNING: [VRFC 10-3091] actual bit length 4 differs from formal bit length 3 for port 'opCodeOut' [C:/Users/ryfon/Documents/Code/comp/ECE369/src/Verilog/18StageALU.v:47]
WARNING: [VRFC 10-3091] actual bit length 4 differs from formal bit length 3 for port 'opCode' [C:/Users/ryfon/Documents/Code/comp/ECE369/src/Verilog/18StageALU.v:102]
WARNING: [VRFC 10-3091] actual bit length 4 differs from formal bit length 3 for port 'OpCode' [C:/Users/ryfon/Documents/Code/comp/ECE369/src/Verilog/18StageALU.v:68]
WARNING: [VRFC 10-3091] actual bit length 4 differs from formal bit length 3 for port 'OpCodeOut' [C:/Users/ryfon/Documents/Code/comp/ECE369/src/Verilog/18StageALU.v:80]
WARNING: [VRFC 10-3705] select index 16 into 'carrySignals' is out of bounds [C:/Users/ryfon/Documents/Code/comp/ECE369/src/Verilog/18StageALU.v:77]
WARNING: [VRFC 10-3705] select index 16 into 'inBInt' is out of bounds [C:/Users/ryfon/Documents/Code/comp/ECE369/src/Verilog/18StageALU.v:79]
Completed static elaboration
Starting simulation data flow analysis
Completed simulation data flow analysis
Time Resolution for simulation is 1ps
Compiling module xil_defaultlib.PCAdder
Compiling module xil_defaultlib.ProgramCounter
Compiling module xil_defaultlib.Fetch
Compiling module xil_defaultlib.InstructionMemoryAccess
Compiling module xil_defaultlib.InstructionMemoryParse
Compiling module xil_defaultlib.InstrMemAccess
Compiling module xil_defaultlib.FetchTop
Compiling module xil_defaultlib.MUXController
Compiling module xil_defaultlib.MemController
Compiling module xil_defaultlib.RegisterFile
Compiling module xil_defaultlib.Decode
Compiling module xil_defaultlib.SignExtension
Compiling module xil_defaultlib.ALUController
Compiling module xil_defaultlib.ALUSetup
Compiling module xil_defaultlib.FullAdder2Bit
Compiling module xil_defaultlib.ALUAdderStage
Compiling module xil_defaultlib.FullAdder2Bit(SEQUENCEVAL=1)
Compiling module xil_defaultlib.ALUAdderStage(SEQUENCEVAL=1)
Compiling module xil_defaultlib.FullAdder2Bit(SEQUENCEVAL=2)
Compiling module xil_defaultlib.ALUAdderStage(SEQUENCEVAL=2)
Compiling module xil_defaultlib.FullAdder2Bit(SEQUENCEVAL=3)
Compiling module xil_defaultlib.ALUAdderStage(SEQUENCEVAL=3)
Compiling module xil_defaultlib.FullAdder2Bit(SEQUENCEVAL=4)
Compiling module xil_defaultlib.ALUAdderStage(SEQUENCEVAL=4)
Compiling module xil_defaultlib.FullAdder2Bit(SEQUENCEVAL=5)
Compiling module xil_defaultlib.ALUAdderStage(SEQUENCEVAL=5)
Compiling module xil_defaultlib.FullAdder2Bit(SEQUENCEVAL=6)
Compiling module xil_defaultlib.ALUAdderStage(SEQUENCEVAL=6)
Compiling module xil_defaultlib.FullAdder2Bit(SEQUENCEVAL=7)
Compiling module xil_defaultlib.ALUAdderStage(SEQUENCEVAL=7)
Compiling module xil_defaultlib.FullAdder2Bit(SEQUENCEVAL=8)
Compiling module xil_defaultlib.ALUAdderStage(SEQUENCEVAL=8)
Compiling module xil_defaultlib.FullAdder2Bit(SEQUENCEVAL=9)
Compiling module xil_defaultlib.ALUAdderStage(SEQUENCEVAL=9)
Compiling module xil_defaultlib.FullAdder2Bit(SEQUENCEVAL=10)
Compiling module xil_defaultlib.ALUAdderStage(SEQUENCEVAL=10)
Compiling module xil_defaultlib.FullAdder2Bit(SEQUENCEVAL=11)
Compiling module xil_defaultlib.ALUAdderStage(SEQUENCEVAL=11)
Compiling module xil_defaultlib.FullAdder2Bit(SEQUENCEVAL=12)
Compiling module xil_defaultlib.ALUAdderStage(SEQUENCEVAL=12)
Compiling module xil_defaultlib.FullAdder2Bit(SEQUENCEVAL=13)
Compiling module xil_defaultlib.ALUAdderStage(SEQUENCEVAL=13)
Compiling module xil_defaultlib.FullAdder2Bit(SEQUENCEVAL=14)
Compiling module xil_defaultlib.ALUAdderStage(SEQUENCEVAL=14)
Compiling module xil_defaultlib.FullAdder2Bit(SEQUENCEVAL=15)
Compiling module xil_defaultlib.ALUAdderStage(SEQUENCEVAL=15)
Compiling module xil_defaultlib.ALUFinalStage
Compiling module xil_defaultlib.EighteenStageALU_default
Compiling module xil_defaultlib.Execute
Compiling module xil_defaultlib.MemAccess
Compiling module xil_defaultlib.MemParse1
Compiling module xil_defaultlib.MemParse2
Compiling module xil_defaultlib.ThreeStageMem
Compiling module xil_defaultlib.MemoryAccess
Compiling module xil_defaultlib.WriteBack
Compiling module xil_defaultlib.WinRAR
Compiling module xil_defaultlib.WinRAR_tb
Compiling module xil_defaultlib.glbl
Built simulation snapshot WinRAR_tb_func_impl
run_program: Time (s): cpu = 00:00:00 ; elapsed = 00:00:06 . Memory (MB): peak = 2610.820 ; gain = 0.000
INFO: [USF-XSim-69] 'elaborate' step finished in '6' seconds
INFO: [USF-XSim-4] XSim::Simulate design
INFO: [USF-XSim-61] Executing 'SIMULATE' step in 'C:/Users/ryfon/Documents/Code/comp/ECE369/Lab_4/frank2022/frank2022.sim/sim_1/impl/func/xsim'
INFO: [USF-XSim-98] *** Running xsim
   with args "WinRAR_tb_func_impl -key {Post-Implementation:sim_1:Functional:WinRAR_tb} -tclbatch {WinRAR_tb.tcl} -view {C:/Users/ryfon/Documents/Code/comp/ECE369/Lab_4/frank2022/WinRAR_tb_behav.wcfg} -log {simulate.log}"
INFO: [USF-XSim-8] Loading simulator feature
Time resolution is 1 ps
open_wave_config C:/Users/ryfon/Documents/Code/comp/ECE369/Lab_4/frank2022/WinRAR_tb_behav.wcfg
WARNING: Simulation object /WinRARTop_tb/WinRARTop_inst/cpu/XPos was not found in the design.
WARNING: Simulation object /WinRARTop_tb/WinRARTop_inst/cpu/YPos was not found in the design.
WARNING: Simulation object /WinRARTop_tb/rst was not found in the design.
WARNING: Simulation object /WinRARTop_tb/WinRARTop_inst/cpu/decode_instance/rst was not found in the design.
WARNING: Simulation object /WinRARTop_tb/WinRARTop_inst/out7 was not found in the design.
WARNING: Simulation object /WinRARTop_tb/WinRARTop_inst/en_out was not found in the design.
source WinRAR_tb.tcl
# set curr_wave [current_wave_config]
# if { [string length $curr_wave] == 0 } {
#   if { [llength [get_objects]] > 0} {
#     add_wave /
#     set_property needs_save false [current_wave_config]
#   } else {
#      send_msg_id Add_Wave-1 WARNING "No top level signals found. Simulator will start without a wave window. If you want to open a wave window go to 'File->New Waveform Configuration' or type 'create_wave_config' in the TCL console."
#   }
# }
# run 1000ns
$stop called at time : 20 ns : File "C:/Users/ryfon/Documents/Code/comp/ECE369/src/TestBenches/WinRAR_tb.v" Line 56
INFO: [USF-XSim-96] XSim completed. Design snapshot 'WinRAR_tb_func_impl' loaded.
INFO: [USF-XSim-97] XSim simulation ran for 1000ns
launch_simulation: Time (s): cpu = 00:00:00 ; elapsed = 00:00:14 . Memory (MB): peak = 2611.301 ; gain = 0.480
run all
$stop called at time : 40 ns : File "C:/Users/ryfon/Documents/Code/comp/ECE369/src/TestBenches/WinRAR_tb.v" Line 59
run all
$stop called at time : 35390 ns : File "C:/Users/ryfon/Documents/Code/comp/ECE369/src/TestBenches/WinRAR_tb.v" Line 65
run 10 us
run 10 us
run 10 us
run 10 us
relaunch_sim
Command: launch_simulation -step compile -simset sim_1 -mode post-implementation -type functional
INFO: [Vivado 12-12493] Simulation top is 'WinRAR_tb'
WARNING: [Vivado 12-13340] Unable to auto find GCC executables from simulator install path! (path not set)
WARNING: [Vivado 12-13277] Compiled library path does not exist: ''
INFO: [Vivado 12-5682] Launching post-implementation functional simulation in 'C:/Users/ryfon/Documents/Code/comp/ECE369/Lab_4/frank2022/frank2022.sim/sim_1/impl/func/xsim'
INFO: [SIM-utils-51] Simulation object is 'sim_1'
INFO: [SIM-utils-72] Using boost library from 'C:/Xilinx/Vivado/2022.2/tps/boost_1_72_0'
INFO: [SIM-utils-31] Writing simulation netlist file for design 'impl_1'...
INFO: [SIM-utils-32] write_verilog -mode funcsim -nolib -force -file "C:/Users/ryfon/Documents/Code/comp/ECE369/Lab_4/frank2022/frank2022.sim/sim_1/impl/func/xsim/WinRAR_tb_func_impl.v"
INFO: [SIM-utils-36] Netlist generated:C:/Users/ryfon/Documents/Code/comp/ECE369/Lab_4/frank2022/frank2022.sim/sim_1/impl/func/xsim/WinRAR_tb_func_impl.v
INFO: [SIM-utils-54] Inspecting design source files for 'WinRAR_tb' in fileset 'sim_1'...
INFO: [USF-XSim-2] XSim::Compile design
INFO: [USF-XSim-61] Executing 'COMPILE and ANALYZE' step in 'C:/Users/ryfon/Documents/Code/comp/ECE369/Lab_4/frank2022/frank2022.sim/sim_1/impl/func/xsim'
"xvlog --incr --relax -prj WinRAR_tb_vlog.prj"
INFO: [VRFC 10-2263] Analyzing Verilog file "C:/Users/ryfon/Documents/Code/comp/ECE369/Lab_4/frank2022/frank2022.sim/sim_1/impl/func/xsim/WinRAR_tb_func_impl.v" into library xil_defaultlib
INFO: [VRFC 10-311] analyzing module ALUAdderStage
INFO: [VRFC 10-311] analyzing module ALUAdderStage__parameterized0
INFO: [VRFC 10-311] analyzing module ALUAdderStage__parameterized1
INFO: [VRFC 10-311] analyzing module ALUAdderStage__parameterized10
INFO: [VRFC 10-311] analyzing module ALUAdderStage__parameterized11
INFO: [VRFC 10-311] analyzing module ALUAdderStage__parameterized12
INFO: [VRFC 10-311] analyzing module ALUAdderStage__parameterized13
INFO: [VRFC 10-311] analyzing module ALUAdderStage__parameterized14
INFO: [VRFC 10-311] analyzing module ALUAdderStage__parameterized2
INFO: [VRFC 10-311] analyzing module ALUAdderStage__parameterized3
INFO: [VRFC 10-311] analyzing module ALUAdderStage__parameterized4
INFO: [VRFC 10-311] analyzing module ALUAdderStage__parameterized5
INFO: [VRFC 10-311] analyzing module ALUAdderStage__parameterized6
INFO: [VRFC 10-311] analyzing module ALUAdderStage__parameterized7
INFO: [VRFC 10-311] analyzing module ALUAdderStage__parameterized8
INFO: [VRFC 10-311] analyzing module ALUAdderStage__parameterized9
INFO: [VRFC 10-311] analyzing module ALUFinalStage
INFO: [VRFC 10-311] analyzing module ALUSetup
INFO: [VRFC 10-311] analyzing module Decode
INFO: [VRFC 10-311] analyzing module EighteenStageALU
INFO: [VRFC 10-311] analyzing module Execute
INFO: [VRFC 10-311] analyzing module Fetch
INFO: [VRFC 10-311] analyzing module FetchTop
INFO: [VRFC 10-311] analyzing module FullAdder2Bit
INFO: [VRFC 10-311] analyzing module FullAdder2Bit__parameterized0
INFO: [VRFC 10-311] analyzing module FullAdder2Bit__parameterized1
INFO: [VRFC 10-311] analyzing module FullAdder2Bit__parameterized10
INFO: [VRFC 10-311] analyzing module FullAdder2Bit__parameterized11
INFO: [VRFC 10-311] analyzing module FullAdder2Bit__parameterized12
INFO: [VRFC 10-311] analyzing module FullAdder2Bit__parameterized13
INFO: [VRFC 10-311] analyzing module FullAdder2Bit__parameterized14
INFO: [VRFC 10-311] analyzing module FullAdder2Bit__parameterized2
INFO: [VRFC 10-311] analyzing module FullAdder2Bit__parameterized3
INFO: [VRFC 10-311] analyzing module FullAdder2Bit__parameterized4
INFO: [VRFC 10-311] analyzing module FullAdder2Bit__parameterized5
INFO: [VRFC 10-311] analyzing module FullAdder2Bit__parameterized6
INFO: [VRFC 10-311] analyzing module FullAdder2Bit__parameterized7
INFO: [VRFC 10-311] analyzing module FullAdder2Bit__parameterized8
INFO: [VRFC 10-311] analyzing module FullAdder2Bit__parameterized9
INFO: [VRFC 10-311] analyzing module InstrMemAccess
INFO: [VRFC 10-311] analyzing module InstructionMemoryAccess
INFO: [VRFC 10-311] analyzing module InstructionMemoryParse
INFO: [VRFC 10-311] analyzing module MUXController
INFO: [VRFC 10-311] analyzing module MemAccess
INFO: [VRFC 10-311] analyzing module MemParse1
INFO: [VRFC 10-311] analyzing module MemParse2
INFO: [VRFC 10-311] analyzing module MemoryAccess
INFO: [VRFC 10-311] analyzing module ProgramCounter
INFO: [VRFC 10-311] analyzing module RegisterFile
INFO: [VRFC 10-311] analyzing module ThreeStageMem
INFO: [VRFC 10-311] analyzing module Two4DigitDisplay
INFO: [VRFC 10-311] analyzing module WinRAR
INFO: [VRFC 10-311] analyzing module WinRARTop
INFO: [VRFC 10-311] analyzing module WriteBack
INFO: [VRFC 10-311] analyzing module glbl
INFO: [VRFC 10-2263] Analyzing Verilog file "C:/Users/ryfon/Documents/Code/comp/ECE369/src/Verilog/18StageALU.v" into library xil_defaultlib
INFO: [VRFC 10-311] analyzing module ALUSetup
WARNING: [VRFC 10-3609] overwriting previous definition of module 'ALUSetup' [C:/Users/ryfon/Documents/Code/comp/ECE369/src/Verilog/ALUSetup.v:4]
INFO: [VRFC 10-311] analyzing module ALUFinalStage
WARNING: [VRFC 10-3609] overwriting previous definition of module 'ALUFinalStage' [C:/Users/ryfon/Documents/Code/comp/ECE369/src/Verilog/ALUFinalStage.v:4]
INFO: [VRFC 10-311] analyzing module FullAdder2Bit
WARNING: [VRFC 10-3609] overwriting previous definition of module 'FullAdder2Bit' [C:/Users/ryfon/Documents/Code/comp/ECE369/src/Verilog/FullAdder2Bit.v:3]
INFO: [VRFC 10-311] analyzing module ALUAdderStage
WARNING: [VRFC 10-3609] overwriting previous definition of module 'ALUAdderStage' [C:/Users/ryfon/Documents/Code/comp/ECE369/src/Verilog/ALUAdderStage.v:4]
INFO: [VRFC 10-311] analyzing module EighteenStageALU
WARNING: [VRFC 10-3609] overwriting previous definition of module 'EighteenStageALU' [C:/Users/ryfon/Documents/Code/comp/ECE369/src/Verilog/18StageALU.v:6]
INFO: [VRFC 10-2263] Analyzing Verilog file "C:/Users/ryfon/Documents/Code/comp/ECE369/src/Verilog/ALUAdderStage.v" into library xil_defaultlib
INFO: [VRFC 10-2263] Analyzing Verilog file "C:/Users/ryfon/Documents/Code/comp/ECE369/src/Verilog/ALUFinalStage.v" into library xil_defaultlib
INFO: [VRFC 10-2263] Analyzing Verilog file "C:/Users/ryfon/Documents/Code/comp/ECE369/src/Verilog/ALUSetup.v" into library xil_defaultlib
INFO: [VRFC 10-2263] Analyzing Verilog file "C:/Users/ryfon/Documents/Code/comp/ECE369/src/Verilog/Decode.v" into library xil_defaultlib
INFO: [VRFC 10-311] analyzing module MUXController
WARNING: [VRFC 10-3609] overwriting previous definition of module 'MUXController' [C:/Users/ryfon/Documents/Code/comp/ECE369/src/Verilog/MuxController.v:3]
INFO: [VRFC 10-311] analyzing module MemController
INFO: [VRFC 10-311] analyzing module RegisterFile
WARNING: [VRFC 10-3609] overwriting previous definition of module 'RegisterFile' [C:/Users/ryfon/Documents/Code/comp/ECE369/src/Verilog/RegisterFile.v:52]
INFO: [VRFC 10-311] analyzing module Decode
WARNING: [VRFC 10-3609] overwriting previous definition of module 'Decode' [C:/Users/ryfon/Documents/Code/comp/ECE369/src/Verilog/Decode.v:6]
INFO: [VRFC 10-2263] Analyzing Verilog file "C:/Users/ryfon/Documents/Code/comp/ECE369/src/Verilog/Execute.v" into library xil_defaultlib
INFO: [VRFC 10-311] analyzing module SignExtension
INFO: [VRFC 10-311] analyzing module ALUController
INFO: [VRFC 10-311] analyzing module Execute
WARNING: [VRFC 10-3380] identifier 'SignExtendedInstrImm' is used before its declaration [C:/Users/ryfon/Documents/Code/comp/ECE369/src/Verilog/Execute.v:173]
WARNING: [VRFC 10-3609] overwriting previous definition of module 'Execute' [C:/Users/ryfon/Documents/Code/comp/ECE369/src/Verilog/Execute.v:6]
INFO: [VRFC 10-2263] Analyzing Verilog file "C:/Users/ryfon/Documents/Code/comp/ECE369/src/Verilog/Fetch.v" into library xil_defaultlib
INFO: [VRFC 10-311] analyzing module PCAdder
INFO: [VRFC 10-311] analyzing module ProgramCounter
WARNING: [VRFC 10-3609] overwriting previous definition of module 'ProgramCounter' [C:/Users/ryfon/Documents/Code/comp/ECE369/src/Verilog/ProgramCounter.v:28]
INFO: [VRFC 10-311] analyzing module InstructionMemory
INFO: [VRFC 10-311] analyzing module Fetch
WARNING: [VRFC 10-3609] overwriting previous definition of module 'Fetch' [C:/Users/ryfon/Documents/Code/comp/ECE369/src/Verilog/Fetch.v:6]
INFO: [VRFC 10-2263] Analyzing Verilog file "C:/Users/ryfon/Documents/Code/comp/ECE369/src/Verilog/FetchTop.v" into library xil_defaultlib
INFO: [VRFC 10-311] analyzing module InstructionMemoryAccess
WARNING: [VRFC 10-3609] overwriting previous definition of module 'InstructionMemoryAccess' [C:/Users/ryfon/Documents/Code/comp/ECE369/src/Verilog/InstructionMemoryAccess.v:3]
INFO: [VRFC 10-311] analyzing module InstructionMemoryParse
WARNING: [VRFC 10-3609] overwriting previous definition of module 'InstructionMemoryParse' [C:/Users/ryfon/Documents/Code/comp/ECE369/src/Verilog/InstructionMemoryParse.v:3]
INFO: [VRFC 10-311] analyzing module InstrMemAccess
WARNING: [VRFC 10-3609] overwriting previous definition of module 'InstrMemAccess' [C:/Users/ryfon/Documents/Code/comp/ECE369/src/Verilog/InstrMemStage.v:5]
INFO: [VRFC 10-311] analyzing module FetchTop
WARNING: [VRFC 10-3609] overwriting previous definition of module 'FetchTop' [C:/Users/ryfon/Documents/Code/comp/ECE369/src/Verilog/FetchTop.v:5]
INFO: [VRFC 10-2263] Analyzing Verilog file "C:/Users/ryfon/Documents/Code/comp/ECE369/src/Verilog/FullAdder2Bit.v" into library xil_defaultlib
INFO: [VRFC 10-2263] Analyzing Verilog file "C:/Users/ryfon/Documents/Code/comp/ECE369/src/Verilog/InstrMemStage.v" into library xil_defaultlib
INFO: [VRFC 10-2263] Analyzing Verilog file "C:/Users/ryfon/Documents/Code/comp/ECE369/src/Verilog/InstructionMemoryAccess.v" into library xil_defaultlib
INFO: [VRFC 10-2263] Analyzing Verilog file "C:/Users/ryfon/Documents/Code/comp/ECE369/src/Verilog/InstructionMemoryParse.v" into library xil_defaultlib
INFO: [VRFC 10-2263] Analyzing Verilog file "C:/Users/ryfon/Documents/Code/comp/ECE369/src/Verilog/MUXController.v" into library xil_defaultlib
INFO: [VRFC 10-2263] Analyzing Verilog file "C:/Users/ryfon/Documents/Code/comp/ECE369/src/Verilog/MemAccess.v" into library xil_defaultlib
INFO: [VRFC 10-311] analyzing module MemAccess
WARNING: [VRFC 10-3609] overwriting previous definition of module 'MemAccess' [C:/Users/ryfon/Documents/Code/comp/ECE369/src/Verilog/MemAccess.v:3]
INFO: [VRFC 10-2263] Analyzing Verilog file "C:/Users/ryfon/Documents/Code/comp/ECE369/src/Verilog/MemParse1.v" into library xil_defaultlib
INFO: [VRFC 10-311] analyzing module MemParse1
WARNING: [VRFC 10-3609] overwriting previous definition of module 'MemParse1' [C:/Users/ryfon/Documents/Code/comp/ECE369/src/Verilog/MemParse1.v:3]
INFO: [VRFC 10-2263] Analyzing Verilog file "C:/Users/ryfon/Documents/Code/comp/ECE369/src/Verilog/MemParse2.v" into library xil_defaultlib
INFO: [VRFC 10-311] analyzing module MemParse2
WARNING: [VRFC 10-3609] overwriting previous definition of module 'MemParse2' [C:/Users/ryfon/Documents/Code/comp/ECE369/src/Verilog/MemParse2.v:3]
INFO: [VRFC 10-2263] Analyzing Verilog file "C:/Users/ryfon/Documents/Code/comp/ECE369/src/Verilog/ProgramCounter.v" into library xil_defaultlib
INFO: [VRFC 10-2263] Analyzing Verilog file "C:/Users/ryfon/Documents/Code/comp/ECE369/src/Verilog/RegisterFile.v" into library xil_defaultlib
INFO: [VRFC 10-2263] Analyzing Verilog file "C:/Users/ryfon/Documents/Code/comp/ECE369/src/Verilog/ThreeStageMem.v" into library xil_defaultlib
INFO: [VRFC 10-311] analyzing module ThreeStageMem
WARNING: [VRFC 10-3609] overwriting previous definition of module 'ThreeStageMem' [C:/Users/ryfon/Documents/Code/comp/ECE369/src/Verilog/ThreeStageMem.v:6]
INFO: [VRFC 10-2263] Analyzing Verilog file "C:/Users/ryfon/Documents/Code/comp/ECE369/src/Verilog/WinRAR.v" into library xil_defaultlib
INFO: [VRFC 10-311] analyzing module DataMemory
INFO: [VRFC 10-311] analyzing module MemoryAccess
WARNING: [VRFC 10-3609] overwriting previous definition of module 'MemoryAccess' [C:/Users/ryfon/Documents/Code/comp/ECE369/src/Verilog/MemoryAccess.v:5]
INFO: [VRFC 10-311] analyzing module WriteBack
WARNING: [VRFC 10-3609] overwriting previous definition of module 'WriteBack' [C:/Users/ryfon/Documents/Code/comp/ECE369/src/Verilog/WriteBack.v:3]
INFO: [VRFC 10-311] analyzing module WinRAR
WARNING: [VRFC 10-3609] overwriting previous definition of module 'WinRAR' [C:/Users/ryfon/Documents/Code/comp/ECE369/src/Verilog/WinRAR.v:14]
INFO: [VRFC 10-2263] Analyzing Verilog file "C:/Users/ryfon/Documents/Code/comp/ECE369/src/Verilog/WriteBack.v" into library xil_defaultlib
run_program: Time (s): cpu = 00:00:00 ; elapsed = 00:00:05 . Memory (MB): peak = 2631.078 ; gain = 0.000
INFO: [USF-XSim-69] 'compile' step finished in '5' seconds
launch_simulation: Time (s): cpu = 00:00:00 ; elapsed = 00:00:06 . Memory (MB): peak = 2631.078 ; gain = 0.000
Command: launch_simulation -step elaborate -simset sim_1 -mode post-implementation -type functional
INFO: [Vivado 12-12493] Simulation top is 'WinRAR_tb'
WARNING: [Vivado 12-13340] Unable to auto find GCC executables from simulator install path! (path not set)
WARNING: [Vivado 12-13277] Compiled library path does not exist: ''
INFO: [Vivado 12-5682] Launching post-implementation functional simulation in 'C:/Users/ryfon/Documents/Code/comp/ECE369/Lab_4/frank2022/frank2022.sim/sim_1/impl/func/xsim'
INFO: [SIM-utils-51] Simulation object is 'sim_1'
INFO: [USF-XSim-3] XSim::Elaborate design
INFO: [USF-XSim-61] Executing 'ELABORATE' step in 'C:/Users/ryfon/Documents/Code/comp/ECE369/Lab_4/frank2022/frank2022.sim/sim_1/impl/func/xsim'
"xelab --incr --debug typical --relax --mt 2 -L xil_defaultlib -L unisims_ver -L secureip --snapshot WinRAR_tb_func_impl xil_defaultlib.WinRAR_tb xil_defaultlib.glbl -log elaborate.log"
Vivado Simulator v2022.2
Copyright 1986-1999, 2001-2022 Xilinx, Inc. All Rights Reserved.
Running: C:/Xilinx/Vivado/2022.2/bin/unwrapped/win64.o/xelab.exe --incr --debug typical --relax --mt 2 -L xil_defaultlib -L unisims_ver -L secureip --snapshot WinRAR_tb_func_impl xil_defaultlib.WinRAR_tb xil_defaultlib.glbl -log elaborate.log 
Using 2 slave threads.
Starting static elaboration
Pass Through NonSizing Optimizer
WARNING: [VRFC 10-3091] actual bit length 1 differs from formal bit length 32 for port 'instrMemAddressOut' [C:/Users/ryfon/Documents/Code/comp/ECE369/src/Verilog/WinRAR.v:90]
WARNING: [VRFC 10-3091] actual bit length 1 differs from formal bit length 32 for port 'nextInstructionOut' [C:/Users/ryfon/Documents/Code/comp/ECE369/src/Verilog/FetchTop.v:63]
WARNING: [VRFC 10-3091] actual bit length 32 differs from formal bit length 13 for port 'Address' [C:/Users/ryfon/Documents/Code/comp/ECE369/src/Verilog/InstrMemStage.v:35]
WARNING: [VRFC 10-3091] actual bit length 4 differs from formal bit length 3 for port 'opCodeOut' [C:/Users/ryfon/Documents/Code/comp/ECE369/src/Verilog/18StageALU.v:47]
WARNING: [VRFC 10-3091] actual bit length 4 differs from formal bit length 3 for port 'opCode' [C:/Users/ryfon/Documents/Code/comp/ECE369/src/Verilog/18StageALU.v:102]
WARNING: [VRFC 10-3091] actual bit length 4 differs from formal bit length 3 for port 'OpCode' [C:/Users/ryfon/Documents/Code/comp/ECE369/src/Verilog/18StageALU.v:68]
WARNING: [VRFC 10-3091] actual bit length 4 differs from formal bit length 3 for port 'OpCodeOut' [C:/Users/ryfon/Documents/Code/comp/ECE369/src/Verilog/18StageALU.v:80]
WARNING: [VRFC 10-3705] select index 16 into 'carrySignals' is out of bounds [C:/Users/ryfon/Documents/Code/comp/ECE369/src/Verilog/18StageALU.v:77]
WARNING: [VRFC 10-3705] select index 16 into 'inBInt' is out of bounds [C:/Users/ryfon/Documents/Code/comp/ECE369/src/Verilog/18StageALU.v:79]
Completed static elaboration
Starting simulation data flow analysis
Completed simulation data flow analysis
Time Resolution for simulation is 1ps
Compiling module xil_defaultlib.PCAdder
Compiling module xil_defaultlib.ProgramCounter
Compiling module xil_defaultlib.Fetch
Compiling module xil_defaultlib.InstructionMemoryAccess
Compiling module xil_defaultlib.InstructionMemoryParse
Compiling module xil_defaultlib.InstrMemAccess
Compiling module xil_defaultlib.FetchTop
Compiling module xil_defaultlib.MUXController
Compiling module xil_defaultlib.MemController
Compiling module xil_defaultlib.RegisterFile
Compiling module xil_defaultlib.Decode
Compiling module xil_defaultlib.SignExtension
Compiling module xil_defaultlib.ALUController
Compiling module xil_defaultlib.ALUSetup
Compiling module xil_defaultlib.FullAdder2Bit
Compiling module xil_defaultlib.ALUAdderStage
Compiling module xil_defaultlib.FullAdder2Bit(SEQUENCEVAL=1)
Compiling module xil_defaultlib.ALUAdderStage(SEQUENCEVAL=1)
Compiling module xil_defaultlib.FullAdder2Bit(SEQUENCEVAL=2)
Compiling module xil_defaultlib.ALUAdderStage(SEQUENCEVAL=2)
Compiling module xil_defaultlib.FullAdder2Bit(SEQUENCEVAL=3)
Compiling module xil_defaultlib.ALUAdderStage(SEQUENCEVAL=3)
Compiling module xil_defaultlib.FullAdder2Bit(SEQUENCEVAL=4)
Compiling module xil_defaultlib.ALUAdderStage(SEQUENCEVAL=4)
Compiling module xil_defaultlib.FullAdder2Bit(SEQUENCEVAL=5)
Compiling module xil_defaultlib.ALUAdderStage(SEQUENCEVAL=5)
Compiling module xil_defaultlib.FullAdder2Bit(SEQUENCEVAL=6)
Compiling module xil_defaultlib.ALUAdderStage(SEQUENCEVAL=6)
Compiling module xil_defaultlib.FullAdder2Bit(SEQUENCEVAL=7)
Compiling module xil_defaultlib.ALUAdderStage(SEQUENCEVAL=7)
Compiling module xil_defaultlib.FullAdder2Bit(SEQUENCEVAL=8)
Compiling module xil_defaultlib.ALUAdderStage(SEQUENCEVAL=8)
Compiling module xil_defaultlib.FullAdder2Bit(SEQUENCEVAL=9)
Compiling module xil_defaultlib.ALUAdderStage(SEQUENCEVAL=9)
Compiling module xil_defaultlib.FullAdder2Bit(SEQUENCEVAL=10)
Compiling module xil_defaultlib.ALUAdderStage(SEQUENCEVAL=10)
Compiling module xil_defaultlib.FullAdder2Bit(SEQUENCEVAL=11)
Compiling module xil_defaultlib.ALUAdderStage(SEQUENCEVAL=11)
Compiling module xil_defaultlib.FullAdder2Bit(SEQUENCEVAL=12)
Compiling module xil_defaultlib.ALUAdderStage(SEQUENCEVAL=12)
Compiling module xil_defaultlib.FullAdder2Bit(SEQUENCEVAL=13)
Compiling module xil_defaultlib.ALUAdderStage(SEQUENCEVAL=13)
Compiling module xil_defaultlib.FullAdder2Bit(SEQUENCEVAL=14)
Compiling module xil_defaultlib.ALUAdderStage(SEQUENCEVAL=14)
Compiling module xil_defaultlib.FullAdder2Bit(SEQUENCEVAL=15)
Compiling module xil_defaultlib.ALUAdderStage(SEQUENCEVAL=15)
Compiling module xil_defaultlib.ALUFinalStage
Compiling module xil_defaultlib.EighteenStageALU_default
Compiling module xil_defaultlib.Execute
Compiling module xil_defaultlib.MemAccess
Compiling module xil_defaultlib.MemParse1
Compiling module xil_defaultlib.MemParse2
Compiling module xil_defaultlib.ThreeStageMem
Compiling module xil_defaultlib.MemoryAccess
Compiling module xil_defaultlib.WriteBack
Compiling module xil_defaultlib.WinRAR
Compiling module xil_defaultlib.WinRAR_tb
Compiling module xil_defaultlib.glbl
Built simulation snapshot WinRAR_tb_func_impl
run_program: Time (s): cpu = 00:00:01 ; elapsed = 00:00:06 . Memory (MB): peak = 2631.078 ; gain = 0.000
INFO: [USF-XSim-69] 'elaborate' step finished in '6' seconds
launch_simulation: Time (s): cpu = 00:00:01 ; elapsed = 00:00:06 . Memory (MB): peak = 2631.078 ; gain = 0.000
Time resolution is 1 ps
$stop called at time : 20 ns : File "C:/Users/ryfon/Documents/Code/comp/ECE369/src/TestBenches/WinRAR_tb.v" Line 56
relaunch_sim: Time (s): cpu = 00:00:01 ; elapsed = 00:00:14 . Memory (MB): peak = 2631.078 ; gain = 0.000
run all
$stop called at time : 40 ns : File "C:/Users/ryfon/Documents/Code/comp/ECE369/src/TestBenches/WinRAR_tb.v" Line 59
run all
$stop called at time : 35390 ns : File "C:/Users/ryfon/Documents/Code/comp/ECE369/src/TestBenches/WinRAR_tb.v" Line 65
run all
run: Time (s): cpu = 00:00:02 ; elapsed = 00:00:35 . Memory (MB): peak = 2631.457 ; gain = 0.379
run all
run: Time (s): cpu = 00:09:32 ; elapsed = 04:02:06 . Memory (MB): peak = 2655.840 ; gain = 21.898
save_wave_config {C:/Users/ryfon/Documents/Code/comp/ECE369/Lab_4/frank2022/WinRAR_tb_behav.wcfg}
archive_project C:/Users/ryfon/Documents/Code/comp/ECE369/Lab_4/frank2022.xpr.zip -temp_dir C:/Users/ryfon/Documents/Code/comp/ECE369/Lab_4/frank2022/.Xil/Vivado-21716-zeroDay -force -include_local_ip_cache
INFO: [Coretcl 2-137] starting archive...
INFO: [Coretcl 2-1499] Saving project copy to temporary location 'C:/Users/ryfon/Documents/Code/comp/ECE369/Lab_4/frank2022/.Xil/Vivado-21716-zeroDay' for archiving project
INFO: [filemgmt 56-3] Default IP Output Path : Could not find the directory 'C:/Users/ryfon/Documents/Code/comp/ECE369/Lab_4/frank2022/frank2022.gen/sources_1'.
Scanning sources...
Finished scanning sources
INFO: [Coretcl 2-1211] Creating project copy for archival...
INFO: [Coretcl 2-1213] Including run results for 'synth_1'
INFO: [Coretcl 2-1213] Including run results for 'impl_1'
INFO: [Coretcl 2-1212] Importing remotely added design sources and verilog include files (if any)...
INFO: [filemgmt 20-348] Importing the appropriate files for fileset: 'constrs_1'
INFO: [filemgmt 20-348] Importing the appropriate files for fileset: 'sim_1'
INFO: [filemgmt 20-348] Importing the appropriate files for fileset: 'sources_1'
INFO: [filemgmt 20-334] All file(s) are already imported in fileset: 'utils_1'
INFO: [filemgmt 20-348] Importing the appropriate files for fileset: 'utils_1'
INFO: [Coretcl 2-1209] Adding archive summary file to the project...
INFO: [Coretcl 2-1214] Preparing project files for archive...
INFO: [Coretcl 2-1210] Compressing project files and data...
WARNING: [Coretcl 2-1247] Files in this archive were compressed with zip64. A zip64 compliant tool should be used when uncompressing it.
INFO: [Coretcl 2-1215] Project archived (C:/Users/ryfon/Documents/Code/comp/ECE369/Lab_4/frank2022.xpr.zip)
INFO: [Coretcl 2-1216] To view the archive summary log in GUI, double click on 'Design Sources->Text->archive_project_summary.txt', or open this file from the archived project directory.
archive_project: Time (s): cpu = 00:02:02 ; elapsed = 00:04:17 . Memory (MB): peak = 2673.961 ; gain = 8.398
close_sim
INFO: xsimkernel Simulation Memory Usage: 17588 KB (Peak: 17588 KB), Simulation CPU Usage: 8549531 ms
INFO: [Simtcl 6-16] Simulation closed
exit
INFO: [Common 17-206] Exiting Vivado at Sat Dec  7 19:05:23 2024...
