Copyright 1986-2022 Xilinx, Inc. All Rights Reserved. Copyright 2022-2024 Advanced Micro Devices, Inc. All Rights Reserved.
------------------------------------------------------------------------------------------------------------------------------------------------------------------------------------------------------
| Tool Version : Vivado v.2024.1 (win64) Build 5076996 Wed May 22 18:37:14 MDT 2024
| Date         : Sun Sep  1 18:33:42 2024
| Host         : zeroDay running 64-bit major release  (build 9200)
| Command      : report_timing_summary -max_paths 10 -report_unconstrained -file top_timing_summary_routed.rpt -pb top_timing_summary_routed.pb -rpx top_timing_summary_routed.rpx -warn_on_violation
| Design       : top
| Device       : 7a100t-csg324
| Speed File   : -2L  PRODUCTION 1.23 2018-06-13
| Design State : Routed
------------------------------------------------------------------------------------------------------------------------------------------------------------------------------------------------------

Timing Summary Report

------------------------------------------------------------------------------------------------
| Timer Settings
| --------------
------------------------------------------------------------------------------------------------

  Enable Multi Corner Analysis               :  Yes
  Enable Pessimism Removal                   :  Yes
  Pessimism Removal Resolution               :  Nearest Common Node
  Enable Input Delay Default Clock           :  No
  Enable Preset / Clear Arcs                 :  No
  Disable Flight Delays                      :  No
  Ignore I/O Paths                           :  No
  Timing Early Launch at Borrowing Latches   :  No
  Borrow Time for Max Delay Exceptions       :  Yes
  Merge Timing Exceptions                    :  Yes
  Inter-SLR Compensation                     :  Conservative

  Corner  Analyze    Analyze    
  Name    Max Paths  Min Paths  
  ------  ---------  ---------  
  Slow    Yes        Yes        
  Fast    Yes        Yes        


------------------------------------------------------------------------------------------------
| Report Methodology
| ------------------
------------------------------------------------------------------------------------------------

Rule       Severity          Description                    Violations  
---------  ----------------  -----------------------------  ----------  
TIMING-17  Critical Warning  Non-clocked sequential cell    15          
TIMING-18  Warning           Missing input or output delay  16          

Note: This report is based on the most recent report_methodology run and may not be up-to-date. Run report_methodology on the current design for the latest report.



check_timing report

Table of Contents
-----------------
1. checking no_clock (15)
2. checking constant_clock (0)
3. checking pulse_width_clock (0)
4. checking unconstrained_internal_endpoints (38)
5. checking no_input_delay (1)
6. checking no_output_delay (15)
7. checking multiple_clock (0)
8. checking generated_clocks (0)
9. checking loops (0)
10. checking partial_input_delay (0)
11. checking partial_output_delay (0)
12. checking latch_loops (0)

1. checking no_clock (15)
-------------------------
 There are 15 register/latch pins with no clock driven by root clock pin: clkdiv/ClkOut_reg/Q (HIGH)


2. checking constant_clock (0)
------------------------------
 There are 0 register/latch pins with constant_clock.


3. checking pulse_width_clock (0)
---------------------------------
 There are 0 register/latch pins which need pulse_width check


4. checking unconstrained_internal_endpoints (38)
-------------------------------------------------
 There are 38 pins that are not constrained for maximum delay. (HIGH)

 There are 0 pins that are not constrained for maximum delay due to constant clock.


5. checking no_input_delay (1)
------------------------------
 There is 1 input port with no input delay specified. (HIGH)

 There are 0 input ports with no input delay but user has a false path constraint.


6. checking no_output_delay (15)
--------------------------------
 There are 15 ports with no output delay specified. (HIGH)

 There are 0 ports with no output delay but user has a false path constraint

 There are 0 ports with no output delay but with a timing clock defined on it or propagating through it


7. checking multiple_clock (0)
------------------------------
 There are 0 register/latch pins with multiple clocks.


8. checking generated_clocks (0)
--------------------------------
 There are 0 generated clocks that are not connected to a clock source.


9. checking loops (0)
---------------------
 There are 0 combinational loops in the design.


10. checking partial_input_delay (0)
------------------------------------
 There are 0 input ports with partial input delay specified.


11. checking partial_output_delay (0)
-------------------------------------
 There are 0 ports with partial output delay specified.


12. checking latch_loops (0)
----------------------------
 There are 0 combinational latch loops in the design through latch input



------------------------------------------------------------------------------------------------
| Design Timing Summary
| ---------------------
------------------------------------------------------------------------------------------------

    WNS(ns)      TNS(ns)  TNS Failing Endpoints  TNS Total Endpoints      WHS(ns)      THS(ns)  THS Failing Endpoints  THS Total Endpoints     WPWS(ns)     TPWS(ns)  TPWS Failing Endpoints  TPWS Total Endpoints  
    -------      -------  ---------------------  -------------------      -------      -------  ---------------------  -------------------     --------     --------  ----------------------  --------------------  
      4.828        0.000                      0                   73        0.251        0.000                      0                   73        4.500        0.000                       0                    48  


All user specified timing constraints are met.


------------------------------------------------------------------------------------------------
| Clock Summary
| -------------
------------------------------------------------------------------------------------------------

Clock  Waveform(ns)       Period(ns)      Frequency(MHz)
-----  ------------       ----------      --------------
Clk    {0.000 5.000}      10.000          100.000         


------------------------------------------------------------------------------------------------
| Intra Clock Table
| -----------------
------------------------------------------------------------------------------------------------

Clock             WNS(ns)      TNS(ns)  TNS Failing Endpoints  TNS Total Endpoints      WHS(ns)      THS(ns)  THS Failing Endpoints  THS Total Endpoints     WPWS(ns)     TPWS(ns)  TPWS Failing Endpoints  TPWS Total Endpoints  
-----             -------      -------  ---------------------  -------------------      -------      -------  ---------------------  -------------------     --------     --------  ----------------------  --------------------  
Clk                 4.828        0.000                      0                   73        0.251        0.000                      0                   73        4.500        0.000                       0                    48  


------------------------------------------------------------------------------------------------
| Inter Clock Table
| -----------------
------------------------------------------------------------------------------------------------

From Clock    To Clock          WNS(ns)      TNS(ns)  TNS Failing Endpoints  TNS Total Endpoints      WHS(ns)      THS(ns)  THS Failing Endpoints  THS Total Endpoints  
----------    --------          -------      -------  ---------------------  -------------------      -------      -------  ---------------------  -------------------  


------------------------------------------------------------------------------------------------
| Other Path Groups Table
| -----------------------
------------------------------------------------------------------------------------------------

Path Group    From Clock    To Clock          WNS(ns)      TNS(ns)  TNS Failing Endpoints  TNS Total Endpoints      WHS(ns)      THS(ns)  THS Failing Endpoints  THS Total Endpoints  
----------    ----------    --------          -------      -------  ---------------------  -------------------      -------      -------  ---------------------  -------------------  


------------------------------------------------------------------------------------------------
| User Ignored Path Table
| -----------------------
------------------------------------------------------------------------------------------------

Path Group    From Clock    To Clock    
----------    ----------    --------    


------------------------------------------------------------------------------------------------
| Unconstrained Path Table
| ------------------------
------------------------------------------------------------------------------------------------

Path Group    From Clock    To Clock    
----------    ----------    --------    
(none)                                    
(none)        Clk                         
(none)                      Clk           


------------------------------------------------------------------------------------------------
| Timing Details
| --------------
------------------------------------------------------------------------------------------------


---------------------------------------------------------------------------------------------------
From Clock:  Clk
  To Clock:  Clk

Setup :            0  Failing Endpoints,  Worst Slack        4.828ns,  Total Violation        0.000ns
Hold  :            0  Failing Endpoints,  Worst Slack        0.251ns,  Total Violation        0.000ns
PW    :            0  Failing Endpoints,  Worst Slack        4.500ns,  Total Violation        0.000ns
---------------------------------------------------------------------------------------------------


Max Delay Paths
--------------------------------------------------------------------------------------
Slack (MET) :             4.828ns  (required time - arrival time)
  Source:                 clkdiv/DivCnt_reg[19]/C
                            (rising edge-triggered cell FDRE clocked by Clk  {rise@0.000ns fall@5.000ns period=10.000ns})
  Destination:            clkdiv/DivCnt_reg[24]/R
                            (rising edge-triggered cell FDRE clocked by Clk  {rise@0.000ns fall@5.000ns period=10.000ns})
  Path Group:             Clk
  Path Type:              Setup (Max at Slow Process Corner)
  Requirement:            10.000ns  (Clk rise@10.000ns - Clk rise@0.000ns)
  Data Path Delay:        4.692ns  (logic 0.853ns (18.181%)  route 3.839ns (81.819%))
  Logic Levels:           4  (LUT2=1 LUT6=3)
  Clock Path Skew:        -0.022ns (DCD - SCD + CPR)
    Destination Clock Delay (DCD):    4.390ns = ( 14.390 - 10.000 ) 
    Source Clock Delay      (SCD):    4.653ns
    Clock Pessimism Removal (CPR):    0.242ns
  Clock Uncertainty:      0.035ns  ((TSJ^2 + TIJ^2)^1/2 + DJ) / 2 + PE
    Total System Jitter     (TSJ):    0.071ns
    Total Input Jitter      (TIJ):    0.000ns
    Discrete Jitter          (DJ):    0.000ns
    Phase Error              (PE):    0.000ns

    Location             Delay type                Incr(ns)  Path(ns)    Netlist Resource(s)
  -------------------------------------------------------------------    -------------------
                         (clock Clk rise edge)        0.000     0.000 r  
    E3                                                0.000     0.000 r  Clk (IN)
                         net (fo=0)                   0.000     0.000    Clk
    E3                   IBUF (Prop_ibuf_I_O)         1.413     1.413 r  Clk_IBUF_inst/O
                         net (fo=1, routed)           1.717     3.130    Clk_IBUF
    BUFGCTRL_X0Y16       BUFG (Prop_bufg_I_O)         0.081     3.211 r  Clk_IBUF_BUFG_inst/O
                         net (fo=47, routed)          1.443     4.653    clkdiv/Clk_IBUF_BUFG
    SLICE_X6Y78          FDRE                                         r  clkdiv/DivCnt_reg[19]/C
  -------------------------------------------------------------------    -------------------
    SLICE_X6Y78          FDRE (Prop_fdre_C_Q)         0.433     5.086 r  clkdiv/DivCnt_reg[19]/Q
                         net (fo=2, routed)           0.799     5.886    clkdiv/DivCnt_reg[19]
    SLICE_X7Y79          LUT6 (Prop_lut6_I3_O)        0.105     5.991 r  clkdiv/DivCnt[0]_i_8/O
                         net (fo=1, routed)           0.794     6.784    clkdiv/DivCnt[0]_i_8_n_0
    SLICE_X7Y75          LUT6 (Prop_lut6_I5_O)        0.105     6.889 r  clkdiv/DivCnt[0]_i_5/O
                         net (fo=1, routed)           0.204     7.093    clkdiv/DivCnt[0]_i_5_n_0
    SLICE_X7Y75          LUT6 (Prop_lut6_I0_O)        0.105     7.198 r  clkdiv/DivCnt[0]_i_3/O
                         net (fo=2, routed)           0.857     8.055    clkdiv/ClkOut
    SLICE_X9Y76          LUT2 (Prop_lut2_I1_O)        0.105     8.160 r  clkdiv/DivCnt[0]_i_1/O
                         net (fo=26, routed)          1.185     9.345    clkdiv/DivCnt[0]_i_1_n_0
    SLICE_X6Y80          FDRE                                         r  clkdiv/DivCnt_reg[24]/R
  -------------------------------------------------------------------    -------------------

                         (clock Clk rise edge)       10.000    10.000 r  
    E3                                                0.000    10.000 r  Clk (IN)
                         net (fo=0)                   0.000    10.000    Clk
    E3                   IBUF (Prop_ibuf_I_O)         1.347    11.347 r  Clk_IBUF_inst/O
                         net (fo=1, routed)           1.628    12.975    Clk_IBUF
    BUFGCTRL_X0Y16       BUFG (Prop_bufg_I_O)         0.077    13.052 r  Clk_IBUF_BUFG_inst/O
                         net (fo=47, routed)          1.338    14.390    clkdiv/Clk_IBUF_BUFG
    SLICE_X6Y80          FDRE                                         r  clkdiv/DivCnt_reg[24]/C
                         clock pessimism              0.242    14.631    
                         clock uncertainty           -0.035    14.596    
    SLICE_X6Y80          FDRE (Setup_fdre_C_R)       -0.423    14.173    clkdiv/DivCnt_reg[24]
  -------------------------------------------------------------------
                         required time                         14.173    
                         arrival time                          -9.345    
  -------------------------------------------------------------------
                         slack                                  4.828    

Slack (MET) :             4.828ns  (required time - arrival time)
  Source:                 clkdiv/DivCnt_reg[19]/C
                            (rising edge-triggered cell FDRE clocked by Clk  {rise@0.000ns fall@5.000ns period=10.000ns})
  Destination:            clkdiv/DivCnt_reg[25]/R
                            (rising edge-triggered cell FDRE clocked by Clk  {rise@0.000ns fall@5.000ns period=10.000ns})
  Path Group:             Clk
  Path Type:              Setup (Max at Slow Process Corner)
  Requirement:            10.000ns  (Clk rise@10.000ns - Clk rise@0.000ns)
  Data Path Delay:        4.692ns  (logic 0.853ns (18.181%)  route 3.839ns (81.819%))
  Logic Levels:           4  (LUT2=1 LUT6=3)
  Clock Path Skew:        -0.022ns (DCD - SCD + CPR)
    Destination Clock Delay (DCD):    4.390ns = ( 14.390 - 10.000 ) 
    Source Clock Delay      (SCD):    4.653ns
    Clock Pessimism Removal (CPR):    0.242ns
  Clock Uncertainty:      0.035ns  ((TSJ^2 + TIJ^2)^1/2 + DJ) / 2 + PE
    Total System Jitter     (TSJ):    0.071ns
    Total Input Jitter      (TIJ):    0.000ns
    Discrete Jitter          (DJ):    0.000ns
    Phase Error              (PE):    0.000ns

    Location             Delay type                Incr(ns)  Path(ns)    Netlist Resource(s)
  -------------------------------------------------------------------    -------------------
                         (clock Clk rise edge)        0.000     0.000 r  
    E3                                                0.000     0.000 r  Clk (IN)
                         net (fo=0)                   0.000     0.000    Clk
    E3                   IBUF (Prop_ibuf_I_O)         1.413     1.413 r  Clk_IBUF_inst/O
                         net (fo=1, routed)           1.717     3.130    Clk_IBUF
    BUFGCTRL_X0Y16       BUFG (Prop_bufg_I_O)         0.081     3.211 r  Clk_IBUF_BUFG_inst/O
                         net (fo=47, routed)          1.443     4.653    clkdiv/Clk_IBUF_BUFG
    SLICE_X6Y78          FDRE                                         r  clkdiv/DivCnt_reg[19]/C
  -------------------------------------------------------------------    -------------------
    SLICE_X6Y78          FDRE (Prop_fdre_C_Q)         0.433     5.086 r  clkdiv/DivCnt_reg[19]/Q
                         net (fo=2, routed)           0.799     5.886    clkdiv/DivCnt_reg[19]
    SLICE_X7Y79          LUT6 (Prop_lut6_I3_O)        0.105     5.991 r  clkdiv/DivCnt[0]_i_8/O
                         net (fo=1, routed)           0.794     6.784    clkdiv/DivCnt[0]_i_8_n_0
    SLICE_X7Y75          LUT6 (Prop_lut6_I5_O)        0.105     6.889 r  clkdiv/DivCnt[0]_i_5/O
                         net (fo=1, routed)           0.204     7.093    clkdiv/DivCnt[0]_i_5_n_0
    SLICE_X7Y75          LUT6 (Prop_lut6_I0_O)        0.105     7.198 r  clkdiv/DivCnt[0]_i_3/O
                         net (fo=2, routed)           0.857     8.055    clkdiv/ClkOut
    SLICE_X9Y76          LUT2 (Prop_lut2_I1_O)        0.105     8.160 r  clkdiv/DivCnt[0]_i_1/O
                         net (fo=26, routed)          1.185     9.345    clkdiv/DivCnt[0]_i_1_n_0
    SLICE_X6Y80          FDRE                                         r  clkdiv/DivCnt_reg[25]/R
  -------------------------------------------------------------------    -------------------

                         (clock Clk rise edge)       10.000    10.000 r  
    E3                                                0.000    10.000 r  Clk (IN)
                         net (fo=0)                   0.000    10.000    Clk
    E3                   IBUF (Prop_ibuf_I_O)         1.347    11.347 r  Clk_IBUF_inst/O
                         net (fo=1, routed)           1.628    12.975    Clk_IBUF
    BUFGCTRL_X0Y16       BUFG (Prop_bufg_I_O)         0.077    13.052 r  Clk_IBUF_BUFG_inst/O
                         net (fo=47, routed)          1.338    14.390    clkdiv/Clk_IBUF_BUFG
    SLICE_X6Y80          FDRE                                         r  clkdiv/DivCnt_reg[25]/C
                         clock pessimism              0.242    14.631    
                         clock uncertainty           -0.035    14.596    
    SLICE_X6Y80          FDRE (Setup_fdre_C_R)       -0.423    14.173    clkdiv/DivCnt_reg[25]
  -------------------------------------------------------------------
                         required time                         14.173    
                         arrival time                          -9.345    
  -------------------------------------------------------------------
                         slack                                  4.828    

Slack (MET) :             4.935ns  (required time - arrival time)
  Source:                 clkdiv/DivCnt_reg[19]/C
                            (rising edge-triggered cell FDRE clocked by Clk  {rise@0.000ns fall@5.000ns period=10.000ns})
  Destination:            clkdiv/DivCnt_reg[20]/R
                            (rising edge-triggered cell FDRE clocked by Clk  {rise@0.000ns fall@5.000ns period=10.000ns})
  Path Group:             Clk
  Path Type:              Setup (Max at Slow Process Corner)
  Requirement:            10.000ns  (Clk rise@10.000ns - Clk rise@0.000ns)
  Data Path Delay:        4.583ns  (logic 0.853ns (18.611%)  route 3.730ns (81.389%))
  Logic Levels:           4  (LUT2=1 LUT6=3)
  Clock Path Skew:        -0.023ns (DCD - SCD + CPR)
    Destination Clock Delay (DCD):    4.389ns = ( 14.389 - 10.000 ) 
    Source Clock Delay      (SCD):    4.653ns
    Clock Pessimism Removal (CPR):    0.242ns
  Clock Uncertainty:      0.035ns  ((TSJ^2 + TIJ^2)^1/2 + DJ) / 2 + PE
    Total System Jitter     (TSJ):    0.071ns
    Total Input Jitter      (TIJ):    0.000ns
    Discrete Jitter          (DJ):    0.000ns
    Phase Error              (PE):    0.000ns

    Location             Delay type                Incr(ns)  Path(ns)    Netlist Resource(s)
  -------------------------------------------------------------------    -------------------
                         (clock Clk rise edge)        0.000     0.000 r  
    E3                                                0.000     0.000 r  Clk (IN)
                         net (fo=0)                   0.000     0.000    Clk
    E3                   IBUF (Prop_ibuf_I_O)         1.413     1.413 r  Clk_IBUF_inst/O
                         net (fo=1, routed)           1.717     3.130    Clk_IBUF
    BUFGCTRL_X0Y16       BUFG (Prop_bufg_I_O)         0.081     3.211 r  Clk_IBUF_BUFG_inst/O
                         net (fo=47, routed)          1.443     4.653    clkdiv/Clk_IBUF_BUFG
    SLICE_X6Y78          FDRE                                         r  clkdiv/DivCnt_reg[19]/C
  -------------------------------------------------------------------    -------------------
    SLICE_X6Y78          FDRE (Prop_fdre_C_Q)         0.433     5.086 r  clkdiv/DivCnt_reg[19]/Q
                         net (fo=2, routed)           0.799     5.886    clkdiv/DivCnt_reg[19]
    SLICE_X7Y79          LUT6 (Prop_lut6_I3_O)        0.105     5.991 r  clkdiv/DivCnt[0]_i_8/O
                         net (fo=1, routed)           0.794     6.784    clkdiv/DivCnt[0]_i_8_n_0
    SLICE_X7Y75          LUT6 (Prop_lut6_I5_O)        0.105     6.889 r  clkdiv/DivCnt[0]_i_5/O
                         net (fo=1, routed)           0.204     7.093    clkdiv/DivCnt[0]_i_5_n_0
    SLICE_X7Y75          LUT6 (Prop_lut6_I0_O)        0.105     7.198 r  clkdiv/DivCnt[0]_i_3/O
                         net (fo=2, routed)           0.857     8.055    clkdiv/ClkOut
    SLICE_X9Y76          LUT2 (Prop_lut2_I1_O)        0.105     8.160 r  clkdiv/DivCnt[0]_i_1/O
                         net (fo=26, routed)          1.076     9.237    clkdiv/DivCnt[0]_i_1_n_0
    SLICE_X6Y79          FDRE                                         r  clkdiv/DivCnt_reg[20]/R
  -------------------------------------------------------------------    -------------------

                         (clock Clk rise edge)       10.000    10.000 r  
    E3                                                0.000    10.000 r  Clk (IN)
                         net (fo=0)                   0.000    10.000    Clk
    E3                   IBUF (Prop_ibuf_I_O)         1.347    11.347 r  Clk_IBUF_inst/O
                         net (fo=1, routed)           1.628    12.975    Clk_IBUF
    BUFGCTRL_X0Y16       BUFG (Prop_bufg_I_O)         0.077    13.052 r  Clk_IBUF_BUFG_inst/O
                         net (fo=47, routed)          1.337    14.389    clkdiv/Clk_IBUF_BUFG
    SLICE_X6Y79          FDRE                                         r  clkdiv/DivCnt_reg[20]/C
                         clock pessimism              0.242    14.630    
                         clock uncertainty           -0.035    14.595    
    SLICE_X6Y79          FDRE (Setup_fdre_C_R)       -0.423    14.172    clkdiv/DivCnt_reg[20]
  -------------------------------------------------------------------
                         required time                         14.172    
                         arrival time                          -9.237    
  -------------------------------------------------------------------
                         slack                                  4.935    

Slack (MET) :             4.935ns  (required time - arrival time)
  Source:                 clkdiv/DivCnt_reg[19]/C
                            (rising edge-triggered cell FDRE clocked by Clk  {rise@0.000ns fall@5.000ns period=10.000ns})
  Destination:            clkdiv/DivCnt_reg[21]/R
                            (rising edge-triggered cell FDRE clocked by Clk  {rise@0.000ns fall@5.000ns period=10.000ns})
  Path Group:             Clk
  Path Type:              Setup (Max at Slow Process Corner)
  Requirement:            10.000ns  (Clk rise@10.000ns - Clk rise@0.000ns)
  Data Path Delay:        4.583ns  (logic 0.853ns (18.611%)  route 3.730ns (81.389%))
  Logic Levels:           4  (LUT2=1 LUT6=3)
  Clock Path Skew:        -0.023ns (DCD - SCD + CPR)
    Destination Clock Delay (DCD):    4.389ns = ( 14.389 - 10.000 ) 
    Source Clock Delay      (SCD):    4.653ns
    Clock Pessimism Removal (CPR):    0.242ns
  Clock Uncertainty:      0.035ns  ((TSJ^2 + TIJ^2)^1/2 + DJ) / 2 + PE
    Total System Jitter     (TSJ):    0.071ns
    Total Input Jitter      (TIJ):    0.000ns
    Discrete Jitter          (DJ):    0.000ns
    Phase Error              (PE):    0.000ns

    Location             Delay type                Incr(ns)  Path(ns)    Netlist Resource(s)
  -------------------------------------------------------------------    -------------------
                         (clock Clk rise edge)        0.000     0.000 r  
    E3                                                0.000     0.000 r  Clk (IN)
                         net (fo=0)                   0.000     0.000    Clk
    E3                   IBUF (Prop_ibuf_I_O)         1.413     1.413 r  Clk_IBUF_inst/O
                         net (fo=1, routed)           1.717     3.130    Clk_IBUF
    BUFGCTRL_X0Y16       BUFG (Prop_bufg_I_O)         0.081     3.211 r  Clk_IBUF_BUFG_inst/O
                         net (fo=47, routed)          1.443     4.653    clkdiv/Clk_IBUF_BUFG
    SLICE_X6Y78          FDRE                                         r  clkdiv/DivCnt_reg[19]/C
  -------------------------------------------------------------------    -------------------
    SLICE_X6Y78          FDRE (Prop_fdre_C_Q)         0.433     5.086 r  clkdiv/DivCnt_reg[19]/Q
                         net (fo=2, routed)           0.799     5.886    clkdiv/DivCnt_reg[19]
    SLICE_X7Y79          LUT6 (Prop_lut6_I3_O)        0.105     5.991 r  clkdiv/DivCnt[0]_i_8/O
                         net (fo=1, routed)           0.794     6.784    clkdiv/DivCnt[0]_i_8_n_0
    SLICE_X7Y75          LUT6 (Prop_lut6_I5_O)        0.105     6.889 r  clkdiv/DivCnt[0]_i_5/O
                         net (fo=1, routed)           0.204     7.093    clkdiv/DivCnt[0]_i_5_n_0
    SLICE_X7Y75          LUT6 (Prop_lut6_I0_O)        0.105     7.198 r  clkdiv/DivCnt[0]_i_3/O
                         net (fo=2, routed)           0.857     8.055    clkdiv/ClkOut
    SLICE_X9Y76          LUT2 (Prop_lut2_I1_O)        0.105     8.160 r  clkdiv/DivCnt[0]_i_1/O
                         net (fo=26, routed)          1.076     9.237    clkdiv/DivCnt[0]_i_1_n_0
    SLICE_X6Y79          FDRE                                         r  clkdiv/DivCnt_reg[21]/R
  -------------------------------------------------------------------    -------------------

                         (clock Clk rise edge)       10.000    10.000 r  
    E3                                                0.000    10.000 r  Clk (IN)
                         net (fo=0)                   0.000    10.000    Clk
    E3                   IBUF (Prop_ibuf_I_O)         1.347    11.347 r  Clk_IBUF_inst/O
                         net (fo=1, routed)           1.628    12.975    Clk_IBUF
    BUFGCTRL_X0Y16       BUFG (Prop_bufg_I_O)         0.077    13.052 r  Clk_IBUF_BUFG_inst/O
                         net (fo=47, routed)          1.337    14.389    clkdiv/Clk_IBUF_BUFG
    SLICE_X6Y79          FDRE                                         r  clkdiv/DivCnt_reg[21]/C
                         clock pessimism              0.242    14.630    
                         clock uncertainty           -0.035    14.595    
    SLICE_X6Y79          FDRE (Setup_fdre_C_R)       -0.423    14.172    clkdiv/DivCnt_reg[21]
  -------------------------------------------------------------------
                         required time                         14.172    
                         arrival time                          -9.237    
  -------------------------------------------------------------------
                         slack                                  4.935    

Slack (MET) :             4.935ns  (required time - arrival time)
  Source:                 clkdiv/DivCnt_reg[19]/C
                            (rising edge-triggered cell FDRE clocked by Clk  {rise@0.000ns fall@5.000ns period=10.000ns})
  Destination:            clkdiv/DivCnt_reg[22]/R
                            (rising edge-triggered cell FDRE clocked by Clk  {rise@0.000ns fall@5.000ns period=10.000ns})
  Path Group:             Clk
  Path Type:              Setup (Max at Slow Process Corner)
  Requirement:            10.000ns  (Clk rise@10.000ns - Clk rise@0.000ns)
  Data Path Delay:        4.583ns  (logic 0.853ns (18.611%)  route 3.730ns (81.389%))
  Logic Levels:           4  (LUT2=1 LUT6=3)
  Clock Path Skew:        -0.023ns (DCD - SCD + CPR)
    Destination Clock Delay (DCD):    4.389ns = ( 14.389 - 10.000 ) 
    Source Clock Delay      (SCD):    4.653ns
    Clock Pessimism Removal (CPR):    0.242ns
  Clock Uncertainty:      0.035ns  ((TSJ^2 + TIJ^2)^1/2 + DJ) / 2 + PE
    Total System Jitter     (TSJ):    0.071ns
    Total Input Jitter      (TIJ):    0.000ns
    Discrete Jitter          (DJ):    0.000ns
    Phase Error              (PE):    0.000ns

    Location             Delay type                Incr(ns)  Path(ns)    Netlist Resource(s)
  -------------------------------------------------------------------    -------------------
                         (clock Clk rise edge)        0.000     0.000 r  
    E3                                                0.000     0.000 r  Clk (IN)
                         net (fo=0)                   0.000     0.000    Clk
    E3                   IBUF (Prop_ibuf_I_O)         1.413     1.413 r  Clk_IBUF_inst/O
                         net (fo=1, routed)           1.717     3.130    Clk_IBUF
    BUFGCTRL_X0Y16       BUFG (Prop_bufg_I_O)         0.081     3.211 r  Clk_IBUF_BUFG_inst/O
                         net (fo=47, routed)          1.443     4.653    clkdiv/Clk_IBUF_BUFG
    SLICE_X6Y78          FDRE                                         r  clkdiv/DivCnt_reg[19]/C
  -------------------------------------------------------------------    -------------------
    SLICE_X6Y78          FDRE (Prop_fdre_C_Q)         0.433     5.086 r  clkdiv/DivCnt_reg[19]/Q
                         net (fo=2, routed)           0.799     5.886    clkdiv/DivCnt_reg[19]
    SLICE_X7Y79          LUT6 (Prop_lut6_I3_O)        0.105     5.991 r  clkdiv/DivCnt[0]_i_8/O
                         net (fo=1, routed)           0.794     6.784    clkdiv/DivCnt[0]_i_8_n_0
    SLICE_X7Y75          LUT6 (Prop_lut6_I5_O)        0.105     6.889 r  clkdiv/DivCnt[0]_i_5/O
                         net (fo=1, routed)           0.204     7.093    clkdiv/DivCnt[0]_i_5_n_0
    SLICE_X7Y75          LUT6 (Prop_lut6_I0_O)        0.105     7.198 r  clkdiv/DivCnt[0]_i_3/O
                         net (fo=2, routed)           0.857     8.055    clkdiv/ClkOut
    SLICE_X9Y76          LUT2 (Prop_lut2_I1_O)        0.105     8.160 r  clkdiv/DivCnt[0]_i_1/O
                         net (fo=26, routed)          1.076     9.237    clkdiv/DivCnt[0]_i_1_n_0
    SLICE_X6Y79          FDRE                                         r  clkdiv/DivCnt_reg[22]/R
  -------------------------------------------------------------------    -------------------

                         (clock Clk rise edge)       10.000    10.000 r  
    E3                                                0.000    10.000 r  Clk (IN)
                         net (fo=0)                   0.000    10.000    Clk
    E3                   IBUF (Prop_ibuf_I_O)         1.347    11.347 r  Clk_IBUF_inst/O
                         net (fo=1, routed)           1.628    12.975    Clk_IBUF
    BUFGCTRL_X0Y16       BUFG (Prop_bufg_I_O)         0.077    13.052 r  Clk_IBUF_BUFG_inst/O
                         net (fo=47, routed)          1.337    14.389    clkdiv/Clk_IBUF_BUFG
    SLICE_X6Y79          FDRE                                         r  clkdiv/DivCnt_reg[22]/C
                         clock pessimism              0.242    14.630    
                         clock uncertainty           -0.035    14.595    
    SLICE_X6Y79          FDRE (Setup_fdre_C_R)       -0.423    14.172    clkdiv/DivCnt_reg[22]
  -------------------------------------------------------------------
                         required time                         14.172    
                         arrival time                          -9.237    
  -------------------------------------------------------------------
                         slack                                  4.935    

Slack (MET) :             4.935ns  (required time - arrival time)
  Source:                 clkdiv/DivCnt_reg[19]/C
                            (rising edge-triggered cell FDRE clocked by Clk  {rise@0.000ns fall@5.000ns period=10.000ns})
  Destination:            clkdiv/DivCnt_reg[23]/R
                            (rising edge-triggered cell FDRE clocked by Clk  {rise@0.000ns fall@5.000ns period=10.000ns})
  Path Group:             Clk
  Path Type:              Setup (Max at Slow Process Corner)
  Requirement:            10.000ns  (Clk rise@10.000ns - Clk rise@0.000ns)
  Data Path Delay:        4.583ns  (logic 0.853ns (18.611%)  route 3.730ns (81.389%))
  Logic Levels:           4  (LUT2=1 LUT6=3)
  Clock Path Skew:        -0.023ns (DCD - SCD + CPR)
    Destination Clock Delay (DCD):    4.389ns = ( 14.389 - 10.000 ) 
    Source Clock Delay      (SCD):    4.653ns
    Clock Pessimism Removal (CPR):    0.242ns
  Clock Uncertainty:      0.035ns  ((TSJ^2 + TIJ^2)^1/2 + DJ) / 2 + PE
    Total System Jitter     (TSJ):    0.071ns
    Total Input Jitter      (TIJ):    0.000ns
    Discrete Jitter          (DJ):    0.000ns
    Phase Error              (PE):    0.000ns

    Location             Delay type                Incr(ns)  Path(ns)    Netlist Resource(s)
  -------------------------------------------------------------------    -------------------
                         (clock Clk rise edge)        0.000     0.000 r  
    E3                                                0.000     0.000 r  Clk (IN)
                         net (fo=0)                   0.000     0.000    Clk
    E3                   IBUF (Prop_ibuf_I_O)         1.413     1.413 r  Clk_IBUF_inst/O
                         net (fo=1, routed)           1.717     3.130    Clk_IBUF
    BUFGCTRL_X0Y16       BUFG (Prop_bufg_I_O)         0.081     3.211 r  Clk_IBUF_BUFG_inst/O
                         net (fo=47, routed)          1.443     4.653    clkdiv/Clk_IBUF_BUFG
    SLICE_X6Y78          FDRE                                         r  clkdiv/DivCnt_reg[19]/C
  -------------------------------------------------------------------    -------------------
    SLICE_X6Y78          FDRE (Prop_fdre_C_Q)         0.433     5.086 r  clkdiv/DivCnt_reg[19]/Q
                         net (fo=2, routed)           0.799     5.886    clkdiv/DivCnt_reg[19]
    SLICE_X7Y79          LUT6 (Prop_lut6_I3_O)        0.105     5.991 r  clkdiv/DivCnt[0]_i_8/O
                         net (fo=1, routed)           0.794     6.784    clkdiv/DivCnt[0]_i_8_n_0
    SLICE_X7Y75          LUT6 (Prop_lut6_I5_O)        0.105     6.889 r  clkdiv/DivCnt[0]_i_5/O
                         net (fo=1, routed)           0.204     7.093    clkdiv/DivCnt[0]_i_5_n_0
    SLICE_X7Y75          LUT6 (Prop_lut6_I0_O)        0.105     7.198 r  clkdiv/DivCnt[0]_i_3/O
                         net (fo=2, routed)           0.857     8.055    clkdiv/ClkOut
    SLICE_X9Y76          LUT2 (Prop_lut2_I1_O)        0.105     8.160 r  clkdiv/DivCnt[0]_i_1/O
                         net (fo=26, routed)          1.076     9.237    clkdiv/DivCnt[0]_i_1_n_0
    SLICE_X6Y79          FDRE                                         r  clkdiv/DivCnt_reg[23]/R
  -------------------------------------------------------------------    -------------------

                         (clock Clk rise edge)       10.000    10.000 r  
    E3                                                0.000    10.000 r  Clk (IN)
                         net (fo=0)                   0.000    10.000    Clk
    E3                   IBUF (Prop_ibuf_I_O)         1.347    11.347 r  Clk_IBUF_inst/O
                         net (fo=1, routed)           1.628    12.975    Clk_IBUF
    BUFGCTRL_X0Y16       BUFG (Prop_bufg_I_O)         0.077    13.052 r  Clk_IBUF_BUFG_inst/O
                         net (fo=47, routed)          1.337    14.389    clkdiv/Clk_IBUF_BUFG
    SLICE_X6Y79          FDRE                                         r  clkdiv/DivCnt_reg[23]/C
                         clock pessimism              0.242    14.630    
                         clock uncertainty           -0.035    14.595    
    SLICE_X6Y79          FDRE (Setup_fdre_C_R)       -0.423    14.172    clkdiv/DivCnt_reg[23]
  -------------------------------------------------------------------
                         required time                         14.172    
                         arrival time                          -9.237    
  -------------------------------------------------------------------
                         slack                                  4.935    

Slack (MET) :             5.017ns  (required time - arrival time)
  Source:                 clkdiv/DivCnt_reg[19]/C
                            (rising edge-triggered cell FDRE clocked by Clk  {rise@0.000ns fall@5.000ns period=10.000ns})
  Destination:            clkdiv/DivCnt_reg[0]/R
                            (rising edge-triggered cell FDRE clocked by Clk  {rise@0.000ns fall@5.000ns period=10.000ns})
  Path Group:             Clk
  Path Type:              Setup (Max at Slow Process Corner)
  Requirement:            10.000ns  (Clk rise@10.000ns - Clk rise@0.000ns)
  Data Path Delay:        4.481ns  (logic 0.853ns (19.037%)  route 3.628ns (80.963%))
  Logic Levels:           4  (LUT2=1 LUT6=3)
  Clock Path Skew:        -0.044ns (DCD - SCD + CPR)
    Destination Clock Delay (DCD):    4.384ns = ( 14.384 - 10.000 ) 
    Source Clock Delay      (SCD):    4.653ns
    Clock Pessimism Removal (CPR):    0.226ns
  Clock Uncertainty:      0.035ns  ((TSJ^2 + TIJ^2)^1/2 + DJ) / 2 + PE
    Total System Jitter     (TSJ):    0.071ns
    Total Input Jitter      (TIJ):    0.000ns
    Discrete Jitter          (DJ):    0.000ns
    Phase Error              (PE):    0.000ns

    Location             Delay type                Incr(ns)  Path(ns)    Netlist Resource(s)
  -------------------------------------------------------------------    -------------------
                         (clock Clk rise edge)        0.000     0.000 r  
    E3                                                0.000     0.000 r  Clk (IN)
                         net (fo=0)                   0.000     0.000    Clk
    E3                   IBUF (Prop_ibuf_I_O)         1.413     1.413 r  Clk_IBUF_inst/O
                         net (fo=1, routed)           1.717     3.130    Clk_IBUF
    BUFGCTRL_X0Y16       BUFG (Prop_bufg_I_O)         0.081     3.211 r  Clk_IBUF_BUFG_inst/O
                         net (fo=47, routed)          1.443     4.653    clkdiv/Clk_IBUF_BUFG
    SLICE_X6Y78          FDRE                                         r  clkdiv/DivCnt_reg[19]/C
  -------------------------------------------------------------------    -------------------
    SLICE_X6Y78          FDRE (Prop_fdre_C_Q)         0.433     5.086 r  clkdiv/DivCnt_reg[19]/Q
                         net (fo=2, routed)           0.799     5.886    clkdiv/DivCnt_reg[19]
    SLICE_X7Y79          LUT6 (Prop_lut6_I3_O)        0.105     5.991 r  clkdiv/DivCnt[0]_i_8/O
                         net (fo=1, routed)           0.794     6.784    clkdiv/DivCnt[0]_i_8_n_0
    SLICE_X7Y75          LUT6 (Prop_lut6_I5_O)        0.105     6.889 r  clkdiv/DivCnt[0]_i_5/O
                         net (fo=1, routed)           0.204     7.093    clkdiv/DivCnt[0]_i_5_n_0
    SLICE_X7Y75          LUT6 (Prop_lut6_I0_O)        0.105     7.198 r  clkdiv/DivCnt[0]_i_3/O
                         net (fo=2, routed)           0.857     8.055    clkdiv/ClkOut
    SLICE_X9Y76          LUT2 (Prop_lut2_I1_O)        0.105     8.160 r  clkdiv/DivCnt[0]_i_1/O
                         net (fo=26, routed)          0.974     9.134    clkdiv/DivCnt[0]_i_1_n_0
    SLICE_X6Y74          FDRE                                         r  clkdiv/DivCnt_reg[0]/R
  -------------------------------------------------------------------    -------------------

                         (clock Clk rise edge)       10.000    10.000 r  
    E3                                                0.000    10.000 r  Clk (IN)
                         net (fo=0)                   0.000    10.000    Clk
    E3                   IBUF (Prop_ibuf_I_O)         1.347    11.347 r  Clk_IBUF_inst/O
                         net (fo=1, routed)           1.628    12.975    Clk_IBUF
    BUFGCTRL_X0Y16       BUFG (Prop_bufg_I_O)         0.077    13.052 r  Clk_IBUF_BUFG_inst/O
                         net (fo=47, routed)          1.332    14.384    clkdiv/Clk_IBUF_BUFG
    SLICE_X6Y74          FDRE                                         r  clkdiv/DivCnt_reg[0]/C
                         clock pessimism              0.226    14.609    
                         clock uncertainty           -0.035    14.574    
    SLICE_X6Y74          FDRE (Setup_fdre_C_R)       -0.423    14.151    clkdiv/DivCnt_reg[0]
  -------------------------------------------------------------------
                         required time                         14.151    
                         arrival time                          -9.134    
  -------------------------------------------------------------------
                         slack                                  5.017    

Slack (MET) :             5.017ns  (required time - arrival time)
  Source:                 clkdiv/DivCnt_reg[19]/C
                            (rising edge-triggered cell FDRE clocked by Clk  {rise@0.000ns fall@5.000ns period=10.000ns})
  Destination:            clkdiv/DivCnt_reg[1]/R
                            (rising edge-triggered cell FDRE clocked by Clk  {rise@0.000ns fall@5.000ns period=10.000ns})
  Path Group:             Clk
  Path Type:              Setup (Max at Slow Process Corner)
  Requirement:            10.000ns  (Clk rise@10.000ns - Clk rise@0.000ns)
  Data Path Delay:        4.481ns  (logic 0.853ns (19.037%)  route 3.628ns (80.963%))
  Logic Levels:           4  (LUT2=1 LUT6=3)
  Clock Path Skew:        -0.044ns (DCD - SCD + CPR)
    Destination Clock Delay (DCD):    4.384ns = ( 14.384 - 10.000 ) 
    Source Clock Delay      (SCD):    4.653ns
    Clock Pessimism Removal (CPR):    0.226ns
  Clock Uncertainty:      0.035ns  ((TSJ^2 + TIJ^2)^1/2 + DJ) / 2 + PE
    Total System Jitter     (TSJ):    0.071ns
    Total Input Jitter      (TIJ):    0.000ns
    Discrete Jitter          (DJ):    0.000ns
    Phase Error              (PE):    0.000ns

    Location             Delay type                Incr(ns)  Path(ns)    Netlist Resource(s)
  -------------------------------------------------------------------    -------------------
                         (clock Clk rise edge)        0.000     0.000 r  
    E3                                                0.000     0.000 r  Clk (IN)
                         net (fo=0)                   0.000     0.000    Clk
    E3                   IBUF (Prop_ibuf_I_O)         1.413     1.413 r  Clk_IBUF_inst/O
                         net (fo=1, routed)           1.717     3.130    Clk_IBUF
    BUFGCTRL_X0Y16       BUFG (Prop_bufg_I_O)         0.081     3.211 r  Clk_IBUF_BUFG_inst/O
                         net (fo=47, routed)          1.443     4.653    clkdiv/Clk_IBUF_BUFG
    SLICE_X6Y78          FDRE                                         r  clkdiv/DivCnt_reg[19]/C
  -------------------------------------------------------------------    -------------------
    SLICE_X6Y78          FDRE (Prop_fdre_C_Q)         0.433     5.086 r  clkdiv/DivCnt_reg[19]/Q
                         net (fo=2, routed)           0.799     5.886    clkdiv/DivCnt_reg[19]
    SLICE_X7Y79          LUT6 (Prop_lut6_I3_O)        0.105     5.991 r  clkdiv/DivCnt[0]_i_8/O
                         net (fo=1, routed)           0.794     6.784    clkdiv/DivCnt[0]_i_8_n_0
    SLICE_X7Y75          LUT6 (Prop_lut6_I5_O)        0.105     6.889 r  clkdiv/DivCnt[0]_i_5/O
                         net (fo=1, routed)           0.204     7.093    clkdiv/DivCnt[0]_i_5_n_0
    SLICE_X7Y75          LUT6 (Prop_lut6_I0_O)        0.105     7.198 r  clkdiv/DivCnt[0]_i_3/O
                         net (fo=2, routed)           0.857     8.055    clkdiv/ClkOut
    SLICE_X9Y76          LUT2 (Prop_lut2_I1_O)        0.105     8.160 r  clkdiv/DivCnt[0]_i_1/O
                         net (fo=26, routed)          0.974     9.134    clkdiv/DivCnt[0]_i_1_n_0
    SLICE_X6Y74          FDRE                                         r  clkdiv/DivCnt_reg[1]/R
  -------------------------------------------------------------------    -------------------

                         (clock Clk rise edge)       10.000    10.000 r  
    E3                                                0.000    10.000 r  Clk (IN)
                         net (fo=0)                   0.000    10.000    Clk
    E3                   IBUF (Prop_ibuf_I_O)         1.347    11.347 r  Clk_IBUF_inst/O
                         net (fo=1, routed)           1.628    12.975    Clk_IBUF
    BUFGCTRL_X0Y16       BUFG (Prop_bufg_I_O)         0.077    13.052 r  Clk_IBUF_BUFG_inst/O
                         net (fo=47, routed)          1.332    14.384    clkdiv/Clk_IBUF_BUFG
    SLICE_X6Y74          FDRE                                         r  clkdiv/DivCnt_reg[1]/C
                         clock pessimism              0.226    14.609    
                         clock uncertainty           -0.035    14.574    
    SLICE_X6Y74          FDRE (Setup_fdre_C_R)       -0.423    14.151    clkdiv/DivCnt_reg[1]
  -------------------------------------------------------------------
                         required time                         14.151    
                         arrival time                          -9.134    
  -------------------------------------------------------------------
                         slack                                  5.017    

Slack (MET) :             5.017ns  (required time - arrival time)
  Source:                 clkdiv/DivCnt_reg[19]/C
                            (rising edge-triggered cell FDRE clocked by Clk  {rise@0.000ns fall@5.000ns period=10.000ns})
  Destination:            clkdiv/DivCnt_reg[2]/R
                            (rising edge-triggered cell FDRE clocked by Clk  {rise@0.000ns fall@5.000ns period=10.000ns})
  Path Group:             Clk
  Path Type:              Setup (Max at Slow Process Corner)
  Requirement:            10.000ns  (Clk rise@10.000ns - Clk rise@0.000ns)
  Data Path Delay:        4.481ns  (logic 0.853ns (19.037%)  route 3.628ns (80.963%))
  Logic Levels:           4  (LUT2=1 LUT6=3)
  Clock Path Skew:        -0.044ns (DCD - SCD + CPR)
    Destination Clock Delay (DCD):    4.384ns = ( 14.384 - 10.000 ) 
    Source Clock Delay      (SCD):    4.653ns
    Clock Pessimism Removal (CPR):    0.226ns
  Clock Uncertainty:      0.035ns  ((TSJ^2 + TIJ^2)^1/2 + DJ) / 2 + PE
    Total System Jitter     (TSJ):    0.071ns
    Total Input Jitter      (TIJ):    0.000ns
    Discrete Jitter          (DJ):    0.000ns
    Phase Error              (PE):    0.000ns

    Location             Delay type                Incr(ns)  Path(ns)    Netlist Resource(s)
  -------------------------------------------------------------------    -------------------
                         (clock Clk rise edge)        0.000     0.000 r  
    E3                                                0.000     0.000 r  Clk (IN)
                         net (fo=0)                   0.000     0.000    Clk
    E3                   IBUF (Prop_ibuf_I_O)         1.413     1.413 r  Clk_IBUF_inst/O
                         net (fo=1, routed)           1.717     3.130    Clk_IBUF
    BUFGCTRL_X0Y16       BUFG (Prop_bufg_I_O)         0.081     3.211 r  Clk_IBUF_BUFG_inst/O
                         net (fo=47, routed)          1.443     4.653    clkdiv/Clk_IBUF_BUFG
    SLICE_X6Y78          FDRE                                         r  clkdiv/DivCnt_reg[19]/C
  -------------------------------------------------------------------    -------------------
    SLICE_X6Y78          FDRE (Prop_fdre_C_Q)         0.433     5.086 r  clkdiv/DivCnt_reg[19]/Q
                         net (fo=2, routed)           0.799     5.886    clkdiv/DivCnt_reg[19]
    SLICE_X7Y79          LUT6 (Prop_lut6_I3_O)        0.105     5.991 r  clkdiv/DivCnt[0]_i_8/O
                         net (fo=1, routed)           0.794     6.784    clkdiv/DivCnt[0]_i_8_n_0
    SLICE_X7Y75          LUT6 (Prop_lut6_I5_O)        0.105     6.889 r  clkdiv/DivCnt[0]_i_5/O
                         net (fo=1, routed)           0.204     7.093    clkdiv/DivCnt[0]_i_5_n_0
    SLICE_X7Y75          LUT6 (Prop_lut6_I0_O)        0.105     7.198 r  clkdiv/DivCnt[0]_i_3/O
                         net (fo=2, routed)           0.857     8.055    clkdiv/ClkOut
    SLICE_X9Y76          LUT2 (Prop_lut2_I1_O)        0.105     8.160 r  clkdiv/DivCnt[0]_i_1/O
                         net (fo=26, routed)          0.974     9.134    clkdiv/DivCnt[0]_i_1_n_0
    SLICE_X6Y74          FDRE                                         r  clkdiv/DivCnt_reg[2]/R
  -------------------------------------------------------------------    -------------------

                         (clock Clk rise edge)       10.000    10.000 r  
    E3                                                0.000    10.000 r  Clk (IN)
                         net (fo=0)                   0.000    10.000    Clk
    E3                   IBUF (Prop_ibuf_I_O)         1.347    11.347 r  Clk_IBUF_inst/O
                         net (fo=1, routed)           1.628    12.975    Clk_IBUF
    BUFGCTRL_X0Y16       BUFG (Prop_bufg_I_O)         0.077    13.052 r  Clk_IBUF_BUFG_inst/O
                         net (fo=47, routed)          1.332    14.384    clkdiv/Clk_IBUF_BUFG
    SLICE_X6Y74          FDRE                                         r  clkdiv/DivCnt_reg[2]/C
                         clock pessimism              0.226    14.609    
                         clock uncertainty           -0.035    14.574    
    SLICE_X6Y74          FDRE (Setup_fdre_C_R)       -0.423    14.151    clkdiv/DivCnt_reg[2]
  -------------------------------------------------------------------
                         required time                         14.151    
                         arrival time                          -9.134    
  -------------------------------------------------------------------
                         slack                                  5.017    

Slack (MET) :             5.017ns  (required time - arrival time)
  Source:                 clkdiv/DivCnt_reg[19]/C
                            (rising edge-triggered cell FDRE clocked by Clk  {rise@0.000ns fall@5.000ns period=10.000ns})
  Destination:            clkdiv/DivCnt_reg[3]/R
                            (rising edge-triggered cell FDRE clocked by Clk  {rise@0.000ns fall@5.000ns period=10.000ns})
  Path Group:             Clk
  Path Type:              Setup (Max at Slow Process Corner)
  Requirement:            10.000ns  (Clk rise@10.000ns - Clk rise@0.000ns)
  Data Path Delay:        4.481ns  (logic 0.853ns (19.037%)  route 3.628ns (80.963%))
  Logic Levels:           4  (LUT2=1 LUT6=3)
  Clock Path Skew:        -0.044ns (DCD - SCD + CPR)
    Destination Clock Delay (DCD):    4.384ns = ( 14.384 - 10.000 ) 
    Source Clock Delay      (SCD):    4.653ns
    Clock Pessimism Removal (CPR):    0.226ns
  Clock Uncertainty:      0.035ns  ((TSJ^2 + TIJ^2)^1/2 + DJ) / 2 + PE
    Total System Jitter     (TSJ):    0.071ns
    Total Input Jitter      (TIJ):    0.000ns
    Discrete Jitter          (DJ):    0.000ns
    Phase Error              (PE):    0.000ns

    Location             Delay type                Incr(ns)  Path(ns)    Netlist Resource(s)
  -------------------------------------------------------------------    -------------------
                         (clock Clk rise edge)        0.000     0.000 r  
    E3                                                0.000     0.000 r  Clk (IN)
                         net (fo=0)                   0.000     0.000    Clk
    E3                   IBUF (Prop_ibuf_I_O)         1.413     1.413 r  Clk_IBUF_inst/O
                         net (fo=1, routed)           1.717     3.130    Clk_IBUF
    BUFGCTRL_X0Y16       BUFG (Prop_bufg_I_O)         0.081     3.211 r  Clk_IBUF_BUFG_inst/O
                         net (fo=47, routed)          1.443     4.653    clkdiv/Clk_IBUF_BUFG
    SLICE_X6Y78          FDRE                                         r  clkdiv/DivCnt_reg[19]/C
  -------------------------------------------------------------------    -------------------
    SLICE_X6Y78          FDRE (Prop_fdre_C_Q)         0.433     5.086 r  clkdiv/DivCnt_reg[19]/Q
                         net (fo=2, routed)           0.799     5.886    clkdiv/DivCnt_reg[19]
    SLICE_X7Y79          LUT6 (Prop_lut6_I3_O)        0.105     5.991 r  clkdiv/DivCnt[0]_i_8/O
                         net (fo=1, routed)           0.794     6.784    clkdiv/DivCnt[0]_i_8_n_0
    SLICE_X7Y75          LUT6 (Prop_lut6_I5_O)        0.105     6.889 r  clkdiv/DivCnt[0]_i_5/O
                         net (fo=1, routed)           0.204     7.093    clkdiv/DivCnt[0]_i_5_n_0
    SLICE_X7Y75          LUT6 (Prop_lut6_I0_O)        0.105     7.198 r  clkdiv/DivCnt[0]_i_3/O
                         net (fo=2, routed)           0.857     8.055    clkdiv/ClkOut
    SLICE_X9Y76          LUT2 (Prop_lut2_I1_O)        0.105     8.160 r  clkdiv/DivCnt[0]_i_1/O
                         net (fo=26, routed)          0.974     9.134    clkdiv/DivCnt[0]_i_1_n_0
    SLICE_X6Y74          FDRE                                         r  clkdiv/DivCnt_reg[3]/R
  -------------------------------------------------------------------    -------------------

                         (clock Clk rise edge)       10.000    10.000 r  
    E3                                                0.000    10.000 r  Clk (IN)
                         net (fo=0)                   0.000    10.000    Clk
    E3                   IBUF (Prop_ibuf_I_O)         1.347    11.347 r  Clk_IBUF_inst/O
                         net (fo=1, routed)           1.628    12.975    Clk_IBUF
    BUFGCTRL_X0Y16       BUFG (Prop_bufg_I_O)         0.077    13.052 r  Clk_IBUF_BUFG_inst/O
                         net (fo=47, routed)          1.332    14.384    clkdiv/Clk_IBUF_BUFG
    SLICE_X6Y74          FDRE                                         r  clkdiv/DivCnt_reg[3]/C
                         clock pessimism              0.226    14.609    
                         clock uncertainty           -0.035    14.574    
    SLICE_X6Y74          FDRE (Setup_fdre_C_R)       -0.423    14.151    clkdiv/DivCnt_reg[3]
  -------------------------------------------------------------------
                         required time                         14.151    
                         arrival time                          -9.134    
  -------------------------------------------------------------------
                         slack                                  5.017    





Min Delay Paths
--------------------------------------------------------------------------------------
Slack (MET) :             0.251ns  (arrival time - required time)
  Source:                 disp/cnt_reg[3]/C
                            (rising edge-triggered cell FDRE clocked by Clk  {rise@0.000ns fall@5.000ns period=10.000ns})
  Destination:            disp/cnt_reg[3]/D
                            (rising edge-triggered cell FDRE clocked by Clk  {rise@0.000ns fall@5.000ns period=10.000ns})
  Path Group:             Clk
  Path Type:              Hold (Min at Fast Process Corner)
  Requirement:            0.000ns  (Clk rise@0.000ns - Clk rise@0.000ns)
  Data Path Delay:        0.356ns  (logic 0.249ns (70.029%)  route 0.107ns (29.971%))
  Logic Levels:           1  (CARRY4=1)
  Clock Path Skew:        0.000ns (DCD - SCD - CPR)
    Destination Clock Delay (DCD):    2.000ns
    Source Clock Delay      (SCD):    1.485ns
    Clock Pessimism Removal (CPR):    0.514ns

    Location             Delay type                Incr(ns)  Path(ns)    Netlist Resource(s)
  -------------------------------------------------------------------    -------------------
                         (clock Clk rise edge)        0.000     0.000 r  
    E3                                                0.000     0.000 r  Clk (IN)
                         net (fo=0)                   0.000     0.000    Clk
    E3                   IBUF (Prop_ibuf_I_O)         0.250     0.250 r  Clk_IBUF_inst/O
                         net (fo=1, routed)           0.644     0.894    Clk_IBUF
    BUFGCTRL_X0Y16       BUFG (Prop_bufg_I_O)         0.026     0.920 r  Clk_IBUF_BUFG_inst/O
                         net (fo=47, routed)          0.566     1.485    disp/Clk_IBUF_BUFG
    SLICE_X9Y70          FDRE                                         r  disp/cnt_reg[3]/C
  -------------------------------------------------------------------    -------------------
    SLICE_X9Y70          FDRE (Prop_fdre_C_Q)         0.141     1.626 r  disp/cnt_reg[3]/Q
                         net (fo=1, routed)           0.107     1.733    disp/cnt_reg_n_0_[3]
    SLICE_X9Y70          CARRY4 (Prop_carry4_S[3]_O[3])
                                                      0.108     1.841 r  disp/cnt_reg[0]_i_1/O[3]
                         net (fo=1, routed)           0.000     1.841    disp/cnt_reg[0]_i_1_n_4
    SLICE_X9Y70          FDRE                                         r  disp/cnt_reg[3]/D
  -------------------------------------------------------------------    -------------------

                         (clock Clk rise edge)        0.000     0.000 r  
    E3                                                0.000     0.000 r  Clk (IN)
                         net (fo=0)                   0.000     0.000    Clk
    E3                   IBUF (Prop_ibuf_I_O)         0.438     0.438 r  Clk_IBUF_inst/O
                         net (fo=1, routed)           0.699     1.136    Clk_IBUF
    BUFGCTRL_X0Y16       BUFG (Prop_bufg_I_O)         0.029     1.165 r  Clk_IBUF_BUFG_inst/O
                         net (fo=47, routed)          0.835     2.000    disp/Clk_IBUF_BUFG
    SLICE_X9Y70          FDRE                                         r  disp/cnt_reg[3]/C
                         clock pessimism             -0.514     1.485    
    SLICE_X9Y70          FDRE (Hold_fdre_C_D)         0.105     1.590    disp/cnt_reg[3]
  -------------------------------------------------------------------
                         required time                         -1.590    
                         arrival time                           1.841    
  -------------------------------------------------------------------
                         slack                                  0.251    

Slack (MET) :             0.251ns  (arrival time - required time)
  Source:                 disp/cnt_reg[15]/C
                            (rising edge-triggered cell FDRE clocked by Clk  {rise@0.000ns fall@5.000ns period=10.000ns})
  Destination:            disp/cnt_reg[15]/D
                            (rising edge-triggered cell FDRE clocked by Clk  {rise@0.000ns fall@5.000ns period=10.000ns})
  Path Group:             Clk
  Path Type:              Hold (Min at Fast Process Corner)
  Requirement:            0.000ns  (Clk rise@0.000ns - Clk rise@0.000ns)
  Data Path Delay:        0.356ns  (logic 0.249ns (70.029%)  route 0.107ns (29.971%))
  Logic Levels:           1  (CARRY4=1)
  Clock Path Skew:        0.000ns (DCD - SCD - CPR)
    Destination Clock Delay (DCD):    1.996ns
    Source Clock Delay      (SCD):    1.482ns
    Clock Pessimism Removal (CPR):    0.513ns

    Location             Delay type                Incr(ns)  Path(ns)    Netlist Resource(s)
  -------------------------------------------------------------------    -------------------
                         (clock Clk rise edge)        0.000     0.000 r  
    E3                                                0.000     0.000 r  Clk (IN)
                         net (fo=0)                   0.000     0.000    Clk
    E3                   IBUF (Prop_ibuf_I_O)         0.250     0.250 r  Clk_IBUF_inst/O
                         net (fo=1, routed)           0.644     0.894    Clk_IBUF
    BUFGCTRL_X0Y16       BUFG (Prop_bufg_I_O)         0.026     0.920 r  Clk_IBUF_BUFG_inst/O
                         net (fo=47, routed)          0.563     1.482    disp/Clk_IBUF_BUFG
    SLICE_X9Y73          FDRE                                         r  disp/cnt_reg[15]/C
  -------------------------------------------------------------------    -------------------
    SLICE_X9Y73          FDRE (Prop_fdre_C_Q)         0.141     1.623 r  disp/cnt_reg[15]/Q
                         net (fo=1, routed)           0.107     1.730    disp/cnt_reg_n_0_[15]
    SLICE_X9Y73          CARRY4 (Prop_carry4_S[3]_O[3])
                                                      0.108     1.838 r  disp/cnt_reg[12]_i_1/O[3]
                         net (fo=1, routed)           0.000     1.838    disp/cnt_reg[12]_i_1_n_4
    SLICE_X9Y73          FDRE                                         r  disp/cnt_reg[15]/D
  -------------------------------------------------------------------    -------------------

                         (clock Clk rise edge)        0.000     0.000 r  
    E3                                                0.000     0.000 r  Clk (IN)
                         net (fo=0)                   0.000     0.000    Clk
    E3                   IBUF (Prop_ibuf_I_O)         0.438     0.438 r  Clk_IBUF_inst/O
                         net (fo=1, routed)           0.699     1.136    Clk_IBUF
    BUFGCTRL_X0Y16       BUFG (Prop_bufg_I_O)         0.029     1.165 r  Clk_IBUF_BUFG_inst/O
                         net (fo=47, routed)          0.831     1.996    disp/Clk_IBUF_BUFG
    SLICE_X9Y73          FDRE                                         r  disp/cnt_reg[15]/C
                         clock pessimism             -0.513     1.482    
    SLICE_X9Y73          FDRE (Hold_fdre_C_D)         0.105     1.587    disp/cnt_reg[15]
  -------------------------------------------------------------------
                         required time                         -1.587    
                         arrival time                           1.838    
  -------------------------------------------------------------------
                         slack                                  0.251    

Slack (MET) :             0.251ns  (arrival time - required time)
  Source:                 disp/cnt_reg[7]/C
                            (rising edge-triggered cell FDRE clocked by Clk  {rise@0.000ns fall@5.000ns period=10.000ns})
  Destination:            disp/cnt_reg[7]/D
                            (rising edge-triggered cell FDRE clocked by Clk  {rise@0.000ns fall@5.000ns period=10.000ns})
  Path Group:             Clk
  Path Type:              Hold (Min at Fast Process Corner)
  Requirement:            0.000ns  (Clk rise@0.000ns - Clk rise@0.000ns)
  Data Path Delay:        0.356ns  (logic 0.249ns (70.029%)  route 0.107ns (29.971%))
  Logic Levels:           1  (CARRY4=1)
  Clock Path Skew:        0.000ns (DCD - SCD - CPR)
    Destination Clock Delay (DCD):    1.999ns
    Source Clock Delay      (SCD):    1.484ns
    Clock Pessimism Removal (CPR):    0.514ns

    Location             Delay type                Incr(ns)  Path(ns)    Netlist Resource(s)
  -------------------------------------------------------------------    -------------------
                         (clock Clk rise edge)        0.000     0.000 r  
    E3                                                0.000     0.000 r  Clk (IN)
                         net (fo=0)                   0.000     0.000    Clk
    E3                   IBUF (Prop_ibuf_I_O)         0.250     0.250 r  Clk_IBUF_inst/O
                         net (fo=1, routed)           0.644     0.894    Clk_IBUF
    BUFGCTRL_X0Y16       BUFG (Prop_bufg_I_O)         0.026     0.920 r  Clk_IBUF_BUFG_inst/O
                         net (fo=47, routed)          0.565     1.484    disp/Clk_IBUF_BUFG
    SLICE_X9Y71          FDRE                                         r  disp/cnt_reg[7]/C
  -------------------------------------------------------------------    -------------------
    SLICE_X9Y71          FDRE (Prop_fdre_C_Q)         0.141     1.625 r  disp/cnt_reg[7]/Q
                         net (fo=1, routed)           0.107     1.732    disp/cnt_reg_n_0_[7]
    SLICE_X9Y71          CARRY4 (Prop_carry4_S[3]_O[3])
                                                      0.108     1.840 r  disp/cnt_reg[4]_i_1/O[3]
                         net (fo=1, routed)           0.000     1.840    disp/cnt_reg[4]_i_1_n_4
    SLICE_X9Y71          FDRE                                         r  disp/cnt_reg[7]/D
  -------------------------------------------------------------------    -------------------

                         (clock Clk rise edge)        0.000     0.000 r  
    E3                                                0.000     0.000 r  Clk (IN)
                         net (fo=0)                   0.000     0.000    Clk
    E3                   IBUF (Prop_ibuf_I_O)         0.438     0.438 r  Clk_IBUF_inst/O
                         net (fo=1, routed)           0.699     1.136    Clk_IBUF
    BUFGCTRL_X0Y16       BUFG (Prop_bufg_I_O)         0.029     1.165 r  Clk_IBUF_BUFG_inst/O
                         net (fo=47, routed)          0.834     1.999    disp/Clk_IBUF_BUFG
    SLICE_X9Y71          FDRE                                         r  disp/cnt_reg[7]/C
                         clock pessimism             -0.514     1.484    
    SLICE_X9Y71          FDRE (Hold_fdre_C_D)         0.105     1.589    disp/cnt_reg[7]
  -------------------------------------------------------------------
                         required time                         -1.589    
                         arrival time                           1.840    
  -------------------------------------------------------------------
                         slack                                  0.251    

Slack (MET) :             0.251ns  (arrival time - required time)
  Source:                 disp/cnt_reg[11]/C
                            (rising edge-triggered cell FDRE clocked by Clk  {rise@0.000ns fall@5.000ns period=10.000ns})
  Destination:            disp/cnt_reg[11]/D
                            (rising edge-triggered cell FDRE clocked by Clk  {rise@0.000ns fall@5.000ns period=10.000ns})
  Path Group:             Clk
  Path Type:              Hold (Min at Fast Process Corner)
  Requirement:            0.000ns  (Clk rise@0.000ns - Clk rise@0.000ns)
  Data Path Delay:        0.356ns  (logic 0.249ns (70.029%)  route 0.107ns (29.971%))
  Logic Levels:           1  (CARRY4=1)
  Clock Path Skew:        0.000ns (DCD - SCD - CPR)
    Destination Clock Delay (DCD):    1.998ns
    Source Clock Delay      (SCD):    1.484ns
    Clock Pessimism Removal (CPR):    0.513ns

    Location             Delay type                Incr(ns)  Path(ns)    Netlist Resource(s)
  -------------------------------------------------------------------    -------------------
                         (clock Clk rise edge)        0.000     0.000 r  
    E3                                                0.000     0.000 r  Clk (IN)
                         net (fo=0)                   0.000     0.000    Clk
    E3                   IBUF (Prop_ibuf_I_O)         0.250     0.250 r  Clk_IBUF_inst/O
                         net (fo=1, routed)           0.644     0.894    Clk_IBUF
    BUFGCTRL_X0Y16       BUFG (Prop_bufg_I_O)         0.026     0.920 r  Clk_IBUF_BUFG_inst/O
                         net (fo=47, routed)          0.565     1.484    disp/Clk_IBUF_BUFG
    SLICE_X9Y72          FDRE                                         r  disp/cnt_reg[11]/C
  -------------------------------------------------------------------    -------------------
    SLICE_X9Y72          FDRE (Prop_fdre_C_Q)         0.141     1.625 r  disp/cnt_reg[11]/Q
                         net (fo=1, routed)           0.107     1.732    disp/cnt_reg_n_0_[11]
    SLICE_X9Y72          CARRY4 (Prop_carry4_S[3]_O[3])
                                                      0.108     1.840 r  disp/cnt_reg[8]_i_1/O[3]
                         net (fo=1, routed)           0.000     1.840    disp/cnt_reg[8]_i_1_n_4
    SLICE_X9Y72          FDRE                                         r  disp/cnt_reg[11]/D
  -------------------------------------------------------------------    -------------------

                         (clock Clk rise edge)        0.000     0.000 r  
    E3                                                0.000     0.000 r  Clk (IN)
                         net (fo=0)                   0.000     0.000    Clk
    E3                   IBUF (Prop_ibuf_I_O)         0.438     0.438 r  Clk_IBUF_inst/O
                         net (fo=1, routed)           0.699     1.136    Clk_IBUF
    BUFGCTRL_X0Y16       BUFG (Prop_bufg_I_O)         0.029     1.165 r  Clk_IBUF_BUFG_inst/O
                         net (fo=47, routed)          0.833     1.998    disp/Clk_IBUF_BUFG
    SLICE_X9Y72          FDRE                                         r  disp/cnt_reg[11]/C
                         clock pessimism             -0.513     1.484    
    SLICE_X9Y72          FDRE (Hold_fdre_C_D)         0.105     1.589    disp/cnt_reg[11]
  -------------------------------------------------------------------
                         required time                         -1.589    
                         arrival time                           1.840    
  -------------------------------------------------------------------
                         slack                                  0.251    

Slack (MET) :             0.254ns  (arrival time - required time)
  Source:                 disp/cnt_reg[2]/C
                            (rising edge-triggered cell FDRE clocked by Clk  {rise@0.000ns fall@5.000ns period=10.000ns})
  Destination:            disp/cnt_reg[2]/D
                            (rising edge-triggered cell FDRE clocked by Clk  {rise@0.000ns fall@5.000ns period=10.000ns})
  Path Group:             Clk
  Path Type:              Hold (Min at Fast Process Corner)
  Requirement:            0.000ns  (Clk rise@0.000ns - Clk rise@0.000ns)
  Data Path Delay:        0.359ns  (logic 0.252ns (70.177%)  route 0.107ns (29.823%))
  Logic Levels:           1  (CARRY4=1)
  Clock Path Skew:        0.000ns (DCD - SCD - CPR)
    Destination Clock Delay (DCD):    2.000ns
    Source Clock Delay      (SCD):    1.485ns
    Clock Pessimism Removal (CPR):    0.514ns

    Location             Delay type                Incr(ns)  Path(ns)    Netlist Resource(s)
  -------------------------------------------------------------------    -------------------
                         (clock Clk rise edge)        0.000     0.000 r  
    E3                                                0.000     0.000 r  Clk (IN)
                         net (fo=0)                   0.000     0.000    Clk
    E3                   IBUF (Prop_ibuf_I_O)         0.250     0.250 r  Clk_IBUF_inst/O
                         net (fo=1, routed)           0.644     0.894    Clk_IBUF
    BUFGCTRL_X0Y16       BUFG (Prop_bufg_I_O)         0.026     0.920 r  Clk_IBUF_BUFG_inst/O
                         net (fo=47, routed)          0.566     1.485    disp/Clk_IBUF_BUFG
    SLICE_X9Y70          FDRE                                         r  disp/cnt_reg[2]/C
  -------------------------------------------------------------------    -------------------
    SLICE_X9Y70          FDRE (Prop_fdre_C_Q)         0.141     1.626 r  disp/cnt_reg[2]/Q
                         net (fo=1, routed)           0.107     1.733    disp/cnt_reg_n_0_[2]
    SLICE_X9Y70          CARRY4 (Prop_carry4_S[2]_O[2])
                                                      0.111     1.844 r  disp/cnt_reg[0]_i_1/O[2]
                         net (fo=1, routed)           0.000     1.844    disp/cnt_reg[0]_i_1_n_5
    SLICE_X9Y70          FDRE                                         r  disp/cnt_reg[2]/D
  -------------------------------------------------------------------    -------------------

                         (clock Clk rise edge)        0.000     0.000 r  
    E3                                                0.000     0.000 r  Clk (IN)
                         net (fo=0)                   0.000     0.000    Clk
    E3                   IBUF (Prop_ibuf_I_O)         0.438     0.438 r  Clk_IBUF_inst/O
                         net (fo=1, routed)           0.699     1.136    Clk_IBUF
    BUFGCTRL_X0Y16       BUFG (Prop_bufg_I_O)         0.029     1.165 r  Clk_IBUF_BUFG_inst/O
                         net (fo=47, routed)          0.835     2.000    disp/Clk_IBUF_BUFG
    SLICE_X9Y70          FDRE                                         r  disp/cnt_reg[2]/C
                         clock pessimism             -0.514     1.485    
    SLICE_X9Y70          FDRE (Hold_fdre_C_D)         0.105     1.590    disp/cnt_reg[2]
  -------------------------------------------------------------------
                         required time                         -1.590    
                         arrival time                           1.844    
  -------------------------------------------------------------------
                         slack                                  0.254    

Slack (MET) :             0.254ns  (arrival time - required time)
  Source:                 disp/cnt_reg[14]/C
                            (rising edge-triggered cell FDRE clocked by Clk  {rise@0.000ns fall@5.000ns period=10.000ns})
  Destination:            disp/cnt_reg[14]/D
                            (rising edge-triggered cell FDRE clocked by Clk  {rise@0.000ns fall@5.000ns period=10.000ns})
  Path Group:             Clk
  Path Type:              Hold (Min at Fast Process Corner)
  Requirement:            0.000ns  (Clk rise@0.000ns - Clk rise@0.000ns)
  Data Path Delay:        0.359ns  (logic 0.252ns (70.177%)  route 0.107ns (29.823%))
  Logic Levels:           1  (CARRY4=1)
  Clock Path Skew:        0.000ns (DCD - SCD - CPR)
    Destination Clock Delay (DCD):    1.996ns
    Source Clock Delay      (SCD):    1.482ns
    Clock Pessimism Removal (CPR):    0.513ns

    Location             Delay type                Incr(ns)  Path(ns)    Netlist Resource(s)
  -------------------------------------------------------------------    -------------------
                         (clock Clk rise edge)        0.000     0.000 r  
    E3                                                0.000     0.000 r  Clk (IN)
                         net (fo=0)                   0.000     0.000    Clk
    E3                   IBUF (Prop_ibuf_I_O)         0.250     0.250 r  Clk_IBUF_inst/O
                         net (fo=1, routed)           0.644     0.894    Clk_IBUF
    BUFGCTRL_X0Y16       BUFG (Prop_bufg_I_O)         0.026     0.920 r  Clk_IBUF_BUFG_inst/O
                         net (fo=47, routed)          0.563     1.482    disp/Clk_IBUF_BUFG
    SLICE_X9Y73          FDRE                                         r  disp/cnt_reg[14]/C
  -------------------------------------------------------------------    -------------------
    SLICE_X9Y73          FDRE (Prop_fdre_C_Q)         0.141     1.623 r  disp/cnt_reg[14]/Q
                         net (fo=1, routed)           0.107     1.730    disp/cnt_reg_n_0_[14]
    SLICE_X9Y73          CARRY4 (Prop_carry4_S[2]_O[2])
                                                      0.111     1.841 r  disp/cnt_reg[12]_i_1/O[2]
                         net (fo=1, routed)           0.000     1.841    disp/cnt_reg[12]_i_1_n_5
    SLICE_X9Y73          FDRE                                         r  disp/cnt_reg[14]/D
  -------------------------------------------------------------------    -------------------

                         (clock Clk rise edge)        0.000     0.000 r  
    E3                                                0.000     0.000 r  Clk (IN)
                         net (fo=0)                   0.000     0.000    Clk
    E3                   IBUF (Prop_ibuf_I_O)         0.438     0.438 r  Clk_IBUF_inst/O
                         net (fo=1, routed)           0.699     1.136    Clk_IBUF
    BUFGCTRL_X0Y16       BUFG (Prop_bufg_I_O)         0.029     1.165 r  Clk_IBUF_BUFG_inst/O
                         net (fo=47, routed)          0.831     1.996    disp/Clk_IBUF_BUFG
    SLICE_X9Y73          FDRE                                         r  disp/cnt_reg[14]/C
                         clock pessimism             -0.513     1.482    
    SLICE_X9Y73          FDRE (Hold_fdre_C_D)         0.105     1.587    disp/cnt_reg[14]
  -------------------------------------------------------------------
                         required time                         -1.587    
                         arrival time                           1.841    
  -------------------------------------------------------------------
                         slack                                  0.254    

Slack (MET) :             0.254ns  (arrival time - required time)
  Source:                 disp/cnt_reg[6]/C
                            (rising edge-triggered cell FDRE clocked by Clk  {rise@0.000ns fall@5.000ns period=10.000ns})
  Destination:            disp/cnt_reg[6]/D
                            (rising edge-triggered cell FDRE clocked by Clk  {rise@0.000ns fall@5.000ns period=10.000ns})
  Path Group:             Clk
  Path Type:              Hold (Min at Fast Process Corner)
  Requirement:            0.000ns  (Clk rise@0.000ns - Clk rise@0.000ns)
  Data Path Delay:        0.359ns  (logic 0.252ns (70.177%)  route 0.107ns (29.823%))
  Logic Levels:           1  (CARRY4=1)
  Clock Path Skew:        0.000ns (DCD - SCD - CPR)
    Destination Clock Delay (DCD):    1.999ns
    Source Clock Delay      (SCD):    1.484ns
    Clock Pessimism Removal (CPR):    0.514ns

    Location             Delay type                Incr(ns)  Path(ns)    Netlist Resource(s)
  -------------------------------------------------------------------    -------------------
                         (clock Clk rise edge)        0.000     0.000 r  
    E3                                                0.000     0.000 r  Clk (IN)
                         net (fo=0)                   0.000     0.000    Clk
    E3                   IBUF (Prop_ibuf_I_O)         0.250     0.250 r  Clk_IBUF_inst/O
                         net (fo=1, routed)           0.644     0.894    Clk_IBUF
    BUFGCTRL_X0Y16       BUFG (Prop_bufg_I_O)         0.026     0.920 r  Clk_IBUF_BUFG_inst/O
                         net (fo=47, routed)          0.565     1.484    disp/Clk_IBUF_BUFG
    SLICE_X9Y71          FDRE                                         r  disp/cnt_reg[6]/C
  -------------------------------------------------------------------    -------------------
    SLICE_X9Y71          FDRE (Prop_fdre_C_Q)         0.141     1.625 r  disp/cnt_reg[6]/Q
                         net (fo=1, routed)           0.107     1.732    disp/cnt_reg_n_0_[6]
    SLICE_X9Y71          CARRY4 (Prop_carry4_S[2]_O[2])
                                                      0.111     1.843 r  disp/cnt_reg[4]_i_1/O[2]
                         net (fo=1, routed)           0.000     1.843    disp/cnt_reg[4]_i_1_n_5
    SLICE_X9Y71          FDRE                                         r  disp/cnt_reg[6]/D
  -------------------------------------------------------------------    -------------------

                         (clock Clk rise edge)        0.000     0.000 r  
    E3                                                0.000     0.000 r  Clk (IN)
                         net (fo=0)                   0.000     0.000    Clk
    E3                   IBUF (Prop_ibuf_I_O)         0.438     0.438 r  Clk_IBUF_inst/O
                         net (fo=1, routed)           0.699     1.136    Clk_IBUF
    BUFGCTRL_X0Y16       BUFG (Prop_bufg_I_O)         0.029     1.165 r  Clk_IBUF_BUFG_inst/O
                         net (fo=47, routed)          0.834     1.999    disp/Clk_IBUF_BUFG
    SLICE_X9Y71          FDRE                                         r  disp/cnt_reg[6]/C
                         clock pessimism             -0.514     1.484    
    SLICE_X9Y71          FDRE (Hold_fdre_C_D)         0.105     1.589    disp/cnt_reg[6]
  -------------------------------------------------------------------
                         required time                         -1.589    
                         arrival time                           1.843    
  -------------------------------------------------------------------
                         slack                                  0.254    

Slack (MET) :             0.254ns  (arrival time - required time)
  Source:                 disp/cnt_reg[10]/C
                            (rising edge-triggered cell FDRE clocked by Clk  {rise@0.000ns fall@5.000ns period=10.000ns})
  Destination:            disp/cnt_reg[10]/D
                            (rising edge-triggered cell FDRE clocked by Clk  {rise@0.000ns fall@5.000ns period=10.000ns})
  Path Group:             Clk
  Path Type:              Hold (Min at Fast Process Corner)
  Requirement:            0.000ns  (Clk rise@0.000ns - Clk rise@0.000ns)
  Data Path Delay:        0.359ns  (logic 0.252ns (70.177%)  route 0.107ns (29.823%))
  Logic Levels:           1  (CARRY4=1)
  Clock Path Skew:        0.000ns (DCD - SCD - CPR)
    Destination Clock Delay (DCD):    1.998ns
    Source Clock Delay      (SCD):    1.484ns
    Clock Pessimism Removal (CPR):    0.513ns

    Location             Delay type                Incr(ns)  Path(ns)    Netlist Resource(s)
  -------------------------------------------------------------------    -------------------
                         (clock Clk rise edge)        0.000     0.000 r  
    E3                                                0.000     0.000 r  Clk (IN)
                         net (fo=0)                   0.000     0.000    Clk
    E3                   IBUF (Prop_ibuf_I_O)         0.250     0.250 r  Clk_IBUF_inst/O
                         net (fo=1, routed)           0.644     0.894    Clk_IBUF
    BUFGCTRL_X0Y16       BUFG (Prop_bufg_I_O)         0.026     0.920 r  Clk_IBUF_BUFG_inst/O
                         net (fo=47, routed)          0.565     1.484    disp/Clk_IBUF_BUFG
    SLICE_X9Y72          FDRE                                         r  disp/cnt_reg[10]/C
  -------------------------------------------------------------------    -------------------
    SLICE_X9Y72          FDRE (Prop_fdre_C_Q)         0.141     1.625 r  disp/cnt_reg[10]/Q
                         net (fo=1, routed)           0.107     1.732    disp/cnt_reg_n_0_[10]
    SLICE_X9Y72          CARRY4 (Prop_carry4_S[2]_O[2])
                                                      0.111     1.843 r  disp/cnt_reg[8]_i_1/O[2]
                         net (fo=1, routed)           0.000     1.843    disp/cnt_reg[8]_i_1_n_5
    SLICE_X9Y72          FDRE                                         r  disp/cnt_reg[10]/D
  -------------------------------------------------------------------    -------------------

                         (clock Clk rise edge)        0.000     0.000 r  
    E3                                                0.000     0.000 r  Clk (IN)
                         net (fo=0)                   0.000     0.000    Clk
    E3                   IBUF (Prop_ibuf_I_O)         0.438     0.438 r  Clk_IBUF_inst/O
                         net (fo=1, routed)           0.699     1.136    Clk_IBUF
    BUFGCTRL_X0Y16       BUFG (Prop_bufg_I_O)         0.029     1.165 r  Clk_IBUF_BUFG_inst/O
                         net (fo=47, routed)          0.833     1.998    disp/Clk_IBUF_BUFG
    SLICE_X9Y72          FDRE                                         r  disp/cnt_reg[10]/C
                         clock pessimism             -0.513     1.484    
    SLICE_X9Y72          FDRE (Hold_fdre_C_D)         0.105     1.589    disp/cnt_reg[10]
  -------------------------------------------------------------------
                         required time                         -1.589    
                         arrival time                           1.843    
  -------------------------------------------------------------------
                         slack                                  0.254    

Slack (MET) :             0.255ns  (arrival time - required time)
  Source:                 disp/cnt_reg[16]/C
                            (rising edge-triggered cell FDRE clocked by Clk  {rise@0.000ns fall@5.000ns period=10.000ns})
  Destination:            disp/cnt_reg[16]/D
                            (rising edge-triggered cell FDRE clocked by Clk  {rise@0.000ns fall@5.000ns period=10.000ns})
  Path Group:             Clk
  Path Type:              Hold (Min at Fast Process Corner)
  Requirement:            0.000ns  (Clk rise@0.000ns - Clk rise@0.000ns)
  Data Path Delay:        0.360ns  (logic 0.256ns (71.197%)  route 0.104ns (28.803%))
  Logic Levels:           1  (CARRY4=1)
  Clock Path Skew:        0.000ns (DCD - SCD - CPR)
    Destination Clock Delay (DCD):    1.995ns
    Source Clock Delay      (SCD):    1.481ns
    Clock Pessimism Removal (CPR):    0.513ns

    Location             Delay type                Incr(ns)  Path(ns)    Netlist Resource(s)
  -------------------------------------------------------------------    -------------------
                         (clock Clk rise edge)        0.000     0.000 r  
    E3                                                0.000     0.000 r  Clk (IN)
                         net (fo=0)                   0.000     0.000    Clk
    E3                   IBUF (Prop_ibuf_I_O)         0.250     0.250 r  Clk_IBUF_inst/O
                         net (fo=1, routed)           0.644     0.894    Clk_IBUF
    BUFGCTRL_X0Y16       BUFG (Prop_bufg_I_O)         0.026     0.920 r  Clk_IBUF_BUFG_inst/O
                         net (fo=47, routed)          0.562     1.481    disp/Clk_IBUF_BUFG
    SLICE_X9Y74          FDRE                                         r  disp/cnt_reg[16]/C
  -------------------------------------------------------------------    -------------------
    SLICE_X9Y74          FDRE (Prop_fdre_C_Q)         0.141     1.622 r  disp/cnt_reg[16]/Q
                         net (fo=1, routed)           0.104     1.726    disp/cnt_reg_n_0_[16]
    SLICE_X9Y74          CARRY4 (Prop_carry4_S[0]_O[0])
                                                      0.115     1.841 r  disp/cnt_reg[16]_i_1/O[0]
                         net (fo=1, routed)           0.000     1.841    disp/cnt_reg[16]_i_1_n_7
    SLICE_X9Y74          FDRE                                         r  disp/cnt_reg[16]/D
  -------------------------------------------------------------------    -------------------

                         (clock Clk rise edge)        0.000     0.000 r  
    E3                                                0.000     0.000 r  Clk (IN)
                         net (fo=0)                   0.000     0.000    Clk
    E3                   IBUF (Prop_ibuf_I_O)         0.438     0.438 r  Clk_IBUF_inst/O
                         net (fo=1, routed)           0.699     1.136    Clk_IBUF
    BUFGCTRL_X0Y16       BUFG (Prop_bufg_I_O)         0.029     1.165 r  Clk_IBUF_BUFG_inst/O
                         net (fo=47, routed)          0.830     1.995    disp/Clk_IBUF_BUFG
    SLICE_X9Y74          FDRE                                         r  disp/cnt_reg[16]/C
                         clock pessimism             -0.513     1.481    
    SLICE_X9Y74          FDRE (Hold_fdre_C_D)         0.105     1.586    disp/cnt_reg[16]
  -------------------------------------------------------------------
                         required time                         -1.586    
                         arrival time                           1.841    
  -------------------------------------------------------------------
                         slack                                  0.255    

Slack (MET) :             0.255ns  (arrival time - required time)
  Source:                 disp/cnt_reg[12]/C
                            (rising edge-triggered cell FDRE clocked by Clk  {rise@0.000ns fall@5.000ns period=10.000ns})
  Destination:            disp/cnt_reg[12]/D
                            (rising edge-triggered cell FDRE clocked by Clk  {rise@0.000ns fall@5.000ns period=10.000ns})
  Path Group:             Clk
  Path Type:              Hold (Min at Fast Process Corner)
  Requirement:            0.000ns  (Clk rise@0.000ns - Clk rise@0.000ns)
  Data Path Delay:        0.360ns  (logic 0.256ns (71.197%)  route 0.104ns (28.803%))
  Logic Levels:           1  (CARRY4=1)
  Clock Path Skew:        0.000ns (DCD - SCD - CPR)
    Destination Clock Delay (DCD):    1.996ns
    Source Clock Delay      (SCD):    1.482ns
    Clock Pessimism Removal (CPR):    0.513ns

    Location             Delay type                Incr(ns)  Path(ns)    Netlist Resource(s)
  -------------------------------------------------------------------    -------------------
                         (clock Clk rise edge)        0.000     0.000 r  
    E3                                                0.000     0.000 r  Clk (IN)
                         net (fo=0)                   0.000     0.000    Clk
    E3                   IBUF (Prop_ibuf_I_O)         0.250     0.250 r  Clk_IBUF_inst/O
                         net (fo=1, routed)           0.644     0.894    Clk_IBUF
    BUFGCTRL_X0Y16       BUFG (Prop_bufg_I_O)         0.026     0.920 r  Clk_IBUF_BUFG_inst/O
                         net (fo=47, routed)          0.563     1.482    disp/Clk_IBUF_BUFG
    SLICE_X9Y73          FDRE                                         r  disp/cnt_reg[12]/C
  -------------------------------------------------------------------    -------------------
    SLICE_X9Y73          FDRE (Prop_fdre_C_Q)         0.141     1.623 r  disp/cnt_reg[12]/Q
                         net (fo=1, routed)           0.104     1.727    disp/cnt_reg_n_0_[12]
    SLICE_X9Y73          CARRY4 (Prop_carry4_S[0]_O[0])
                                                      0.115     1.842 r  disp/cnt_reg[12]_i_1/O[0]
                         net (fo=1, routed)           0.000     1.842    disp/cnt_reg[12]_i_1_n_7
    SLICE_X9Y73          FDRE                                         r  disp/cnt_reg[12]/D
  -------------------------------------------------------------------    -------------------

                         (clock Clk rise edge)        0.000     0.000 r  
    E3                                                0.000     0.000 r  Clk (IN)
                         net (fo=0)                   0.000     0.000    Clk
    E3                   IBUF (Prop_ibuf_I_O)         0.438     0.438 r  Clk_IBUF_inst/O
                         net (fo=1, routed)           0.699     1.136    Clk_IBUF
    BUFGCTRL_X0Y16       BUFG (Prop_bufg_I_O)         0.029     1.165 r  Clk_IBUF_BUFG_inst/O
                         net (fo=47, routed)          0.831     1.996    disp/Clk_IBUF_BUFG
    SLICE_X9Y73          FDRE                                         r  disp/cnt_reg[12]/C
                         clock pessimism             -0.513     1.482    
    SLICE_X9Y73          FDRE (Hold_fdre_C_D)         0.105     1.587    disp/cnt_reg[12]
  -------------------------------------------------------------------
                         required time                         -1.587    
                         arrival time                           1.842    
  -------------------------------------------------------------------
                         slack                                  0.255    





Pulse Width Checks
--------------------------------------------------------------------------------------
Clock Name:         Clk
Waveform(ns):       { 0.000 5.000 }
Period(ns):         10.000
Sources:            { Clk }

Check Type        Corner  Lib Pin  Reference Pin  Required(ns)  Actual(ns)  Slack(ns)  Location        Pin
Min Period        n/a     BUFG/I   n/a            1.592         10.000      8.408      BUFGCTRL_X0Y16  Clk_IBUF_BUFG_inst/I
Min Period        n/a     FDRE/C   n/a            1.000         10.000      9.000      SLICE_X9Y75     clkdiv/ClkOut_reg/C
Min Period        n/a     FDRE/C   n/a            1.000         10.000      9.000      SLICE_X6Y74     clkdiv/DivCnt_reg[0]/C
Min Period        n/a     FDRE/C   n/a            1.000         10.000      9.000      SLICE_X6Y76     clkdiv/DivCnt_reg[10]/C
Min Period        n/a     FDRE/C   n/a            1.000         10.000      9.000      SLICE_X6Y76     clkdiv/DivCnt_reg[11]/C
Min Period        n/a     FDRE/C   n/a            1.000         10.000      9.000      SLICE_X6Y77     clkdiv/DivCnt_reg[12]/C
Min Period        n/a     FDRE/C   n/a            1.000         10.000      9.000      SLICE_X6Y77     clkdiv/DivCnt_reg[13]/C
Min Period        n/a     FDRE/C   n/a            1.000         10.000      9.000      SLICE_X6Y77     clkdiv/DivCnt_reg[14]/C
Min Period        n/a     FDRE/C   n/a            1.000         10.000      9.000      SLICE_X6Y77     clkdiv/DivCnt_reg[15]/C
Min Period        n/a     FDRE/C   n/a            1.000         10.000      9.000      SLICE_X6Y78     clkdiv/DivCnt_reg[16]/C
Low Pulse Width   Slow    FDRE/C   n/a            0.500         5.000       4.500      SLICE_X9Y75     clkdiv/ClkOut_reg/C
Low Pulse Width   Fast    FDRE/C   n/a            0.500         5.000       4.500      SLICE_X9Y75     clkdiv/ClkOut_reg/C
Low Pulse Width   Slow    FDRE/C   n/a            0.500         5.000       4.500      SLICE_X6Y74     clkdiv/DivCnt_reg[0]/C
Low Pulse Width   Fast    FDRE/C   n/a            0.500         5.000       4.500      SLICE_X6Y74     clkdiv/DivCnt_reg[0]/C
Low Pulse Width   Slow    FDRE/C   n/a            0.500         5.000       4.500      SLICE_X6Y76     clkdiv/DivCnt_reg[10]/C
Low Pulse Width   Fast    FDRE/C   n/a            0.500         5.000       4.500      SLICE_X6Y76     clkdiv/DivCnt_reg[10]/C
Low Pulse Width   Slow    FDRE/C   n/a            0.500         5.000       4.500      SLICE_X6Y76     clkdiv/DivCnt_reg[11]/C
Low Pulse Width   Fast    FDRE/C   n/a            0.500         5.000       4.500      SLICE_X6Y76     clkdiv/DivCnt_reg[11]/C
Low Pulse Width   Slow    FDRE/C   n/a            0.500         5.000       4.500      SLICE_X6Y77     clkdiv/DivCnt_reg[12]/C
Low Pulse Width   Fast    FDRE/C   n/a            0.500         5.000       4.500      SLICE_X6Y77     clkdiv/DivCnt_reg[12]/C
High Pulse Width  Slow    FDRE/C   n/a            0.500         5.000       4.500      SLICE_X9Y75     clkdiv/ClkOut_reg/C
High Pulse Width  Fast    FDRE/C   n/a            0.500         5.000       4.500      SLICE_X9Y75     clkdiv/ClkOut_reg/C
High Pulse Width  Slow    FDRE/C   n/a            0.500         5.000       4.500      SLICE_X6Y74     clkdiv/DivCnt_reg[0]/C
High Pulse Width  Fast    FDRE/C   n/a            0.500         5.000       4.500      SLICE_X6Y74     clkdiv/DivCnt_reg[0]/C
High Pulse Width  Slow    FDRE/C   n/a            0.500         5.000       4.500      SLICE_X6Y76     clkdiv/DivCnt_reg[10]/C
High Pulse Width  Fast    FDRE/C   n/a            0.500         5.000       4.500      SLICE_X6Y76     clkdiv/DivCnt_reg[10]/C
High Pulse Width  Slow    FDRE/C   n/a            0.500         5.000       4.500      SLICE_X6Y76     clkdiv/DivCnt_reg[11]/C
High Pulse Width  Fast    FDRE/C   n/a            0.500         5.000       4.500      SLICE_X6Y76     clkdiv/DivCnt_reg[11]/C
High Pulse Width  Slow    FDRE/C   n/a            0.500         5.000       4.500      SLICE_X6Y77     clkdiv/DivCnt_reg[12]/C
High Pulse Width  Fast    FDRE/C   n/a            0.500         5.000       4.500      SLICE_X6Y77     clkdiv/DivCnt_reg[12]/C



--------------------------------------------------------------------------------------
Path Group:  (none)
From Clock:  
  To Clock:  

Max Delay            45 Endpoints
Min Delay            45 Endpoints
--------------------------------------------------------------------------------------


Max Delay Paths
--------------------------------------------------------------------------------------
Slack:                    inf
  Source:                 out7_OBUF[6]_inst_i_14/CLKARDCLK
                            (rising edge-triggered cell RAMB18E1)
  Destination:            out7[3]
                            (output port)
  Path Group:             (none)
  Path Type:              Max at Slow Process Corner
  Data Path Delay:        10.380ns  (logic 5.956ns (57.380%)  route 4.424ns (42.620%))
  Logic Levels:           5  (LUT4=1 LUT6=1 MUXF7=1 OBUF=1 RAMB18E1=1)

    Location             Delay type                Incr(ns)  Path(ns)    Netlist Resource(s)
  -------------------------------------------------------------------    -------------------
    RAMB18_X0Y30         RAMB18E1                     0.000     0.000 r  out7_OBUF[6]_inst_i_14/CLKARDCLK
    RAMB18_X0Y30         RAMB18E1 (Prop_ramb18e1_CLKARDCLK_DOADO[8])
                                                      2.125     2.125 r  out7_OBUF[6]_inst_i_14/DOADO[8]
                         net (fo=1, routed)           0.990     3.115    disp/DOADO[8]
    SLICE_X9Y75          LUT6 (Prop_lut6_I0_O)        0.105     3.220 r  disp/out7_OBUF[6]_inst_i_12/O
                         net (fo=1, routed)           0.000     3.220    disp/out7_OBUF[6]_inst_i_12_n_0
    SLICE_X9Y75          MUXF7 (Prop_muxf7_I0_O)      0.178     3.398 r  disp/out7_OBUF[6]_inst_i_5/O
                         net (fo=7, routed)           1.017     4.414    disp/out7_OBUF[6]_inst_i_5_n_0
    SLICE_X7Y78          LUT4 (Prop_lut4_I2_O)        0.252     4.666 r  disp/out7_OBUF[3]_inst_i_1/O
                         net (fo=1, routed)           2.417     7.084    out7_OBUF[3]
    K13                  OBUF (Prop_obuf_I_O)         3.296    10.380 r  out7_OBUF[3]_inst/O
                         net (fo=0)                   0.000    10.380    out7[3]
    K13                                                               r  out7[3] (OUT)
  -------------------------------------------------------------------    -------------------

Slack:                    inf
  Source:                 out7_OBUF[6]_inst_i_14/CLKARDCLK
                            (rising edge-triggered cell RAMB18E1)
  Destination:            out7[6]
                            (output port)
  Path Group:             (none)
  Path Type:              Max at Slow Process Corner
  Data Path Delay:        10.255ns  (logic 6.155ns (60.016%)  route 4.100ns (39.984%))
  Logic Levels:           5  (LUT4=1 LUT6=1 MUXF7=1 OBUF=1 RAMB18E1=1)

    Location             Delay type                Incr(ns)  Path(ns)    Netlist Resource(s)
  -------------------------------------------------------------------    -------------------
    RAMB18_X0Y30         RAMB18E1                     0.000     0.000 r  out7_OBUF[6]_inst_i_14/CLKARDCLK
    RAMB18_X0Y30         RAMB18E1 (Prop_ramb18e1_CLKARDCLK_DOADO[8])
                                                      2.125     2.125 r  out7_OBUF[6]_inst_i_14/DOADO[8]
                         net (fo=1, routed)           0.990     3.115    disp/DOADO[8]
    SLICE_X9Y75          LUT6 (Prop_lut6_I0_O)        0.105     3.220 r  disp/out7_OBUF[6]_inst_i_12/O
                         net (fo=1, routed)           0.000     3.220    disp/out7_OBUF[6]_inst_i_12_n_0
    SLICE_X9Y75          MUXF7 (Prop_muxf7_I0_O)      0.178     3.398 r  disp/out7_OBUF[6]_inst_i_5/O
                         net (fo=7, routed)           0.884     4.282    disp/out7_OBUF[6]_inst_i_5_n_0
    SLICE_X7Y76          LUT4 (Prop_lut4_I3_O)        0.262     4.544 r  disp/out7_OBUF[6]_inst_i_1/O
                         net (fo=1, routed)           2.226     6.770    out7_OBUF[6]
    T10                  OBUF (Prop_obuf_I_O)         3.485    10.255 r  out7_OBUF[6]_inst/O
                         net (fo=0)                   0.000    10.255    out7[6]
    T10                                                               r  out7[6] (OUT)
  -------------------------------------------------------------------    -------------------

Slack:                    inf
  Source:                 out7_OBUF[6]_inst_i_14/CLKARDCLK
                            (rising edge-triggered cell RAMB18E1)
  Destination:            out7[4]
                            (output port)
  Path Group:             (none)
  Path Type:              Max at Slow Process Corner
  Data Path Delay:        10.146ns  (logic 6.077ns (59.893%)  route 4.069ns (40.107%))
  Logic Levels:           5  (LUT4=1 LUT6=1 MUXF7=1 OBUF=1 RAMB18E1=1)

    Location             Delay type                Incr(ns)  Path(ns)    Netlist Resource(s)
  -------------------------------------------------------------------    -------------------
    RAMB18_X0Y30         RAMB18E1                     0.000     0.000 r  out7_OBUF[6]_inst_i_14/CLKARDCLK
    RAMB18_X0Y30         RAMB18E1 (Prop_ramb18e1_CLKARDCLK_DOADO[8])
                                                      2.125     2.125 f  out7_OBUF[6]_inst_i_14/DOADO[8]
                         net (fo=1, routed)           0.990     3.115    disp/DOADO[8]
    SLICE_X9Y75          LUT6 (Prop_lut6_I0_O)        0.105     3.220 f  disp/out7_OBUF[6]_inst_i_12/O
                         net (fo=1, routed)           0.000     3.220    disp/out7_OBUF[6]_inst_i_12_n_0
    SLICE_X9Y75          MUXF7 (Prop_muxf7_I0_O)      0.178     3.398 f  disp/out7_OBUF[6]_inst_i_5/O
                         net (fo=7, routed)           1.017     4.414    disp/out7_OBUF[6]_inst_i_5_n_0
    SLICE_X7Y78          LUT4 (Prop_lut4_I1_O)        0.261     4.675 r  disp/out7_OBUF[4]_inst_i_1/O
                         net (fo=1, routed)           2.063     6.738    out7_OBUF[4]
    K16                  OBUF (Prop_obuf_I_O)         3.408    10.146 r  out7_OBUF[4]_inst/O
                         net (fo=0)                   0.000    10.146    out7[4]
    K16                                                               r  out7[4] (OUT)
  -------------------------------------------------------------------    -------------------

Slack:                    inf
  Source:                 out7_OBUF[6]_inst_i_14/CLKARDCLK
                            (rising edge-triggered cell RAMB18E1)
  Destination:            out7[1]
                            (output port)
  Path Group:             (none)
  Path Type:              Max at Slow Process Corner
  Data Path Delay:        9.856ns  (logic 5.985ns (60.725%)  route 3.871ns (39.275%))
  Logic Levels:           5  (LUT4=1 LUT6=1 MUXF7=1 OBUF=1 RAMB18E1=1)

    Location             Delay type                Incr(ns)  Path(ns)    Netlist Resource(s)
  -------------------------------------------------------------------    -------------------
    RAMB18_X0Y30         RAMB18E1                     0.000     0.000 r  out7_OBUF[6]_inst_i_14/CLKARDCLK
    RAMB18_X0Y30         RAMB18E1 (Prop_ramb18e1_CLKARDCLK_DOADO[10])
                                                      2.125     2.125 f  out7_OBUF[6]_inst_i_14/DOADO[10]
                         net (fo=1, routed)           0.942     3.067    disp/DOADO[10]
    SLICE_X11Y76         LUT6 (Prop_lut6_I0_O)        0.105     3.172 r  disp/out7_OBUF[6]_inst_i_8/O
                         net (fo=1, routed)           0.000     3.172    disp/out7_OBUF[6]_inst_i_8_n_0
    SLICE_X11Y76         MUXF7 (Prop_muxf7_I0_O)      0.199     3.371 r  disp/out7_OBUF[6]_inst_i_3/O
                         net (fo=7, routed)           1.027     4.398    disp/out7_OBUF[6]_inst_i_3_n_0
    SLICE_X7Y78          LUT4 (Prop_lut4_I2_O)        0.250     4.648 r  disp/out7_OBUF[1]_inst_i_1/O
                         net (fo=1, routed)           1.902     6.550    out7_OBUF[1]
    T11                  OBUF (Prop_obuf_I_O)         3.306     9.856 r  out7_OBUF[1]_inst/O
                         net (fo=0)                   0.000     9.856    out7[1]
    T11                                                               r  out7[1] (OUT)
  -------------------------------------------------------------------    -------------------

Slack:                    inf
  Source:                 out7_OBUF[6]_inst_i_14/CLKARDCLK
                            (rising edge-triggered cell RAMB18E1)
  Destination:            out7[5]
                            (output port)
  Path Group:             (none)
  Path Type:              Max at Slow Process Corner
  Data Path Delay:        9.849ns  (logic 5.961ns (60.522%)  route 3.888ns (39.478%))
  Logic Levels:           5  (LUT4=1 LUT6=1 MUXF7=1 OBUF=1 RAMB18E1=1)

    Location             Delay type                Incr(ns)  Path(ns)    Netlist Resource(s)
  -------------------------------------------------------------------    -------------------
    RAMB18_X0Y30         RAMB18E1                     0.000     0.000 r  out7_OBUF[6]_inst_i_14/CLKARDCLK
    RAMB18_X0Y30         RAMB18E1 (Prop_ramb18e1_CLKARDCLK_DOADO[8])
                                                      2.125     2.125 r  out7_OBUF[6]_inst_i_14/DOADO[8]
                         net (fo=1, routed)           0.990     3.115    disp/DOADO[8]
    SLICE_X9Y75          LUT6 (Prop_lut6_I0_O)        0.105     3.220 r  disp/out7_OBUF[6]_inst_i_12/O
                         net (fo=1, routed)           0.000     3.220    disp/out7_OBUF[6]_inst_i_12_n_0
    SLICE_X9Y75          MUXF7 (Prop_muxf7_I0_O)      0.178     3.398 r  disp/out7_OBUF[6]_inst_i_5/O
                         net (fo=7, routed)           0.884     4.282    disp/out7_OBUF[6]_inst_i_5_n_0
    SLICE_X7Y76          LUT4 (Prop_lut4_I0_O)        0.252     4.534 r  disp/out7_OBUF[5]_inst_i_1/O
                         net (fo=1, routed)           2.014     6.548    out7_OBUF[5]
    R10                  OBUF (Prop_obuf_I_O)         3.301     9.849 r  out7_OBUF[5]_inst/O
                         net (fo=0)                   0.000     9.849    out7[5]
    R10                                                               r  out7[5] (OUT)
  -------------------------------------------------------------------    -------------------

Slack:                    inf
  Source:                 out7_OBUF[6]_inst_i_14/CLKARDCLK
                            (rising edge-triggered cell RAMB18E1)
  Destination:            out7[0]
                            (output port)
  Path Group:             (none)
  Path Type:              Max at Slow Process Corner
  Data Path Delay:        9.843ns  (logic 6.141ns (62.392%)  route 3.702ns (37.608%))
  Logic Levels:           5  (LUT4=1 LUT6=1 MUXF7=1 OBUF=1 RAMB18E1=1)

    Location             Delay type                Incr(ns)  Path(ns)    Netlist Resource(s)
  -------------------------------------------------------------------    -------------------
    RAMB18_X0Y30         RAMB18E1                     0.000     0.000 r  out7_OBUF[6]_inst_i_14/CLKARDCLK
    RAMB18_X0Y30         RAMB18E1 (Prop_ramb18e1_CLKARDCLK_DOADO[10])
                                                      2.125     2.125 f  out7_OBUF[6]_inst_i_14/DOADO[10]
                         net (fo=1, routed)           0.942     3.067    disp/DOADO[10]
    SLICE_X11Y76         LUT6 (Prop_lut6_I0_O)        0.105     3.172 r  disp/out7_OBUF[6]_inst_i_8/O
                         net (fo=1, routed)           0.000     3.172    disp/out7_OBUF[6]_inst_i_8_n_0
    SLICE_X11Y76         MUXF7 (Prop_muxf7_I0_O)      0.199     3.371 r  disp/out7_OBUF[6]_inst_i_3/O
                         net (fo=7, routed)           1.027     4.398    disp/out7_OBUF[6]_inst_i_3_n_0
    SLICE_X7Y78          LUT4 (Prop_lut4_I3_O)        0.266     4.664 r  disp/out7_OBUF[0]_inst_i_1/O
                         net (fo=1, routed)           1.732     6.397    out7_OBUF[0]
    L18                  OBUF (Prop_obuf_I_O)         3.446     9.843 r  out7_OBUF[0]_inst/O
                         net (fo=0)                   0.000     9.843    out7[0]
    L18                                                               r  out7[0] (OUT)
  -------------------------------------------------------------------    -------------------

Slack:                    inf
  Source:                 out7_OBUF[6]_inst_i_14/CLKARDCLK
                            (rising edge-triggered cell RAMB18E1)
  Destination:            out7[2]
                            (output port)
  Path Group:             (none)
  Path Type:              Max at Slow Process Corner
  Data Path Delay:        9.360ns  (logic 5.939ns (63.452%)  route 3.421ns (36.548%))
  Logic Levels:           5  (LUT4=1 LUT6=1 MUXF7=1 OBUF=1 RAMB18E1=1)

    Location             Delay type                Incr(ns)  Path(ns)    Netlist Resource(s)
  -------------------------------------------------------------------    -------------------
    RAMB18_X0Y30         RAMB18E1                     0.000     0.000 r  out7_OBUF[6]_inst_i_14/CLKARDCLK
    RAMB18_X0Y30         RAMB18E1 (Prop_ramb18e1_CLKARDCLK_DOADO[8])
                                                      2.125     2.125 r  out7_OBUF[6]_inst_i_14/DOADO[8]
                         net (fo=1, routed)           0.990     3.115    disp/DOADO[8]
    SLICE_X9Y75          LUT6 (Prop_lut6_I0_O)        0.105     3.220 r  disp/out7_OBUF[6]_inst_i_12/O
                         net (fo=1, routed)           0.000     3.220    disp/out7_OBUF[6]_inst_i_12_n_0
    SLICE_X9Y75          MUXF7 (Prop_muxf7_I0_O)      0.178     3.398 r  disp/out7_OBUF[6]_inst_i_5/O
                         net (fo=7, routed)           0.886     4.284    disp/out7_OBUF[6]_inst_i_5_n_0
    SLICE_X7Y76          LUT4 (Prop_lut4_I3_O)        0.252     4.536 r  disp/out7_OBUF[2]_inst_i_1/O
                         net (fo=1, routed)           1.545     6.081    out7_OBUF[2]
    P15                  OBUF (Prop_obuf_I_O)         3.279     9.360 r  out7_OBUF[2]_inst/O
                         net (fo=0)                   0.000     9.360    out7[2]
    P15                                                               r  out7[2] (OUT)
  -------------------------------------------------------------------    -------------------

Slack:                    inf
  Source:                 ifu0/pc0/PCResult_reg[2]/C
                            (rising edge-triggered cell FDRE)
  Destination:            out7_OBUF[6]_inst_i_14/ADDRARDADDR[10]
  Path Group:             (none)
  Path Type:              Max at Slow Process Corner
  Data Path Delay:        3.508ns  (logic 1.508ns (42.990%)  route 2.000ns (57.010%))
  Logic Levels:           5  (CARRY4=2 FDRE=1 LUT1=1 LUT2=1)

    Location             Delay type                Incr(ns)  Path(ns)    Netlist Resource(s)
  -------------------------------------------------------------------    -------------------
    SLICE_X8Y74          FDRE                         0.000     0.000 r  ifu0/pc0/PCResult_reg[2]/C
    SLICE_X8Y74          FDRE (Prop_fdre_C_Q)         0.433     0.433 f  ifu0/pc0/PCResult_reg[2]/Q
                         net (fo=4, routed)           0.647     1.080    ifu0/pc0/PCResult_reg_n_0_[2]
    SLICE_X10Y75         LUT1 (Prop_lut1_I0_O)        0.105     1.185 r  ifu0/pc0/out7_OBUF[6]_inst_i_28/O
                         net (fo=1, routed)           0.000     1.185    ifu0/pc0/out7_OBUF[6]_inst_i_28_n_0
    SLICE_X10Y75         CARRY4 (Prop_carry4_S[1]_CO[3])
                                                      0.444     1.629 r  ifu0/pc0/out7_OBUF[6]_inst_i_27/CO[3]
                         net (fo=1, routed)           0.000     1.629    ifu0/pc0/out7_OBUF[6]_inst_i_27_n_0
    SLICE_X10Y76         CARRY4 (Prop_carry4_CI_O[3])
                                                      0.262     1.891 r  ifu0/pc0/out7_OBUF[6]_inst_i_26/O[3]
                         net (fo=1, routed)           0.790     2.682    ifu0/pc0/Address[8]
    SLICE_X9Y75          LUT2 (Prop_lut2_I0_O)        0.264     2.946 r  ifu0/pc0/out7_OBUF[6]_inst_i_18/O
                         net (fo=1, routed)           0.562     3.508    ifu0_n_7
    RAMB18_X0Y30         RAMB18E1                                     r  out7_OBUF[6]_inst_i_14/ADDRARDADDR[10]
  -------------------------------------------------------------------    -------------------

Slack:                    inf
  Source:                 Reset
                            (input port)
  Destination:            out7_OBUF[6]_inst_i_14/ADDRARDADDR[4]
  Path Group:             (none)
  Path Type:              Max at Slow Process Corner
  Data Path Delay:        3.410ns  (logic 1.527ns (44.764%)  route 1.884ns (55.236%))
  Logic Levels:           2  (IBUF=1 LUT2=1)

    Location             Delay type                Incr(ns)  Path(ns)    Netlist Resource(s)
  -------------------------------------------------------------------    -------------------
    N17                                               0.000     0.000 f  Reset (IN)
                         net (fo=0)                   0.000     0.000    Reset
    N17                  IBUF (Prop_ibuf_I_O)         1.408     1.408 f  Reset_IBUF_inst/O
                         net (fo=26, routed)          1.429     2.836    ifu0/pc0/Reset_IBUF
    SLICE_X9Y77          LUT2 (Prop_lut2_I1_O)        0.119     2.955 r  ifu0/pc0/out7_OBUF[6]_inst_i_24/O
                         net (fo=1, routed)           0.455     3.410    ifu0_n_13
    RAMB18_X0Y30         RAMB18E1                                     r  out7_OBUF[6]_inst_i_14/ADDRARDADDR[4]
  -------------------------------------------------------------------    -------------------

Slack:                    inf
  Source:                 Reset
                            (input port)
  Destination:            out7_OBUF[6]_inst_i_14/ADDRARDADDR[13]
  Path Group:             (none)
  Path Type:              Max at Slow Process Corner
  Data Path Delay:        3.402ns  (logic 1.513ns (44.455%)  route 1.890ns (55.545%))
  Logic Levels:           2  (IBUF=1 LUT2=1)

    Location             Delay type                Incr(ns)  Path(ns)    Netlist Resource(s)
  -------------------------------------------------------------------    -------------------
    N17                                               0.000     0.000 f  Reset (IN)
                         net (fo=0)                   0.000     0.000    Reset
    N17                  IBUF (Prop_ibuf_I_O)         1.408     1.408 f  Reset_IBUF_inst/O
                         net (fo=26, routed)          1.429     2.836    ifu0/pc0/Reset_IBUF
    SLICE_X9Y77          LUT2 (Prop_lut2_I1_O)        0.105     2.941 r  ifu0/pc0/out7_OBUF[6]_inst_i_15/O
                         net (fo=1, routed)           0.461     3.402    ifu0_n_4
    RAMB18_X0Y30         RAMB18E1                                     r  out7_OBUF[6]_inst_i_14/ADDRARDADDR[13]
  -------------------------------------------------------------------    -------------------





Min Delay Paths
--------------------------------------------------------------------------------------
Slack:                    inf
  Source:                 ifu0/pc0/PCResult_reg[12]/C
                            (rising edge-triggered cell FDRE)
  Destination:            ifu0/pc0/PCResult_reg[12]/D
  Path Group:             (none)
  Path Type:              Min at Fast Process Corner
  Data Path Delay:        0.396ns  (logic 0.274ns (69.236%)  route 0.122ns (30.764%))
  Logic Levels:           2  (CARRY4=1 FDRE=1)

    Location             Delay type                Incr(ns)  Path(ns)    Netlist Resource(s)
  -------------------------------------------------------------------    -------------------
    SLICE_X8Y76          FDRE                         0.000     0.000 r  ifu0/pc0/PCResult_reg[12]/C
    SLICE_X8Y76          FDRE (Prop_fdre_C_Q)         0.164     0.164 r  ifu0/pc0/PCResult_reg[12]/Q
                         net (fo=2, routed)           0.122     0.286    ifu0/pc0/data7[0]
    SLICE_X8Y76          CARRY4 (Prop_carry4_S[2]_O[2])
                                                      0.110     0.396 r  ifu0/pc0/PCResult_reg[10]_i_1/O[2]
                         net (fo=1, routed)           0.000     0.396    ifu0/pc0/PCResult_reg[10]_i_1_n_5
    SLICE_X8Y76          FDRE                                         r  ifu0/pc0/PCResult_reg[12]/D
  -------------------------------------------------------------------    -------------------

Slack:                    inf
  Source:                 ifu0/pc0/PCResult_reg[8]/C
                            (rising edge-triggered cell FDRE)
  Destination:            ifu0/pc0/PCResult_reg[8]/D
  Path Group:             (none)
  Path Type:              Min at Fast Process Corner
  Data Path Delay:        0.407ns  (logic 0.274ns (67.240%)  route 0.133ns (32.760%))
  Logic Levels:           2  (CARRY4=1 FDRE=1)

    Location             Delay type                Incr(ns)  Path(ns)    Netlist Resource(s)
  -------------------------------------------------------------------    -------------------
    SLICE_X8Y75          FDRE                         0.000     0.000 r  ifu0/pc0/PCResult_reg[8]/C
    SLICE_X8Y75          FDRE (Prop_fdre_C_Q)         0.164     0.164 r  ifu0/pc0/PCResult_reg[8]/Q
                         net (fo=3, routed)           0.133     0.297    ifu0/pc0/data6[0]
    SLICE_X8Y75          CARRY4 (Prop_carry4_S[2]_O[2])
                                                      0.110     0.407 r  ifu0/pc0/PCResult_reg[6]_i_1/O[2]
                         net (fo=1, routed)           0.000     0.407    ifu0/pc0/PCResult_reg[6]_i_1_n_5
    SLICE_X8Y75          FDRE                                         r  ifu0/pc0/PCResult_reg[8]/D
  -------------------------------------------------------------------    -------------------

Slack:                    inf
  Source:                 ifu0/pc0/PCResult_reg[4]/C
                            (rising edge-triggered cell FDRE)
  Destination:            ifu0/pc0/PCResult_reg[4]/D
  Path Group:             (none)
  Path Type:              Min at Fast Process Corner
  Data Path Delay:        0.409ns  (logic 0.274ns (66.936%)  route 0.135ns (33.064%))
  Logic Levels:           2  (CARRY4=1 FDRE=1)

    Location             Delay type                Incr(ns)  Path(ns)    Netlist Resource(s)
  -------------------------------------------------------------------    -------------------
    SLICE_X8Y74          FDRE                         0.000     0.000 r  ifu0/pc0/PCResult_reg[4]/C
    SLICE_X8Y74          FDRE (Prop_fdre_C_Q)         0.164     0.164 r  ifu0/pc0/PCResult_reg[4]/Q
                         net (fo=3, routed)           0.135     0.299    ifu0/pc0/data5[0]
    SLICE_X8Y74          CARRY4 (Prop_carry4_S[2]_O[2])
                                                      0.110     0.409 r  ifu0/pc0/PCResult_reg[2]_i_1/O[2]
                         net (fo=1, routed)           0.000     0.409    ifu0/pc0/PCResult_reg[2]_i_1_n_5
    SLICE_X8Y74          FDRE                                         r  ifu0/pc0/PCResult_reg[4]/D
  -------------------------------------------------------------------    -------------------

Slack:                    inf
  Source:                 ifu0/pc0/PCResult_reg[12]/C
                            (rising edge-triggered cell FDRE)
  Destination:            ifu0/pc0/PCResult_reg[13]/D
  Path Group:             (none)
  Path Type:              Min at Fast Process Corner
  Data Path Delay:        0.432ns  (logic 0.310ns (71.801%)  route 0.122ns (28.199%))
  Logic Levels:           2  (CARRY4=1 FDRE=1)

    Location             Delay type                Incr(ns)  Path(ns)    Netlist Resource(s)
  -------------------------------------------------------------------    -------------------
    SLICE_X8Y76          FDRE                         0.000     0.000 r  ifu0/pc0/PCResult_reg[12]/C
    SLICE_X8Y76          FDRE (Prop_fdre_C_Q)         0.164     0.164 r  ifu0/pc0/PCResult_reg[12]/Q
                         net (fo=2, routed)           0.122     0.286    ifu0/pc0/data7[0]
    SLICE_X8Y76          CARRY4 (Prop_carry4_S[2]_O[3])
                                                      0.146     0.432 r  ifu0/pc0/PCResult_reg[10]_i_1/O[3]
                         net (fo=1, routed)           0.000     0.432    ifu0/pc0/PCResult_reg[10]_i_1_n_4
    SLICE_X8Y76          FDRE                                         r  ifu0/pc0/PCResult_reg[13]/D
  -------------------------------------------------------------------    -------------------

Slack:                    inf
  Source:                 ifu0/pc0/PCResult_reg[8]/C
                            (rising edge-triggered cell FDRE)
  Destination:            ifu0/pc0/PCResult_reg[9]/D
  Path Group:             (none)
  Path Type:              Min at Fast Process Corner
  Data Path Delay:        0.443ns  (logic 0.310ns (69.900%)  route 0.133ns (30.100%))
  Logic Levels:           2  (CARRY4=1 FDRE=1)

    Location             Delay type                Incr(ns)  Path(ns)    Netlist Resource(s)
  -------------------------------------------------------------------    -------------------
    SLICE_X8Y75          FDRE                         0.000     0.000 r  ifu0/pc0/PCResult_reg[8]/C
    SLICE_X8Y75          FDRE (Prop_fdre_C_Q)         0.164     0.164 r  ifu0/pc0/PCResult_reg[8]/Q
                         net (fo=3, routed)           0.133     0.297    ifu0/pc0/data6[0]
    SLICE_X8Y75          CARRY4 (Prop_carry4_S[2]_O[3])
                                                      0.146     0.443 r  ifu0/pc0/PCResult_reg[6]_i_1/O[3]
                         net (fo=1, routed)           0.000     0.443    ifu0/pc0/PCResult_reg[6]_i_1_n_4
    SLICE_X8Y75          FDRE                                         r  ifu0/pc0/PCResult_reg[9]/D
  -------------------------------------------------------------------    -------------------

Slack:                    inf
  Source:                 ifu0/pc0/PCResult_reg[4]/C
                            (rising edge-triggered cell FDRE)
  Destination:            ifu0/pc0/PCResult_reg[5]/D
  Path Group:             (none)
  Path Type:              Min at Fast Process Corner
  Data Path Delay:        0.445ns  (logic 0.310ns (69.609%)  route 0.135ns (30.391%))
  Logic Levels:           2  (CARRY4=1 FDRE=1)

    Location             Delay type                Incr(ns)  Path(ns)    Netlist Resource(s)
  -------------------------------------------------------------------    -------------------
    SLICE_X8Y74          FDRE                         0.000     0.000 r  ifu0/pc0/PCResult_reg[4]/C
    SLICE_X8Y74          FDRE (Prop_fdre_C_Q)         0.164     0.164 r  ifu0/pc0/PCResult_reg[4]/Q
                         net (fo=3, routed)           0.135     0.299    ifu0/pc0/data5[0]
    SLICE_X8Y74          CARRY4 (Prop_carry4_S[2]_O[3])
                                                      0.146     0.445 r  ifu0/pc0/PCResult_reg[2]_i_1/O[3]
                         net (fo=1, routed)           0.000     0.445    ifu0/pc0/PCResult_reg[2]_i_1_n_4
    SLICE_X8Y74          FDRE                                         r  ifu0/pc0/PCResult_reg[5]/D
  -------------------------------------------------------------------    -------------------

Slack:                    inf
  Source:                 ifu0/pc0/PCResult_reg[15]/C
                            (rising edge-triggered cell FDRE)
  Destination:            ifu0/pc0/PCResult_reg[15]/D
  Path Group:             (none)
  Path Type:              Min at Fast Process Corner
  Data Path Delay:        0.456ns  (logic 0.275ns (60.364%)  route 0.181ns (39.636%))
  Logic Levels:           2  (CARRY4=1 FDRE=1)

    Location             Delay type                Incr(ns)  Path(ns)    Netlist Resource(s)
  -------------------------------------------------------------------    -------------------
    SLICE_X8Y77          FDRE                         0.000     0.000 r  ifu0/pc0/PCResult_reg[15]/C
    SLICE_X8Y77          FDRE (Prop_fdre_C_Q)         0.164     0.164 r  ifu0/pc0/PCResult_reg[15]/Q
                         net (fo=2, routed)           0.181     0.345    ifu0/pc0/data7[3]
    SLICE_X8Y77          CARRY4 (Prop_carry4_S[1]_O[1])
                                                      0.111     0.456 r  ifu0/pc0/PCResult_reg[14]_i_1/O[1]
                         net (fo=1, routed)           0.000     0.456    ifu0/pc0/PCResult_reg[14]_i_1_n_6
    SLICE_X8Y77          FDRE                                         r  ifu0/pc0/PCResult_reg[15]/D
  -------------------------------------------------------------------    -------------------

Slack:                    inf
  Source:                 ifu0/pc0/PCResult_reg[11]/C
                            (rising edge-triggered cell FDRE)
  Destination:            ifu0/pc0/PCResult_reg[11]/D
  Path Group:             (none)
  Path Type:              Min at Fast Process Corner
  Data Path Delay:        0.460ns  (logic 0.275ns (59.841%)  route 0.185ns (40.159%))
  Logic Levels:           2  (CARRY4=1 FDRE=1)

    Location             Delay type                Incr(ns)  Path(ns)    Netlist Resource(s)
  -------------------------------------------------------------------    -------------------
    SLICE_X8Y76          FDRE                         0.000     0.000 r  ifu0/pc0/PCResult_reg[11]/C
    SLICE_X8Y76          FDRE (Prop_fdre_C_Q)         0.164     0.164 r  ifu0/pc0/PCResult_reg[11]/Q
                         net (fo=3, routed)           0.185     0.349    ifu0/pc0/data6[3]
    SLICE_X8Y76          CARRY4 (Prop_carry4_S[1]_O[1])
                                                      0.111     0.460 r  ifu0/pc0/PCResult_reg[10]_i_1/O[1]
                         net (fo=1, routed)           0.000     0.460    ifu0/pc0/PCResult_reg[10]_i_1_n_6
    SLICE_X8Y76          FDRE                                         r  ifu0/pc0/PCResult_reg[11]/D
  -------------------------------------------------------------------    -------------------

Slack:                    inf
  Source:                 ifu0/pc0/PCResult_reg[7]/C
                            (rising edge-triggered cell FDRE)
  Destination:            ifu0/pc0/PCResult_reg[7]/D
  Path Group:             (none)
  Path Type:              Min at Fast Process Corner
  Data Path Delay:        0.460ns  (logic 0.275ns (59.795%)  route 0.185ns (40.205%))
  Logic Levels:           2  (CARRY4=1 FDRE=1)

    Location             Delay type                Incr(ns)  Path(ns)    Netlist Resource(s)
  -------------------------------------------------------------------    -------------------
    SLICE_X8Y75          FDRE                         0.000     0.000 r  ifu0/pc0/PCResult_reg[7]/C
    SLICE_X8Y75          FDRE (Prop_fdre_C_Q)         0.164     0.164 r  ifu0/pc0/PCResult_reg[7]/Q
                         net (fo=3, routed)           0.185     0.349    ifu0/pc0/data5[3]
    SLICE_X8Y75          CARRY4 (Prop_carry4_S[1]_O[1])
                                                      0.111     0.460 r  ifu0/pc0/PCResult_reg[6]_i_1/O[1]
                         net (fo=1, routed)           0.000     0.460    ifu0/pc0/PCResult_reg[6]_i_1_n_6
    SLICE_X8Y75          FDRE                                         r  ifu0/pc0/PCResult_reg[7]/D
  -------------------------------------------------------------------    -------------------

Slack:                    inf
  Source:                 ifu0/pc0/PCResult_reg[2]/C
                            (rising edge-triggered cell FDRE)
  Destination:            ifu0/pc0/PCResult_reg[2]/D
  Path Group:             (none)
  Path Type:              Min at Fast Process Corner
  Data Path Delay:        0.465ns  (logic 0.279ns (60.039%)  route 0.186ns (39.961%))
  Logic Levels:           3  (CARRY4=1 FDRE=1 LUT1=1)

    Location             Delay type                Incr(ns)  Path(ns)    Netlist Resource(s)
  -------------------------------------------------------------------    -------------------
    SLICE_X8Y74          FDRE                         0.000     0.000 r  ifu0/pc0/PCResult_reg[2]/C
    SLICE_X8Y74          FDRE (Prop_fdre_C_Q)         0.164     0.164 f  ifu0/pc0/PCResult_reg[2]/Q
                         net (fo=4, routed)           0.186     0.350    ifu0/pc0/PCResult_reg_n_0_[2]
    SLICE_X8Y74          LUT1 (Prop_lut1_I0_O)        0.045     0.395 r  ifu0/pc0/PCResult[2]_i_2/O
                         net (fo=1, routed)           0.000     0.395    ifu0/pc0/PCResult[2]_i_2_n_0
    SLICE_X8Y74          CARRY4 (Prop_carry4_S[0]_O[0])
                                                      0.070     0.465 r  ifu0/pc0/PCResult_reg[2]_i_1/O[0]
                         net (fo=1, routed)           0.000     0.465    ifu0/pc0/PCResult_reg[2]_i_1_n_7
    SLICE_X8Y74          FDRE                                         r  ifu0/pc0/PCResult_reg[2]/D
  -------------------------------------------------------------------    -------------------





--------------------------------------------------------------------------------------
Path Group:  (none)
From Clock:  Clk
  To Clock:  

Max Delay            15 Endpoints
Min Delay            15 Endpoints
--------------------------------------------------------------------------------------


Max Delay Paths
--------------------------------------------------------------------------------------
Slack:                    inf
  Source:                 disp/cnt_reg[18]/C
                            (rising edge-triggered cell FDRE clocked by Clk  {rise@0.000ns fall@5.000ns period=10.000ns})
  Destination:            en_out[6]
                            (output port)
  Path Group:             (none)
  Path Type:              Max at Slow Process Corner
  Data Path Delay:        9.081ns  (logic 3.923ns (43.201%)  route 5.158ns (56.799%))
  Logic Levels:           2  (LUT3=1 OBUF=1)
  Clock Uncertainty:      0.025ns  ((TSJ^2 + TIJ^2)^1/2 + DJ) / 2 + PE
    Total System Jitter     (TSJ):    0.050ns
    Total Input Jitter      (TIJ):    0.000ns
    Discrete Jitter          (DJ):    0.000ns
    Phase Error              (PE):    0.000ns

    Location             Delay type                Incr(ns)  Path(ns)    Netlist Resource(s)
  -------------------------------------------------------------------    -------------------
                         (clock Clk rise edge)        0.000     0.000 r  
    E3                                                0.000     0.000 r  Clk (IN)
                         net (fo=0)                   0.000     0.000    Clk
    E3                   IBUF (Prop_ibuf_I_O)         1.413     1.413 r  Clk_IBUF_inst/O
                         net (fo=1, routed)           1.717     3.130    Clk_IBUF
    BUFGCTRL_X0Y16       BUFG (Prop_bufg_I_O)         0.081     3.211 r  Clk_IBUF_BUFG_inst/O
                         net (fo=47, routed)          1.372     4.582    disp/Clk_IBUF_BUFG
    SLICE_X9Y74          FDRE                                         r  disp/cnt_reg[18]/C
  -------------------------------------------------------------------    -------------------
    SLICE_X9Y74          FDRE (Prop_fdre_C_Q)         0.379     4.961 f  disp/cnt_reg[18]/Q
                         net (fo=17, routed)          1.049     6.011    disp/cnt_reg[18]_0[1]
    SLICE_X7Y75          LUT3 (Prop_lut3_I0_O)        0.119     6.130 r  disp/en_out_OBUF[6]_inst_i_1/O
                         net (fo=1, routed)           4.109    10.238    en_out_OBUF[6]
    K2                   OBUF (Prop_obuf_I_O)         3.425    13.663 r  en_out_OBUF[6]_inst/O
                         net (fo=0)                   0.000    13.663    en_out[6]
    K2                                                                r  en_out[6] (OUT)
  -------------------------------------------------------------------    -------------------

Slack:                    inf
  Source:                 disp/cnt_reg[17]/C
                            (rising edge-triggered cell FDRE clocked by Clk  {rise@0.000ns fall@5.000ns period=10.000ns})
  Destination:            out7[3]
                            (output port)
  Path Group:             (none)
  Path Type:              Max at Slow Process Corner
  Data Path Delay:        8.593ns  (logic 4.210ns (48.992%)  route 4.383ns (51.008%))
  Logic Levels:           4  (LUT4=1 LUT6=1 MUXF7=1 OBUF=1)
  Clock Uncertainty:      0.025ns  ((TSJ^2 + TIJ^2)^1/2 + DJ) / 2 + PE
    Total System Jitter     (TSJ):    0.050ns
    Total Input Jitter      (TIJ):    0.000ns
    Discrete Jitter          (DJ):    0.000ns
    Phase Error              (PE):    0.000ns

    Location             Delay type                Incr(ns)  Path(ns)    Netlist Resource(s)
  -------------------------------------------------------------------    -------------------
                         (clock Clk rise edge)        0.000     0.000 r  
    E3                                                0.000     0.000 r  Clk (IN)
                         net (fo=0)                   0.000     0.000    Clk
    E3                   IBUF (Prop_ibuf_I_O)         1.413     1.413 r  Clk_IBUF_inst/O
                         net (fo=1, routed)           1.717     3.130    Clk_IBUF
    BUFGCTRL_X0Y16       BUFG (Prop_bufg_I_O)         0.081     3.211 r  Clk_IBUF_BUFG_inst/O
                         net (fo=47, routed)          1.372     4.582    disp/Clk_IBUF_BUFG
    SLICE_X9Y74          FDRE                                         r  disp/cnt_reg[17]/C
  -------------------------------------------------------------------    -------------------
    SLICE_X9Y74          FDRE (Prop_fdre_C_Q)         0.379     4.961 r  disp/cnt_reg[17]/Q
                         net (fo=17, routed)          1.013     5.974    disp/cnt_reg[18]_0[0]
    SLICE_X11Y76         LUT6 (Prop_lut6_I3_O)        0.105     6.079 r  disp/out7_OBUF[6]_inst_i_10/O
                         net (fo=1, routed)           0.000     6.079    disp/out7_OBUF[6]_inst_i_10_n_0
    SLICE_X11Y76         MUXF7 (Prop_muxf7_I0_O)      0.178     6.257 r  disp/out7_OBUF[6]_inst_i_4/O
                         net (fo=7, routed)           0.953     7.210    disp/out7_OBUF[6]_inst_i_4_n_0
    SLICE_X7Y78          LUT4 (Prop_lut4_I1_O)        0.252     7.462 r  disp/out7_OBUF[3]_inst_i_1/O
                         net (fo=1, routed)           2.417     9.879    out7_OBUF[3]
    K13                  OBUF (Prop_obuf_I_O)         3.296    13.175 r  out7_OBUF[3]_inst/O
                         net (fo=0)                   0.000    13.175    out7[3]
    K13                                                               r  out7[3] (OUT)
  -------------------------------------------------------------------    -------------------

Slack:                    inf
  Source:                 disp/cnt_reg[17]/C
                            (rising edge-triggered cell FDRE clocked by Clk  {rise@0.000ns fall@5.000ns period=10.000ns})
  Destination:            out7[6]
                            (output port)
  Path Group:             (none)
  Path Type:              Max at Slow Process Corner
  Data Path Delay:        8.537ns  (logic 4.418ns (51.746%)  route 4.119ns (48.254%))
  Logic Levels:           4  (LUT4=1 LUT6=1 MUXF7=1 OBUF=1)
  Clock Uncertainty:      0.025ns  ((TSJ^2 + TIJ^2)^1/2 + DJ) / 2 + PE
    Total System Jitter     (TSJ):    0.050ns
    Total Input Jitter      (TIJ):    0.000ns
    Discrete Jitter          (DJ):    0.000ns
    Phase Error              (PE):    0.000ns

    Location             Delay type                Incr(ns)  Path(ns)    Netlist Resource(s)
  -------------------------------------------------------------------    -------------------
                         (clock Clk rise edge)        0.000     0.000 r  
    E3                                                0.000     0.000 r  Clk (IN)
                         net (fo=0)                   0.000     0.000    Clk
    E3                   IBUF (Prop_ibuf_I_O)         1.413     1.413 r  Clk_IBUF_inst/O
                         net (fo=1, routed)           1.717     3.130    Clk_IBUF
    BUFGCTRL_X0Y16       BUFG (Prop_bufg_I_O)         0.081     3.211 r  Clk_IBUF_BUFG_inst/O
                         net (fo=47, routed)          1.372     4.582    disp/Clk_IBUF_BUFG
    SLICE_X9Y74          FDRE                                         r  disp/cnt_reg[17]/C
  -------------------------------------------------------------------    -------------------
    SLICE_X9Y74          FDRE (Prop_fdre_C_Q)         0.379     4.961 r  disp/cnt_reg[17]/Q
                         net (fo=17, routed)          1.013     5.974    disp/cnt_reg[18]_0[0]
    SLICE_X11Y76         LUT6 (Prop_lut6_I3_O)        0.105     6.079 r  disp/out7_OBUF[6]_inst_i_10/O
                         net (fo=1, routed)           0.000     6.079    disp/out7_OBUF[6]_inst_i_10_n_0
    SLICE_X11Y76         MUXF7 (Prop_muxf7_I0_O)      0.178     6.257 r  disp/out7_OBUF[6]_inst_i_4/O
                         net (fo=7, routed)           0.881     7.138    disp/out7_OBUF[6]_inst_i_4_n_0
    SLICE_X7Y76          LUT4 (Prop_lut4_I2_O)        0.271     7.409 r  disp/out7_OBUF[6]_inst_i_1/O
                         net (fo=1, routed)           2.226     9.635    out7_OBUF[6]
    T10                  OBUF (Prop_obuf_I_O)         3.485    13.120 r  out7_OBUF[6]_inst/O
                         net (fo=0)                   0.000    13.120    out7[6]
    T10                                                               r  out7[6] (OUT)
  -------------------------------------------------------------------    -------------------

Slack:                    inf
  Source:                 disp/cnt_reg[17]/C
                            (rising edge-triggered cell FDRE clocked by Clk  {rise@0.000ns fall@5.000ns period=10.000ns})
  Destination:            out7[4]
                            (output port)
  Path Group:             (none)
  Path Type:              Max at Slow Process Corner
  Data Path Delay:        8.369ns  (logic 4.341ns (51.866%)  route 4.028ns (48.134%))
  Logic Levels:           4  (LUT4=1 LUT6=1 MUXF7=1 OBUF=1)
  Clock Uncertainty:      0.025ns  ((TSJ^2 + TIJ^2)^1/2 + DJ) / 2 + PE
    Total System Jitter     (TSJ):    0.050ns
    Total Input Jitter      (TIJ):    0.000ns
    Discrete Jitter          (DJ):    0.000ns
    Phase Error              (PE):    0.000ns

    Location             Delay type                Incr(ns)  Path(ns)    Netlist Resource(s)
  -------------------------------------------------------------------    -------------------
                         (clock Clk rise edge)        0.000     0.000 r  
    E3                                                0.000     0.000 r  Clk (IN)
                         net (fo=0)                   0.000     0.000    Clk
    E3                   IBUF (Prop_ibuf_I_O)         1.413     1.413 r  Clk_IBUF_inst/O
                         net (fo=1, routed)           1.717     3.130    Clk_IBUF
    BUFGCTRL_X0Y16       BUFG (Prop_bufg_I_O)         0.081     3.211 r  Clk_IBUF_BUFG_inst/O
                         net (fo=47, routed)          1.372     4.582    disp/Clk_IBUF_BUFG
    SLICE_X9Y74          FDRE                                         r  disp/cnt_reg[17]/C
  -------------------------------------------------------------------    -------------------
    SLICE_X9Y74          FDRE (Prop_fdre_C_Q)         0.379     4.961 r  disp/cnt_reg[17]/Q
                         net (fo=17, routed)          1.013     5.974    disp/cnt_reg[18]_0[0]
    SLICE_X11Y76         LUT6 (Prop_lut6_I3_O)        0.105     6.079 r  disp/out7_OBUF[6]_inst_i_10/O
                         net (fo=1, routed)           0.000     6.079    disp/out7_OBUF[6]_inst_i_10_n_0
    SLICE_X11Y76         MUXF7 (Prop_muxf7_I0_O)      0.178     6.257 r  disp/out7_OBUF[6]_inst_i_4/O
                         net (fo=7, routed)           0.953     7.210    disp/out7_OBUF[6]_inst_i_4_n_0
    SLICE_X7Y78          LUT4 (Prop_lut4_I0_O)        0.271     7.481 r  disp/out7_OBUF[4]_inst_i_1/O
                         net (fo=1, routed)           2.063     9.544    out7_OBUF[4]
    K16                  OBUF (Prop_obuf_I_O)         3.408    12.951 r  out7_OBUF[4]_inst/O
                         net (fo=0)                   0.000    12.951    out7[4]
    K16                                                               r  out7[4] (OUT)
  -------------------------------------------------------------------    -------------------

Slack:                    inf
  Source:                 disp/cnt_reg[17]/C
                            (rising edge-triggered cell FDRE clocked by Clk  {rise@0.000ns fall@5.000ns period=10.000ns})
  Destination:            out7[1]
                            (output port)
  Path Group:             (none)
  Path Type:              Max at Slow Process Corner
  Data Path Delay:        8.141ns  (logic 4.220ns (51.840%)  route 3.921ns (48.160%))
  Logic Levels:           4  (LUT4=1 LUT6=1 MUXF7=1 OBUF=1)
  Clock Uncertainty:      0.025ns  ((TSJ^2 + TIJ^2)^1/2 + DJ) / 2 + PE
    Total System Jitter     (TSJ):    0.050ns
    Total Input Jitter      (TIJ):    0.000ns
    Discrete Jitter          (DJ):    0.000ns
    Phase Error              (PE):    0.000ns

    Location             Delay type                Incr(ns)  Path(ns)    Netlist Resource(s)
  -------------------------------------------------------------------    -------------------
                         (clock Clk rise edge)        0.000     0.000 r  
    E3                                                0.000     0.000 r  Clk (IN)
                         net (fo=0)                   0.000     0.000    Clk
    E3                   IBUF (Prop_ibuf_I_O)         1.413     1.413 r  Clk_IBUF_inst/O
                         net (fo=1, routed)           1.717     3.130    Clk_IBUF
    BUFGCTRL_X0Y16       BUFG (Prop_bufg_I_O)         0.081     3.211 r  Clk_IBUF_BUFG_inst/O
                         net (fo=47, routed)          1.372     4.582    disp/Clk_IBUF_BUFG
    SLICE_X9Y74          FDRE                                         r  disp/cnt_reg[17]/C
  -------------------------------------------------------------------    -------------------
    SLICE_X9Y74          FDRE (Prop_fdre_C_Q)         0.379     4.961 r  disp/cnt_reg[17]/Q
                         net (fo=17, routed)          1.013     5.974    disp/cnt_reg[18]_0[0]
    SLICE_X11Y76         LUT6 (Prop_lut6_I3_O)        0.105     6.079 r  disp/out7_OBUF[6]_inst_i_10/O
                         net (fo=1, routed)           0.000     6.079    disp/out7_OBUF[6]_inst_i_10_n_0
    SLICE_X11Y76         MUXF7 (Prop_muxf7_I0_O)      0.178     6.257 r  disp/out7_OBUF[6]_inst_i_4/O
                         net (fo=7, routed)           1.006     7.263    disp/out7_OBUF[6]_inst_i_4_n_0
    SLICE_X7Y78          LUT4 (Prop_lut4_I0_O)        0.252     7.515 r  disp/out7_OBUF[1]_inst_i_1/O
                         net (fo=1, routed)           1.902     9.417    out7_OBUF[1]
    T11                  OBUF (Prop_obuf_I_O)         3.306    12.723 r  out7_OBUF[1]_inst/O
                         net (fo=0)                   0.000    12.723    out7[1]
    T11                                                               r  out7[1] (OUT)
  -------------------------------------------------------------------    -------------------

Slack:                    inf
  Source:                 disp/cnt_reg[17]/C
                            (rising edge-triggered cell FDRE clocked by Clk  {rise@0.000ns fall@5.000ns period=10.000ns})
  Destination:            out7[0]
                            (output port)
  Path Group:             (none)
  Path Type:              Max at Slow Process Corner
  Data Path Delay:        8.124ns  (logic 4.373ns (53.827%)  route 3.751ns (46.173%))
  Logic Levels:           4  (LUT4=1 LUT6=1 MUXF7=1 OBUF=1)
  Clock Uncertainty:      0.025ns  ((TSJ^2 + TIJ^2)^1/2 + DJ) / 2 + PE
    Total System Jitter     (TSJ):    0.050ns
    Total Input Jitter      (TIJ):    0.000ns
    Discrete Jitter          (DJ):    0.000ns
    Phase Error              (PE):    0.000ns

    Location             Delay type                Incr(ns)  Path(ns)    Netlist Resource(s)
  -------------------------------------------------------------------    -------------------
                         (clock Clk rise edge)        0.000     0.000 r  
    E3                                                0.000     0.000 r  Clk (IN)
                         net (fo=0)                   0.000     0.000    Clk
    E3                   IBUF (Prop_ibuf_I_O)         1.413     1.413 r  Clk_IBUF_inst/O
                         net (fo=1, routed)           1.717     3.130    Clk_IBUF
    BUFGCTRL_X0Y16       BUFG (Prop_bufg_I_O)         0.081     3.211 r  Clk_IBUF_BUFG_inst/O
                         net (fo=47, routed)          1.372     4.582    disp/Clk_IBUF_BUFG
    SLICE_X9Y74          FDRE                                         r  disp/cnt_reg[17]/C
  -------------------------------------------------------------------    -------------------
    SLICE_X9Y74          FDRE (Prop_fdre_C_Q)         0.379     4.961 r  disp/cnt_reg[17]/Q
                         net (fo=17, routed)          1.013     5.974    disp/cnt_reg[18]_0[0]
    SLICE_X11Y76         LUT6 (Prop_lut6_I3_O)        0.105     6.079 r  disp/out7_OBUF[6]_inst_i_10/O
                         net (fo=1, routed)           0.000     6.079    disp/out7_OBUF[6]_inst_i_10_n_0
    SLICE_X11Y76         MUXF7 (Prop_muxf7_I0_O)      0.178     6.257 r  disp/out7_OBUF[6]_inst_i_4/O
                         net (fo=7, routed)           1.006     7.263    disp/out7_OBUF[6]_inst_i_4_n_0
    SLICE_X7Y78          LUT4 (Prop_lut4_I1_O)        0.265     7.528 r  disp/out7_OBUF[0]_inst_i_1/O
                         net (fo=1, routed)           1.732     9.261    out7_OBUF[0]
    L18                  OBUF (Prop_obuf_I_O)         3.446    12.706 r  out7_OBUF[0]_inst/O
                         net (fo=0)                   0.000    12.706    out7[0]
    L18                                                               r  out7[0] (OUT)
  -------------------------------------------------------------------    -------------------

Slack:                    inf
  Source:                 disp/cnt_reg[17]/C
                            (rising edge-triggered cell FDRE clocked by Clk  {rise@0.000ns fall@5.000ns period=10.000ns})
  Destination:            out7[5]
                            (output port)
  Path Group:             (none)
  Path Type:              Max at Slow Process Corner
  Data Path Delay:        8.123ns  (logic 4.215ns (51.893%)  route 3.907ns (48.107%))
  Logic Levels:           4  (LUT4=1 LUT6=1 MUXF7=1 OBUF=1)
  Clock Uncertainty:      0.025ns  ((TSJ^2 + TIJ^2)^1/2 + DJ) / 2 + PE
    Total System Jitter     (TSJ):    0.050ns
    Total Input Jitter      (TIJ):    0.000ns
    Discrete Jitter          (DJ):    0.000ns
    Phase Error              (PE):    0.000ns

    Location             Delay type                Incr(ns)  Path(ns)    Netlist Resource(s)
  -------------------------------------------------------------------    -------------------
                         (clock Clk rise edge)        0.000     0.000 r  
    E3                                                0.000     0.000 r  Clk (IN)
                         net (fo=0)                   0.000     0.000    Clk
    E3                   IBUF (Prop_ibuf_I_O)         1.413     1.413 r  Clk_IBUF_inst/O
                         net (fo=1, routed)           1.717     3.130    Clk_IBUF
    BUFGCTRL_X0Y16       BUFG (Prop_bufg_I_O)         0.081     3.211 r  Clk_IBUF_BUFG_inst/O
                         net (fo=47, routed)          1.372     4.582    disp/Clk_IBUF_BUFG
    SLICE_X9Y74          FDRE                                         r  disp/cnt_reg[17]/C
  -------------------------------------------------------------------    -------------------
    SLICE_X9Y74          FDRE (Prop_fdre_C_Q)         0.379     4.961 r  disp/cnt_reg[17]/Q
                         net (fo=17, routed)          1.013     5.974    disp/cnt_reg[18]_0[0]
    SLICE_X11Y76         LUT6 (Prop_lut6_I3_O)        0.105     6.079 r  disp/out7_OBUF[6]_inst_i_10/O
                         net (fo=1, routed)           0.000     6.079    disp/out7_OBUF[6]_inst_i_10_n_0
    SLICE_X11Y76         MUXF7 (Prop_muxf7_I0_O)      0.178     6.257 r  disp/out7_OBUF[6]_inst_i_4/O
                         net (fo=7, routed)           0.881     7.138    disp/out7_OBUF[6]_inst_i_4_n_0
    SLICE_X7Y76          LUT4 (Prop_lut4_I1_O)        0.252     7.390 r  disp/out7_OBUF[5]_inst_i_1/O
                         net (fo=1, routed)           2.014     9.404    out7_OBUF[5]
    R10                  OBUF (Prop_obuf_I_O)         3.301    12.705 r  out7_OBUF[5]_inst/O
                         net (fo=0)                   0.000    12.705    out7[5]
    R10                                                               r  out7[5] (OUT)
  -------------------------------------------------------------------    -------------------

Slack:                    inf
  Source:                 disp/cnt_reg[18]/C
                            (rising edge-triggered cell FDRE clocked by Clk  {rise@0.000ns fall@5.000ns period=10.000ns})
  Destination:            out7[2]
                            (output port)
  Path Group:             (none)
  Path Type:              Max at Slow Process Corner
  Data Path Delay:        7.555ns  (logic 4.212ns (55.753%)  route 3.343ns (44.247%))
  Logic Levels:           4  (LUT4=1 LUT6=1 MUXF7=1 OBUF=1)
  Clock Uncertainty:      0.025ns  ((TSJ^2 + TIJ^2)^1/2 + DJ) / 2 + PE
    Total System Jitter     (TSJ):    0.050ns
    Total Input Jitter      (TIJ):    0.000ns
    Discrete Jitter          (DJ):    0.000ns
    Phase Error              (PE):    0.000ns

    Location             Delay type                Incr(ns)  Path(ns)    Netlist Resource(s)
  -------------------------------------------------------------------    -------------------
                         (clock Clk rise edge)        0.000     0.000 r  
    E3                                                0.000     0.000 r  Clk (IN)
                         net (fo=0)                   0.000     0.000    Clk
    E3                   IBUF (Prop_ibuf_I_O)         1.413     1.413 r  Clk_IBUF_inst/O
                         net (fo=1, routed)           1.717     3.130    Clk_IBUF
    BUFGCTRL_X0Y16       BUFG (Prop_bufg_I_O)         0.081     3.211 r  Clk_IBUF_BUFG_inst/O
                         net (fo=47, routed)          1.372     4.582    disp/Clk_IBUF_BUFG
    SLICE_X9Y74          FDRE                                         r  disp/cnt_reg[18]/C
  -------------------------------------------------------------------    -------------------
    SLICE_X9Y74          FDRE (Prop_fdre_C_Q)         0.379     4.961 r  disp/cnt_reg[18]/Q
                         net (fo=17, routed)          0.898     5.860    disp/cnt_reg[18]_0[1]
    SLICE_X11Y76         LUT6 (Prop_lut6_I4_O)        0.105     5.965 r  disp/out7_OBUF[6]_inst_i_8/O
                         net (fo=1, routed)           0.000     5.965    disp/out7_OBUF[6]_inst_i_8_n_0
    SLICE_X11Y76         MUXF7 (Prop_muxf7_I0_O)      0.199     6.164 r  disp/out7_OBUF[6]_inst_i_3/O
                         net (fo=7, routed)           0.900     7.063    disp/out7_OBUF[6]_inst_i_3_n_0
    SLICE_X7Y76          LUT4 (Prop_lut4_I2_O)        0.250     7.313 r  disp/out7_OBUF[2]_inst_i_1/O
                         net (fo=1, routed)           1.545     8.858    out7_OBUF[2]
    P15                  OBUF (Prop_obuf_I_O)         3.279    12.137 r  out7_OBUF[2]_inst/O
                         net (fo=0)                   0.000    12.137    out7[2]
    P15                                                               r  out7[2] (OUT)
  -------------------------------------------------------------------    -------------------

Slack:                    inf
  Source:                 disp/cnt_reg[17]/C
                            (rising edge-triggered cell FDRE clocked by Clk  {rise@0.000ns fall@5.000ns period=10.000ns})
  Destination:            en_out[0]
                            (output port)
  Path Group:             (none)
  Path Type:              Max at Slow Process Corner
  Data Path Delay:        7.408ns  (logic 3.956ns (53.401%)  route 3.452ns (46.599%))
  Logic Levels:           2  (LUT3=1 OBUF=1)
  Clock Uncertainty:      0.025ns  ((TSJ^2 + TIJ^2)^1/2 + DJ) / 2 + PE
    Total System Jitter     (TSJ):    0.050ns
    Total Input Jitter      (TIJ):    0.000ns
    Discrete Jitter          (DJ):    0.000ns
    Phase Error              (PE):    0.000ns

    Location             Delay type                Incr(ns)  Path(ns)    Netlist Resource(s)
  -------------------------------------------------------------------    -------------------
                         (clock Clk rise edge)        0.000     0.000 r  
    E3                                                0.000     0.000 r  Clk (IN)
                         net (fo=0)                   0.000     0.000    Clk
    E3                   IBUF (Prop_ibuf_I_O)         1.413     1.413 r  Clk_IBUF_inst/O
                         net (fo=1, routed)           1.717     3.130    Clk_IBUF
    BUFGCTRL_X0Y16       BUFG (Prop_bufg_I_O)         0.081     3.211 r  Clk_IBUF_BUFG_inst/O
                         net (fo=47, routed)          1.372     4.582    disp/Clk_IBUF_BUFG
    SLICE_X9Y74          FDRE                                         r  disp/cnt_reg[17]/C
  -------------------------------------------------------------------    -------------------
    SLICE_X9Y74          FDRE (Prop_fdre_C_Q)         0.379     4.961 r  disp/cnt_reg[17]/Q
                         net (fo=17, routed)          1.254     6.215    disp/cnt_reg[18]_0[0]
    SLICE_X7Y78          LUT3 (Prop_lut3_I0_O)        0.126     6.341 r  disp/en_out_OBUF[0]_inst_i_1/O
                         net (fo=1, routed)           2.199     8.540    en_out_OBUF[0]
    J17                  OBUF (Prop_obuf_I_O)         3.451    11.991 r  en_out_OBUF[0]_inst/O
                         net (fo=0)                   0.000    11.991    en_out[0]
    J17                                                               r  en_out[0] (OUT)
  -------------------------------------------------------------------    -------------------

Slack:                    inf
  Source:                 disp/cnt_reg[18]/C
                            (rising edge-triggered cell FDRE clocked by Clk  {rise@0.000ns fall@5.000ns period=10.000ns})
  Destination:            en_out[7]
                            (output port)
  Path Group:             (none)
  Path Type:              Max at Slow Process Corner
  Data Path Delay:        7.213ns  (logic 3.967ns (54.997%)  route 3.246ns (45.003%))
  Logic Levels:           2  (LUT3=1 OBUF=1)
  Clock Uncertainty:      0.025ns  ((TSJ^2 + TIJ^2)^1/2 + DJ) / 2 + PE
    Total System Jitter     (TSJ):    0.050ns
    Total Input Jitter      (TIJ):    0.000ns
    Discrete Jitter          (DJ):    0.000ns
    Phase Error              (PE):    0.000ns

    Location             Delay type                Incr(ns)  Path(ns)    Netlist Resource(s)
  -------------------------------------------------------------------    -------------------
                         (clock Clk rise edge)        0.000     0.000 r  
    E3                                                0.000     0.000 r  Clk (IN)
                         net (fo=0)                   0.000     0.000    Clk
    E3                   IBUF (Prop_ibuf_I_O)         1.413     1.413 r  Clk_IBUF_inst/O
                         net (fo=1, routed)           1.717     3.130    Clk_IBUF
    BUFGCTRL_X0Y16       BUFG (Prop_bufg_I_O)         0.081     3.211 r  Clk_IBUF_BUFG_inst/O
                         net (fo=47, routed)          1.372     4.582    disp/Clk_IBUF_BUFG
    SLICE_X9Y74          FDRE                                         r  disp/cnt_reg[18]/C
  -------------------------------------------------------------------    -------------------
    SLICE_X9Y74          FDRE (Prop_fdre_C_Q)         0.379     4.961 f  disp/cnt_reg[18]/Q
                         net (fo=17, routed)          1.049     6.011    disp/cnt_reg[18]_0[1]
    SLICE_X7Y75          LUT3 (Prop_lut3_I1_O)        0.119     6.130 r  disp/en_out_OBUF[7]_inst_i_1/O
                         net (fo=1, routed)           2.197     8.327    en_out_OBUF[7]
    U13                  OBUF (Prop_obuf_I_O)         3.469    11.796 r  en_out_OBUF[7]_inst/O
                         net (fo=0)                   0.000    11.796    en_out[7]
    U13                                                               r  en_out[7] (OUT)
  -------------------------------------------------------------------    -------------------





Min Delay Paths
--------------------------------------------------------------------------------------
Slack:                    inf
  Source:                 disp/cnt_reg[18]/C
                            (rising edge-triggered cell FDRE clocked by Clk  {rise@0.000ns fall@5.000ns period=10.000ns})
  Destination:            en_out[4]
                            (output port)
  Path Group:             (none)
  Path Type:              Min at Fast Process Corner
  Data Path Delay:        2.315ns  (logic 1.437ns (62.055%)  route 0.878ns (37.945%))
  Logic Levels:           2  (LUT3=1 OBUF=1)
  Clock Uncertainty:      0.025ns  ((TSJ^2 + TIJ^2)^1/2 + DJ) / 2 + PE
    Total System Jitter     (TSJ):    0.050ns
    Total Input Jitter      (TIJ):    0.000ns
    Discrete Jitter          (DJ):    0.000ns
    Phase Error              (PE):    0.000ns

    Location             Delay type                Incr(ns)  Path(ns)    Netlist Resource(s)
  -------------------------------------------------------------------    -------------------
                         (clock Clk rise edge)        0.000     0.000 r  
    E3                                                0.000     0.000 r  Clk (IN)
                         net (fo=0)                   0.000     0.000    Clk
    E3                   IBUF (Prop_ibuf_I_O)         0.250     0.250 r  Clk_IBUF_inst/O
                         net (fo=1, routed)           0.644     0.894    Clk_IBUF
    BUFGCTRL_X0Y16       BUFG (Prop_bufg_I_O)         0.026     0.920 r  Clk_IBUF_BUFG_inst/O
                         net (fo=47, routed)          0.562     1.481    disp/Clk_IBUF_BUFG
    SLICE_X9Y74          FDRE                                         r  disp/cnt_reg[18]/C
  -------------------------------------------------------------------    -------------------
    SLICE_X9Y74          FDRE (Prop_fdre_C_Q)         0.141     1.622 r  disp/cnt_reg[18]/Q
                         net (fo=17, routed)          0.485     2.107    disp/cnt_reg[18]_0[1]
    SLICE_X7Y78          LUT3 (Prop_lut3_I1_O)        0.045     2.152 r  disp/en_out_OBUF[4]_inst_i_1/O
                         net (fo=1, routed)           0.394     2.546    en_out_OBUF[4]
    P14                  OBUF (Prop_obuf_I_O)         1.251     3.796 r  en_out_OBUF[4]_inst/O
                         net (fo=0)                   0.000     3.796    en_out[4]
    P14                                                               r  en_out[4] (OUT)
  -------------------------------------------------------------------    -------------------

Slack:                    inf
  Source:                 disp/cnt_reg[19]/C
                            (rising edge-triggered cell FDRE clocked by Clk  {rise@0.000ns fall@5.000ns period=10.000ns})
  Destination:            en_out[5]
                            (output port)
  Path Group:             (none)
  Path Type:              Min at Fast Process Corner
  Data Path Delay:        2.439ns  (logic 1.503ns (61.639%)  route 0.936ns (38.361%))
  Logic Levels:           2  (LUT3=1 OBUF=1)
  Clock Uncertainty:      0.025ns  ((TSJ^2 + TIJ^2)^1/2 + DJ) / 2 + PE
    Total System Jitter     (TSJ):    0.050ns
    Total Input Jitter      (TIJ):    0.000ns
    Discrete Jitter          (DJ):    0.000ns
    Phase Error              (PE):    0.000ns

    Location             Delay type                Incr(ns)  Path(ns)    Netlist Resource(s)
  -------------------------------------------------------------------    -------------------
                         (clock Clk rise edge)        0.000     0.000 r  
    E3                                                0.000     0.000 r  Clk (IN)
                         net (fo=0)                   0.000     0.000    Clk
    E3                   IBUF (Prop_ibuf_I_O)         0.250     0.250 r  Clk_IBUF_inst/O
                         net (fo=1, routed)           0.644     0.894    Clk_IBUF
    BUFGCTRL_X0Y16       BUFG (Prop_bufg_I_O)         0.026     0.920 r  Clk_IBUF_BUFG_inst/O
                         net (fo=47, routed)          0.562     1.481    disp/Clk_IBUF_BUFG
    SLICE_X9Y74          FDRE                                         r  disp/cnt_reg[19]/C
  -------------------------------------------------------------------    -------------------
    SLICE_X9Y74          FDRE (Prop_fdre_C_Q)         0.141     1.622 f  disp/cnt_reg[19]/Q
                         net (fo=13, routed)          0.478     2.100    disp/sel0[2]
    SLICE_X7Y78          LUT3 (Prop_lut3_I2_O)        0.048     2.148 r  disp/en_out_OBUF[5]_inst_i_1/O
                         net (fo=1, routed)           0.458     2.606    en_out_OBUF[5]
    T14                  OBUF (Prop_obuf_I_O)         1.314     3.920 r  en_out_OBUF[5]_inst/O
                         net (fo=0)                   0.000     3.920    en_out[5]
    T14                                                               r  en_out[5] (OUT)
  -------------------------------------------------------------------    -------------------

Slack:                    inf
  Source:                 disp/cnt_reg[19]/C
                            (rising edge-triggered cell FDRE clocked by Clk  {rise@0.000ns fall@5.000ns period=10.000ns})
  Destination:            en_out[1]
                            (output port)
  Path Group:             (none)
  Path Type:              Min at Fast Process Corner
  Data Path Delay:        2.488ns  (logic 1.422ns (57.178%)  route 1.065ns (42.822%))
  Logic Levels:           2  (LUT3=1 OBUF=1)
  Clock Uncertainty:      0.025ns  ((TSJ^2 + TIJ^2)^1/2 + DJ) / 2 + PE
    Total System Jitter     (TSJ):    0.050ns
    Total Input Jitter      (TIJ):    0.000ns
    Discrete Jitter          (DJ):    0.000ns
    Phase Error              (PE):    0.000ns

    Location             Delay type                Incr(ns)  Path(ns)    Netlist Resource(s)
  -------------------------------------------------------------------    -------------------
                         (clock Clk rise edge)        0.000     0.000 r  
    E3                                                0.000     0.000 r  Clk (IN)
                         net (fo=0)                   0.000     0.000    Clk
    E3                   IBUF (Prop_ibuf_I_O)         0.250     0.250 r  Clk_IBUF_inst/O
                         net (fo=1, routed)           0.644     0.894    Clk_IBUF
    BUFGCTRL_X0Y16       BUFG (Prop_bufg_I_O)         0.026     0.920 r  Clk_IBUF_BUFG_inst/O
                         net (fo=47, routed)          0.562     1.481    disp/Clk_IBUF_BUFG
    SLICE_X9Y74          FDRE                                         r  disp/cnt_reg[19]/C
  -------------------------------------------------------------------    -------------------
    SLICE_X9Y74          FDRE (Prop_fdre_C_Q)         0.141     1.622 r  disp/cnt_reg[19]/Q
                         net (fo=13, routed)          0.478     2.100    disp/sel0[2]
    SLICE_X7Y78          LUT3 (Prop_lut3_I2_O)        0.045     2.145 r  disp/en_out_OBUF[1]_inst_i_1/O
                         net (fo=1, routed)           0.587     2.733    en_out_OBUF[1]
    J18                  OBUF (Prop_obuf_I_O)         1.236     3.969 r  en_out_OBUF[1]_inst/O
                         net (fo=0)                   0.000     3.969    en_out[1]
    J18                                                               r  en_out[1] (OUT)
  -------------------------------------------------------------------    -------------------

Slack:                    inf
  Source:                 disp/cnt_reg[19]/C
                            (rising edge-triggered cell FDRE clocked by Clk  {rise@0.000ns fall@5.000ns period=10.000ns})
  Destination:            out7[2]
                            (output port)
  Path Group:             (none)
  Path Type:              Min at Fast Process Corner
  Data Path Delay:        2.530ns  (logic 1.568ns (61.984%)  route 0.962ns (38.016%))
  Logic Levels:           3  (LUT4=1 MUXF7=1 OBUF=1)
  Clock Uncertainty:      0.025ns  ((TSJ^2 + TIJ^2)^1/2 + DJ) / 2 + PE
    Total System Jitter     (TSJ):    0.050ns
    Total Input Jitter      (TIJ):    0.000ns
    Discrete Jitter          (DJ):    0.000ns
    Phase Error              (PE):    0.000ns

    Location             Delay type                Incr(ns)  Path(ns)    Netlist Resource(s)
  -------------------------------------------------------------------    -------------------
                         (clock Clk rise edge)        0.000     0.000 r  
    E3                                                0.000     0.000 r  Clk (IN)
                         net (fo=0)                   0.000     0.000    Clk
    E3                   IBUF (Prop_ibuf_I_O)         0.250     0.250 r  Clk_IBUF_inst/O
                         net (fo=1, routed)           0.644     0.894    Clk_IBUF
    BUFGCTRL_X0Y16       BUFG (Prop_bufg_I_O)         0.026     0.920 r  Clk_IBUF_BUFG_inst/O
                         net (fo=47, routed)          0.562     1.481    disp/Clk_IBUF_BUFG
    SLICE_X9Y74          FDRE                                         r  disp/cnt_reg[19]/C
  -------------------------------------------------------------------    -------------------
    SLICE_X9Y74          FDRE (Prop_fdre_C_Q)         0.141     1.622 r  disp/cnt_reg[19]/Q
                         net (fo=13, routed)          0.237     1.860    disp/sel0[2]
    SLICE_X9Y76          MUXF7 (Prop_muxf7_S_O)       0.085     1.945 r  disp/out7_OBUF[6]_inst_i_2/O
                         net (fo=7, routed)           0.296     2.240    disp/out7_OBUF[6]_inst_i_2_n_0
    SLICE_X7Y76          LUT4 (Prop_lut4_I0_O)        0.108     2.348 r  disp/out7_OBUF[2]_inst_i_1/O
                         net (fo=1, routed)           0.429     2.777    out7_OBUF[2]
    P15                  OBUF (Prop_obuf_I_O)         1.234     4.012 r  out7_OBUF[2]_inst/O
                         net (fo=0)                   0.000     4.012    out7[2]
    P15                                                               r  out7[2] (OUT)
  -------------------------------------------------------------------    -------------------

Slack:                    inf
  Source:                 disp/cnt_reg[19]/C
                            (rising edge-triggered cell FDRE clocked by Clk  {rise@0.000ns fall@5.000ns period=10.000ns})
  Destination:            en_out[2]
                            (output port)
  Path Group:             (none)
  Path Type:              Min at Fast Process Corner
  Data Path Delay:        2.611ns  (logic 1.461ns (55.942%)  route 1.151ns (44.058%))
  Logic Levels:           2  (LUT3=1 OBUF=1)
  Clock Uncertainty:      0.025ns  ((TSJ^2 + TIJ^2)^1/2 + DJ) / 2 + PE
    Total System Jitter     (TSJ):    0.050ns
    Total Input Jitter      (TIJ):    0.000ns
    Discrete Jitter          (DJ):    0.000ns
    Phase Error              (PE):    0.000ns

    Location             Delay type                Incr(ns)  Path(ns)    Netlist Resource(s)
  -------------------------------------------------------------------    -------------------
                         (clock Clk rise edge)        0.000     0.000 r  
    E3                                                0.000     0.000 r  Clk (IN)
                         net (fo=0)                   0.000     0.000    Clk
    E3                   IBUF (Prop_ibuf_I_O)         0.250     0.250 r  Clk_IBUF_inst/O
                         net (fo=1, routed)           0.644     0.894    Clk_IBUF
    BUFGCTRL_X0Y16       BUFG (Prop_bufg_I_O)         0.026     0.920 r  Clk_IBUF_BUFG_inst/O
                         net (fo=47, routed)          0.562     1.481    disp/Clk_IBUF_BUFG
    SLICE_X9Y74          FDRE                                         r  disp/cnt_reg[19]/C
  -------------------------------------------------------------------    -------------------
    SLICE_X9Y74          FDRE (Prop_fdre_C_Q)         0.141     1.622 r  disp/cnt_reg[19]/Q
                         net (fo=13, routed)          0.474     2.096    disp/sel0[2]
    SLICE_X7Y75          LUT3 (Prop_lut3_I2_O)        0.045     2.141 r  disp/en_out_OBUF[2]_inst_i_1/O
                         net (fo=1, routed)           0.677     2.818    en_out_OBUF[2]
    T9                   OBUF (Prop_obuf_I_O)         1.275     4.093 r  en_out_OBUF[2]_inst/O
                         net (fo=0)                   0.000     4.093    en_out[2]
    T9                                                                r  en_out[2] (OUT)
  -------------------------------------------------------------------    -------------------

Slack:                    inf
  Source:                 disp/cnt_reg[19]/C
                            (rising edge-triggered cell FDRE clocked by Clk  {rise@0.000ns fall@5.000ns period=10.000ns})
  Destination:            out7[0]
                            (output port)
  Path Group:             (none)
  Path Type:              Min at Fast Process Corner
  Data Path Delay:        2.690ns  (logic 1.643ns (61.084%)  route 1.047ns (38.916%))
  Logic Levels:           3  (LUT4=1 MUXF7=1 OBUF=1)
  Clock Uncertainty:      0.025ns  ((TSJ^2 + TIJ^2)^1/2 + DJ) / 2 + PE
    Total System Jitter     (TSJ):    0.050ns
    Total Input Jitter      (TIJ):    0.000ns
    Discrete Jitter          (DJ):    0.000ns
    Phase Error              (PE):    0.000ns

    Location             Delay type                Incr(ns)  Path(ns)    Netlist Resource(s)
  -------------------------------------------------------------------    -------------------
                         (clock Clk rise edge)        0.000     0.000 r  
    E3                                                0.000     0.000 r  Clk (IN)
                         net (fo=0)                   0.000     0.000    Clk
    E3                   IBUF (Prop_ibuf_I_O)         0.250     0.250 r  Clk_IBUF_inst/O
                         net (fo=1, routed)           0.644     0.894    Clk_IBUF
    BUFGCTRL_X0Y16       BUFG (Prop_bufg_I_O)         0.026     0.920 r  Clk_IBUF_BUFG_inst/O
                         net (fo=47, routed)          0.562     1.481    disp/Clk_IBUF_BUFG
    SLICE_X9Y74          FDRE                                         r  disp/cnt_reg[19]/C
  -------------------------------------------------------------------    -------------------
    SLICE_X9Y74          FDRE (Prop_fdre_C_Q)         0.141     1.622 r  disp/cnt_reg[19]/Q
                         net (fo=13, routed)          0.237     1.860    disp/sel0[2]
    SLICE_X9Y76          MUXF7 (Prop_muxf7_S_O)       0.085     1.945 r  disp/out7_OBUF[6]_inst_i_2/O
                         net (fo=7, routed)           0.308     2.253    disp/out7_OBUF[6]_inst_i_2_n_0
    SLICE_X7Y78          LUT4 (Prop_lut4_I2_O)        0.114     2.367 r  disp/out7_OBUF[0]_inst_i_1/O
                         net (fo=1, routed)           0.501     2.868    out7_OBUF[0]
    L18                  OBUF (Prop_obuf_I_O)         1.303     4.171 r  out7_OBUF[0]_inst/O
                         net (fo=0)                   0.000     4.171    out7[0]
    L18                                                               r  out7[0] (OUT)
  -------------------------------------------------------------------    -------------------

Slack:                    inf
  Source:                 disp/cnt_reg[18]/C
                            (rising edge-triggered cell FDRE clocked by Clk  {rise@0.000ns fall@5.000ns period=10.000ns})
  Destination:            en_out[0]
                            (output port)
  Path Group:             (none)
  Path Type:              Min at Fast Process Corner
  Data Path Delay:        2.711ns  (logic 1.493ns (55.088%)  route 1.217ns (44.912%))
  Logic Levels:           2  (LUT3=1 OBUF=1)
  Clock Uncertainty:      0.025ns  ((TSJ^2 + TIJ^2)^1/2 + DJ) / 2 + PE
    Total System Jitter     (TSJ):    0.050ns
    Total Input Jitter      (TIJ):    0.000ns
    Discrete Jitter          (DJ):    0.000ns
    Phase Error              (PE):    0.000ns

    Location             Delay type                Incr(ns)  Path(ns)    Netlist Resource(s)
  -------------------------------------------------------------------    -------------------
                         (clock Clk rise edge)        0.000     0.000 r  
    E3                                                0.000     0.000 r  Clk (IN)
                         net (fo=0)                   0.000     0.000    Clk
    E3                   IBUF (Prop_ibuf_I_O)         0.250     0.250 r  Clk_IBUF_inst/O
                         net (fo=1, routed)           0.644     0.894    Clk_IBUF
    BUFGCTRL_X0Y16       BUFG (Prop_bufg_I_O)         0.026     0.920 r  Clk_IBUF_BUFG_inst/O
                         net (fo=47, routed)          0.562     1.481    disp/Clk_IBUF_BUFG
    SLICE_X9Y74          FDRE                                         r  disp/cnt_reg[18]/C
  -------------------------------------------------------------------    -------------------
    SLICE_X9Y74          FDRE (Prop_fdre_C_Q)         0.141     1.622 r  disp/cnt_reg[18]/Q
                         net (fo=17, routed)          0.485     2.107    disp/cnt_reg[18]_0[1]
    SLICE_X7Y78          LUT3 (Prop_lut3_I1_O)        0.049     2.156 r  disp/en_out_OBUF[0]_inst_i_1/O
                         net (fo=1, routed)           0.733     2.889    en_out_OBUF[0]
    J17                  OBUF (Prop_obuf_I_O)         1.303     4.192 r  en_out_OBUF[0]_inst/O
                         net (fo=0)                   0.000     4.192    en_out[0]
    J17                                                               r  en_out[0] (OUT)
  -------------------------------------------------------------------    -------------------

Slack:                    inf
  Source:                 disp/cnt_reg[17]/C
                            (rising edge-triggered cell FDRE clocked by Clk  {rise@0.000ns fall@5.000ns period=10.000ns})
  Destination:            en_out[7]
                            (output port)
  Path Group:             (none)
  Path Type:              Min at Fast Process Corner
  Data Path Delay:        2.733ns  (logic 1.511ns (55.286%)  route 1.222ns (44.714%))
  Logic Levels:           2  (LUT3=1 OBUF=1)
  Clock Uncertainty:      0.025ns  ((TSJ^2 + TIJ^2)^1/2 + DJ) / 2 + PE
    Total System Jitter     (TSJ):    0.050ns
    Total Input Jitter      (TIJ):    0.000ns
    Discrete Jitter          (DJ):    0.000ns
    Phase Error              (PE):    0.000ns

    Location             Delay type                Incr(ns)  Path(ns)    Netlist Resource(s)
  -------------------------------------------------------------------    -------------------
                         (clock Clk rise edge)        0.000     0.000 r  
    E3                                                0.000     0.000 r  Clk (IN)
                         net (fo=0)                   0.000     0.000    Clk
    E3                   IBUF (Prop_ibuf_I_O)         0.250     0.250 r  Clk_IBUF_inst/O
                         net (fo=1, routed)           0.644     0.894    Clk_IBUF
    BUFGCTRL_X0Y16       BUFG (Prop_bufg_I_O)         0.026     0.920 r  Clk_IBUF_BUFG_inst/O
                         net (fo=47, routed)          0.562     1.481    disp/Clk_IBUF_BUFG
    SLICE_X9Y74          FDRE                                         r  disp/cnt_reg[17]/C
  -------------------------------------------------------------------    -------------------
    SLICE_X9Y74          FDRE (Prop_fdre_C_Q)         0.141     1.622 f  disp/cnt_reg[17]/Q
                         net (fo=17, routed)          0.484     2.106    disp/cnt_reg[18]_0[0]
    SLICE_X7Y75          LUT3 (Prop_lut3_I0_O)        0.049     2.155 r  disp/en_out_OBUF[7]_inst_i_1/O
                         net (fo=1, routed)           0.738     2.893    en_out_OBUF[7]
    U13                  OBUF (Prop_obuf_I_O)         1.321     4.214 r  en_out_OBUF[7]_inst/O
                         net (fo=0)                   0.000     4.214    en_out[7]
    U13                                                               r  en_out[7] (OUT)
  -------------------------------------------------------------------    -------------------

Slack:                    inf
  Source:                 disp/cnt_reg[17]/C
                            (rising edge-triggered cell FDRE clocked by Clk  {rise@0.000ns fall@5.000ns period=10.000ns})
  Destination:            en_out[3]
                            (output port)
  Path Group:             (none)
  Path Type:              Min at Fast Process Corner
  Data Path Delay:        2.734ns  (logic 1.439ns (52.631%)  route 1.295ns (47.369%))
  Logic Levels:           2  (LUT3=1 OBUF=1)
  Clock Uncertainty:      0.025ns  ((TSJ^2 + TIJ^2)^1/2 + DJ) / 2 + PE
    Total System Jitter     (TSJ):    0.050ns
    Total Input Jitter      (TIJ):    0.000ns
    Discrete Jitter          (DJ):    0.000ns
    Phase Error              (PE):    0.000ns

    Location             Delay type                Incr(ns)  Path(ns)    Netlist Resource(s)
  -------------------------------------------------------------------    -------------------
                         (clock Clk rise edge)        0.000     0.000 r  
    E3                                                0.000     0.000 r  Clk (IN)
                         net (fo=0)                   0.000     0.000    Clk
    E3                   IBUF (Prop_ibuf_I_O)         0.250     0.250 r  Clk_IBUF_inst/O
                         net (fo=1, routed)           0.644     0.894    Clk_IBUF
    BUFGCTRL_X0Y16       BUFG (Prop_bufg_I_O)         0.026     0.920 r  Clk_IBUF_BUFG_inst/O
                         net (fo=47, routed)          0.562     1.481    disp/Clk_IBUF_BUFG
    SLICE_X9Y74          FDRE                                         r  disp/cnt_reg[17]/C
  -------------------------------------------------------------------    -------------------
    SLICE_X9Y74          FDRE (Prop_fdre_C_Q)         0.141     1.622 f  disp/cnt_reg[17]/Q
                         net (fo=17, routed)          0.484     2.106    disp/cnt_reg[18]_0[0]
    SLICE_X7Y75          LUT3 (Prop_lut3_I0_O)        0.045     2.151 r  disp/en_out_OBUF[3]_inst_i_1/O
                         net (fo=1, routed)           0.811     2.962    en_out_OBUF[3]
    J14                  OBUF (Prop_obuf_I_O)         1.253     4.215 r  en_out_OBUF[3]_inst/O
                         net (fo=0)                   0.000     4.215    en_out[3]
    J14                                                               r  en_out[3] (OUT)
  -------------------------------------------------------------------    -------------------

Slack:                    inf
  Source:                 disp/cnt_reg[19]/C
                            (rising edge-triggered cell FDRE clocked by Clk  {rise@0.000ns fall@5.000ns period=10.000ns})
  Destination:            out7[1]
                            (output port)
  Path Group:             (none)
  Path Type:              Min at Fast Process Corner
  Data Path Delay:        2.738ns  (logic 1.595ns (58.272%)  route 1.142ns (41.728%))
  Logic Levels:           3  (LUT4=1 MUXF7=1 OBUF=1)
  Clock Uncertainty:      0.025ns  ((TSJ^2 + TIJ^2)^1/2 + DJ) / 2 + PE
    Total System Jitter     (TSJ):    0.050ns
    Total Input Jitter      (TIJ):    0.000ns
    Discrete Jitter          (DJ):    0.000ns
    Phase Error              (PE):    0.000ns

    Location             Delay type                Incr(ns)  Path(ns)    Netlist Resource(s)
  -------------------------------------------------------------------    -------------------
                         (clock Clk rise edge)        0.000     0.000 r  
    E3                                                0.000     0.000 r  Clk (IN)
                         net (fo=0)                   0.000     0.000    Clk
    E3                   IBUF (Prop_ibuf_I_O)         0.250     0.250 r  Clk_IBUF_inst/O
                         net (fo=1, routed)           0.644     0.894    Clk_IBUF
    BUFGCTRL_X0Y16       BUFG (Prop_bufg_I_O)         0.026     0.920 r  Clk_IBUF_BUFG_inst/O
                         net (fo=47, routed)          0.562     1.481    disp/Clk_IBUF_BUFG
    SLICE_X9Y74          FDRE                                         r  disp/cnt_reg[19]/C
  -------------------------------------------------------------------    -------------------
    SLICE_X9Y74          FDRE (Prop_fdre_C_Q)         0.141     1.622 r  disp/cnt_reg[19]/Q
                         net (fo=13, routed)          0.237     1.860    disp/sel0[2]
    SLICE_X9Y76          MUXF7 (Prop_muxf7_S_O)       0.085     1.945 r  disp/out7_OBUF[6]_inst_i_2/O
                         net (fo=7, routed)           0.308     2.253    disp/out7_OBUF[6]_inst_i_2_n_0
    SLICE_X7Y78          LUT4 (Prop_lut4_I3_O)        0.108     2.361 r  disp/out7_OBUF[1]_inst_i_1/O
                         net (fo=1, routed)           0.597     2.958    out7_OBUF[1]
    T11                  OBUF (Prop_obuf_I_O)         1.261     4.219 r  out7_OBUF[1]_inst/O
                         net (fo=0)                   0.000     4.219    out7[1]
    T11                                                               r  out7[1] (OUT)
  -------------------------------------------------------------------    -------------------





--------------------------------------------------------------------------------------
Path Group:  (none)
From Clock:  
  To Clock:  Clk

Max Delay            27 Endpoints
Min Delay            27 Endpoints
--------------------------------------------------------------------------------------


Max Delay Paths
--------------------------------------------------------------------------------------
Slack:                    inf
  Source:                 Reset
                            (input port)
  Destination:            clkdiv/DivCnt_reg[24]/R
                            (rising edge-triggered cell FDRE clocked by Clk  {rise@0.000ns fall@5.000ns period=10.000ns})
  Path Group:             (none)
  Path Type:              Setup (Max at Slow Process Corner)
  Data Path Delay:        4.109ns  (logic 1.513ns (36.814%)  route 2.596ns (63.186%))
  Logic Levels:           2  (IBUF=1 LUT2=1)
  Clock Path Skew:        4.390ns (DCD - SCD + CPR)
    Destination Clock Delay (DCD):    4.390ns
    Source Clock Delay      (SCD):    0.000ns
    Clock Pessimism Removal (CPR):    0.000ns
  Clock Uncertainty:      0.025ns  ((TSJ^2 + TIJ^2)^1/2 + DJ) / 2 + PE
    Total System Jitter     (TSJ):    0.050ns
    Total Input Jitter      (TIJ):    0.000ns
    Discrete Jitter          (DJ):    0.000ns
    Phase Error              (PE):    0.000ns

    Location             Delay type                Incr(ns)  Path(ns)    Netlist Resource(s)
  -------------------------------------------------------------------    -------------------
    N17                                               0.000     0.000 r  Reset (IN)
                         net (fo=0)                   0.000     0.000    Reset
    N17                  IBUF (Prop_ibuf_I_O)         1.408     1.408 r  Reset_IBUF_inst/O
                         net (fo=26, routed)          1.411     2.819    clkdiv/Reset_IBUF
    SLICE_X9Y76          LUT2 (Prop_lut2_I0_O)        0.105     2.924 r  clkdiv/DivCnt[0]_i_1/O
                         net (fo=26, routed)          1.185     4.109    clkdiv/DivCnt[0]_i_1_n_0
    SLICE_X6Y80          FDRE                                         r  clkdiv/DivCnt_reg[24]/R
  -------------------------------------------------------------------    -------------------

                         (clock Clk rise edge)        0.000     0.000 r  
    E3                                                0.000     0.000 r  Clk (IN)
                         net (fo=0)                   0.000     0.000    Clk
    E3                   IBUF (Prop_ibuf_I_O)         1.347     1.347 r  Clk_IBUF_inst/O
                         net (fo=1, routed)           1.628     2.975    Clk_IBUF
    BUFGCTRL_X0Y16       BUFG (Prop_bufg_I_O)         0.077     3.052 r  Clk_IBUF_BUFG_inst/O
                         net (fo=47, routed)          1.338     4.390    clkdiv/Clk_IBUF_BUFG
    SLICE_X6Y80          FDRE                                         r  clkdiv/DivCnt_reg[24]/C

Slack:                    inf
  Source:                 Reset
                            (input port)
  Destination:            clkdiv/DivCnt_reg[25]/R
                            (rising edge-triggered cell FDRE clocked by Clk  {rise@0.000ns fall@5.000ns period=10.000ns})
  Path Group:             (none)
  Path Type:              Setup (Max at Slow Process Corner)
  Data Path Delay:        4.109ns  (logic 1.513ns (36.814%)  route 2.596ns (63.186%))
  Logic Levels:           2  (IBUF=1 LUT2=1)
  Clock Path Skew:        4.390ns (DCD - SCD + CPR)
    Destination Clock Delay (DCD):    4.390ns
    Source Clock Delay      (SCD):    0.000ns
    Clock Pessimism Removal (CPR):    0.000ns
  Clock Uncertainty:      0.025ns  ((TSJ^2 + TIJ^2)^1/2 + DJ) / 2 + PE
    Total System Jitter     (TSJ):    0.050ns
    Total Input Jitter      (TIJ):    0.000ns
    Discrete Jitter          (DJ):    0.000ns
    Phase Error              (PE):    0.000ns

    Location             Delay type                Incr(ns)  Path(ns)    Netlist Resource(s)
  -------------------------------------------------------------------    -------------------
    N17                                               0.000     0.000 r  Reset (IN)
                         net (fo=0)                   0.000     0.000    Reset
    N17                  IBUF (Prop_ibuf_I_O)         1.408     1.408 r  Reset_IBUF_inst/O
                         net (fo=26, routed)          1.411     2.819    clkdiv/Reset_IBUF
    SLICE_X9Y76          LUT2 (Prop_lut2_I0_O)        0.105     2.924 r  clkdiv/DivCnt[0]_i_1/O
                         net (fo=26, routed)          1.185     4.109    clkdiv/DivCnt[0]_i_1_n_0
    SLICE_X6Y80          FDRE                                         r  clkdiv/DivCnt_reg[25]/R
  -------------------------------------------------------------------    -------------------

                         (clock Clk rise edge)        0.000     0.000 r  
    E3                                                0.000     0.000 r  Clk (IN)
                         net (fo=0)                   0.000     0.000    Clk
    E3                   IBUF (Prop_ibuf_I_O)         1.347     1.347 r  Clk_IBUF_inst/O
                         net (fo=1, routed)           1.628     2.975    Clk_IBUF
    BUFGCTRL_X0Y16       BUFG (Prop_bufg_I_O)         0.077     3.052 r  Clk_IBUF_BUFG_inst/O
                         net (fo=47, routed)          1.338     4.390    clkdiv/Clk_IBUF_BUFG
    SLICE_X6Y80          FDRE                                         r  clkdiv/DivCnt_reg[25]/C

Slack:                    inf
  Source:                 Reset
                            (input port)
  Destination:            clkdiv/DivCnt_reg[20]/R
                            (rising edge-triggered cell FDRE clocked by Clk  {rise@0.000ns fall@5.000ns period=10.000ns})
  Path Group:             (none)
  Path Type:              Setup (Max at Slow Process Corner)
  Data Path Delay:        4.000ns  (logic 1.513ns (37.811%)  route 2.488ns (62.189%))
  Logic Levels:           2  (IBUF=1 LUT2=1)
  Clock Path Skew:        4.389ns (DCD - SCD + CPR)
    Destination Clock Delay (DCD):    4.389ns
    Source Clock Delay      (SCD):    0.000ns
    Clock Pessimism Removal (CPR):    0.000ns
  Clock Uncertainty:      0.025ns  ((TSJ^2 + TIJ^2)^1/2 + DJ) / 2 + PE
    Total System Jitter     (TSJ):    0.050ns
    Total Input Jitter      (TIJ):    0.000ns
    Discrete Jitter          (DJ):    0.000ns
    Phase Error              (PE):    0.000ns

    Location             Delay type                Incr(ns)  Path(ns)    Netlist Resource(s)
  -------------------------------------------------------------------    -------------------
    N17                                               0.000     0.000 r  Reset (IN)
                         net (fo=0)                   0.000     0.000    Reset
    N17                  IBUF (Prop_ibuf_I_O)         1.408     1.408 r  Reset_IBUF_inst/O
                         net (fo=26, routed)          1.411     2.819    clkdiv/Reset_IBUF
    SLICE_X9Y76          LUT2 (Prop_lut2_I0_O)        0.105     2.924 r  clkdiv/DivCnt[0]_i_1/O
                         net (fo=26, routed)          1.076     4.000    clkdiv/DivCnt[0]_i_1_n_0
    SLICE_X6Y79          FDRE                                         r  clkdiv/DivCnt_reg[20]/R
  -------------------------------------------------------------------    -------------------

                         (clock Clk rise edge)        0.000     0.000 r  
    E3                                                0.000     0.000 r  Clk (IN)
                         net (fo=0)                   0.000     0.000    Clk
    E3                   IBUF (Prop_ibuf_I_O)         1.347     1.347 r  Clk_IBUF_inst/O
                         net (fo=1, routed)           1.628     2.975    Clk_IBUF
    BUFGCTRL_X0Y16       BUFG (Prop_bufg_I_O)         0.077     3.052 r  Clk_IBUF_BUFG_inst/O
                         net (fo=47, routed)          1.337     4.389    clkdiv/Clk_IBUF_BUFG
    SLICE_X6Y79          FDRE                                         r  clkdiv/DivCnt_reg[20]/C

Slack:                    inf
  Source:                 Reset
                            (input port)
  Destination:            clkdiv/DivCnt_reg[21]/R
                            (rising edge-triggered cell FDRE clocked by Clk  {rise@0.000ns fall@5.000ns period=10.000ns})
  Path Group:             (none)
  Path Type:              Setup (Max at Slow Process Corner)
  Data Path Delay:        4.000ns  (logic 1.513ns (37.811%)  route 2.488ns (62.189%))
  Logic Levels:           2  (IBUF=1 LUT2=1)
  Clock Path Skew:        4.389ns (DCD - SCD + CPR)
    Destination Clock Delay (DCD):    4.389ns
    Source Clock Delay      (SCD):    0.000ns
    Clock Pessimism Removal (CPR):    0.000ns
  Clock Uncertainty:      0.025ns  ((TSJ^2 + TIJ^2)^1/2 + DJ) / 2 + PE
    Total System Jitter     (TSJ):    0.050ns
    Total Input Jitter      (TIJ):    0.000ns
    Discrete Jitter          (DJ):    0.000ns
    Phase Error              (PE):    0.000ns

    Location             Delay type                Incr(ns)  Path(ns)    Netlist Resource(s)
  -------------------------------------------------------------------    -------------------
    N17                                               0.000     0.000 r  Reset (IN)
                         net (fo=0)                   0.000     0.000    Reset
    N17                  IBUF (Prop_ibuf_I_O)         1.408     1.408 r  Reset_IBUF_inst/O
                         net (fo=26, routed)          1.411     2.819    clkdiv/Reset_IBUF
    SLICE_X9Y76          LUT2 (Prop_lut2_I0_O)        0.105     2.924 r  clkdiv/DivCnt[0]_i_1/O
                         net (fo=26, routed)          1.076     4.000    clkdiv/DivCnt[0]_i_1_n_0
    SLICE_X6Y79          FDRE                                         r  clkdiv/DivCnt_reg[21]/R
  -------------------------------------------------------------------    -------------------

                         (clock Clk rise edge)        0.000     0.000 r  
    E3                                                0.000     0.000 r  Clk (IN)
                         net (fo=0)                   0.000     0.000    Clk
    E3                   IBUF (Prop_ibuf_I_O)         1.347     1.347 r  Clk_IBUF_inst/O
                         net (fo=1, routed)           1.628     2.975    Clk_IBUF
    BUFGCTRL_X0Y16       BUFG (Prop_bufg_I_O)         0.077     3.052 r  Clk_IBUF_BUFG_inst/O
                         net (fo=47, routed)          1.337     4.389    clkdiv/Clk_IBUF_BUFG
    SLICE_X6Y79          FDRE                                         r  clkdiv/DivCnt_reg[21]/C

Slack:                    inf
  Source:                 Reset
                            (input port)
  Destination:            clkdiv/DivCnt_reg[22]/R
                            (rising edge-triggered cell FDRE clocked by Clk  {rise@0.000ns fall@5.000ns period=10.000ns})
  Path Group:             (none)
  Path Type:              Setup (Max at Slow Process Corner)
  Data Path Delay:        4.000ns  (logic 1.513ns (37.811%)  route 2.488ns (62.189%))
  Logic Levels:           2  (IBUF=1 LUT2=1)
  Clock Path Skew:        4.389ns (DCD - SCD + CPR)
    Destination Clock Delay (DCD):    4.389ns
    Source Clock Delay      (SCD):    0.000ns
    Clock Pessimism Removal (CPR):    0.000ns
  Clock Uncertainty:      0.025ns  ((TSJ^2 + TIJ^2)^1/2 + DJ) / 2 + PE
    Total System Jitter     (TSJ):    0.050ns
    Total Input Jitter      (TIJ):    0.000ns
    Discrete Jitter          (DJ):    0.000ns
    Phase Error              (PE):    0.000ns

    Location             Delay type                Incr(ns)  Path(ns)    Netlist Resource(s)
  -------------------------------------------------------------------    -------------------
    N17                                               0.000     0.000 r  Reset (IN)
                         net (fo=0)                   0.000     0.000    Reset
    N17                  IBUF (Prop_ibuf_I_O)         1.408     1.408 r  Reset_IBUF_inst/O
                         net (fo=26, routed)          1.411     2.819    clkdiv/Reset_IBUF
    SLICE_X9Y76          LUT2 (Prop_lut2_I0_O)        0.105     2.924 r  clkdiv/DivCnt[0]_i_1/O
                         net (fo=26, routed)          1.076     4.000    clkdiv/DivCnt[0]_i_1_n_0
    SLICE_X6Y79          FDRE                                         r  clkdiv/DivCnt_reg[22]/R
  -------------------------------------------------------------------    -------------------

                         (clock Clk rise edge)        0.000     0.000 r  
    E3                                                0.000     0.000 r  Clk (IN)
                         net (fo=0)                   0.000     0.000    Clk
    E3                   IBUF (Prop_ibuf_I_O)         1.347     1.347 r  Clk_IBUF_inst/O
                         net (fo=1, routed)           1.628     2.975    Clk_IBUF
    BUFGCTRL_X0Y16       BUFG (Prop_bufg_I_O)         0.077     3.052 r  Clk_IBUF_BUFG_inst/O
                         net (fo=47, routed)          1.337     4.389    clkdiv/Clk_IBUF_BUFG
    SLICE_X6Y79          FDRE                                         r  clkdiv/DivCnt_reg[22]/C

Slack:                    inf
  Source:                 Reset
                            (input port)
  Destination:            clkdiv/DivCnt_reg[23]/R
                            (rising edge-triggered cell FDRE clocked by Clk  {rise@0.000ns fall@5.000ns period=10.000ns})
  Path Group:             (none)
  Path Type:              Setup (Max at Slow Process Corner)
  Data Path Delay:        4.000ns  (logic 1.513ns (37.811%)  route 2.488ns (62.189%))
  Logic Levels:           2  (IBUF=1 LUT2=1)
  Clock Path Skew:        4.389ns (DCD - SCD + CPR)
    Destination Clock Delay (DCD):    4.389ns
    Source Clock Delay      (SCD):    0.000ns
    Clock Pessimism Removal (CPR):    0.000ns
  Clock Uncertainty:      0.025ns  ((TSJ^2 + TIJ^2)^1/2 + DJ) / 2 + PE
    Total System Jitter     (TSJ):    0.050ns
    Total Input Jitter      (TIJ):    0.000ns
    Discrete Jitter          (DJ):    0.000ns
    Phase Error              (PE):    0.000ns

    Location             Delay type                Incr(ns)  Path(ns)    Netlist Resource(s)
  -------------------------------------------------------------------    -------------------
    N17                                               0.000     0.000 r  Reset (IN)
                         net (fo=0)                   0.000     0.000    Reset
    N17                  IBUF (Prop_ibuf_I_O)         1.408     1.408 r  Reset_IBUF_inst/O
                         net (fo=26, routed)          1.411     2.819    clkdiv/Reset_IBUF
    SLICE_X9Y76          LUT2 (Prop_lut2_I0_O)        0.105     2.924 r  clkdiv/DivCnt[0]_i_1/O
                         net (fo=26, routed)          1.076     4.000    clkdiv/DivCnt[0]_i_1_n_0
    SLICE_X6Y79          FDRE                                         r  clkdiv/DivCnt_reg[23]/R
  -------------------------------------------------------------------    -------------------

                         (clock Clk rise edge)        0.000     0.000 r  
    E3                                                0.000     0.000 r  Clk (IN)
                         net (fo=0)                   0.000     0.000    Clk
    E3                   IBUF (Prop_ibuf_I_O)         1.347     1.347 r  Clk_IBUF_inst/O
                         net (fo=1, routed)           1.628     2.975    Clk_IBUF
    BUFGCTRL_X0Y16       BUFG (Prop_bufg_I_O)         0.077     3.052 r  Clk_IBUF_BUFG_inst/O
                         net (fo=47, routed)          1.337     4.389    clkdiv/Clk_IBUF_BUFG
    SLICE_X6Y79          FDRE                                         r  clkdiv/DivCnt_reg[23]/C

Slack:                    inf
  Source:                 Reset
                            (input port)
  Destination:            clkdiv/DivCnt_reg[0]/R
                            (rising edge-triggered cell FDRE clocked by Clk  {rise@0.000ns fall@5.000ns period=10.000ns})
  Path Group:             (none)
  Path Type:              Setup (Max at Slow Process Corner)
  Data Path Delay:        3.898ns  (logic 1.513ns (38.807%)  route 2.385ns (61.193%))
  Logic Levels:           2  (IBUF=1 LUT2=1)
  Clock Path Skew:        4.384ns (DCD - SCD + CPR)
    Destination Clock Delay (DCD):    4.384ns
    Source Clock Delay      (SCD):    0.000ns
    Clock Pessimism Removal (CPR):    0.000ns
  Clock Uncertainty:      0.025ns  ((TSJ^2 + TIJ^2)^1/2 + DJ) / 2 + PE
    Total System Jitter     (TSJ):    0.050ns
    Total Input Jitter      (TIJ):    0.000ns
    Discrete Jitter          (DJ):    0.000ns
    Phase Error              (PE):    0.000ns

    Location             Delay type                Incr(ns)  Path(ns)    Netlist Resource(s)
  -------------------------------------------------------------------    -------------------
    N17                                               0.000     0.000 r  Reset (IN)
                         net (fo=0)                   0.000     0.000    Reset
    N17                  IBUF (Prop_ibuf_I_O)         1.408     1.408 r  Reset_IBUF_inst/O
                         net (fo=26, routed)          1.411     2.819    clkdiv/Reset_IBUF
    SLICE_X9Y76          LUT2 (Prop_lut2_I0_O)        0.105     2.924 r  clkdiv/DivCnt[0]_i_1/O
                         net (fo=26, routed)          0.974     3.898    clkdiv/DivCnt[0]_i_1_n_0
    SLICE_X6Y74          FDRE                                         r  clkdiv/DivCnt_reg[0]/R
  -------------------------------------------------------------------    -------------------

                         (clock Clk rise edge)        0.000     0.000 r  
    E3                                                0.000     0.000 r  Clk (IN)
                         net (fo=0)                   0.000     0.000    Clk
    E3                   IBUF (Prop_ibuf_I_O)         1.347     1.347 r  Clk_IBUF_inst/O
                         net (fo=1, routed)           1.628     2.975    Clk_IBUF
    BUFGCTRL_X0Y16       BUFG (Prop_bufg_I_O)         0.077     3.052 r  Clk_IBUF_BUFG_inst/O
                         net (fo=47, routed)          1.332     4.384    clkdiv/Clk_IBUF_BUFG
    SLICE_X6Y74          FDRE                                         r  clkdiv/DivCnt_reg[0]/C

Slack:                    inf
  Source:                 Reset
                            (input port)
  Destination:            clkdiv/DivCnt_reg[1]/R
                            (rising edge-triggered cell FDRE clocked by Clk  {rise@0.000ns fall@5.000ns period=10.000ns})
  Path Group:             (none)
  Path Type:              Setup (Max at Slow Process Corner)
  Data Path Delay:        3.898ns  (logic 1.513ns (38.807%)  route 2.385ns (61.193%))
  Logic Levels:           2  (IBUF=1 LUT2=1)
  Clock Path Skew:        4.384ns (DCD - SCD + CPR)
    Destination Clock Delay (DCD):    4.384ns
    Source Clock Delay      (SCD):    0.000ns
    Clock Pessimism Removal (CPR):    0.000ns
  Clock Uncertainty:      0.025ns  ((TSJ^2 + TIJ^2)^1/2 + DJ) / 2 + PE
    Total System Jitter     (TSJ):    0.050ns
    Total Input Jitter      (TIJ):    0.000ns
    Discrete Jitter          (DJ):    0.000ns
    Phase Error              (PE):    0.000ns

    Location             Delay type                Incr(ns)  Path(ns)    Netlist Resource(s)
  -------------------------------------------------------------------    -------------------
    N17                                               0.000     0.000 r  Reset (IN)
                         net (fo=0)                   0.000     0.000    Reset
    N17                  IBUF (Prop_ibuf_I_O)         1.408     1.408 r  Reset_IBUF_inst/O
                         net (fo=26, routed)          1.411     2.819    clkdiv/Reset_IBUF
    SLICE_X9Y76          LUT2 (Prop_lut2_I0_O)        0.105     2.924 r  clkdiv/DivCnt[0]_i_1/O
                         net (fo=26, routed)          0.974     3.898    clkdiv/DivCnt[0]_i_1_n_0
    SLICE_X6Y74          FDRE                                         r  clkdiv/DivCnt_reg[1]/R
  -------------------------------------------------------------------    -------------------

                         (clock Clk rise edge)        0.000     0.000 r  
    E3                                                0.000     0.000 r  Clk (IN)
                         net (fo=0)                   0.000     0.000    Clk
    E3                   IBUF (Prop_ibuf_I_O)         1.347     1.347 r  Clk_IBUF_inst/O
                         net (fo=1, routed)           1.628     2.975    Clk_IBUF
    BUFGCTRL_X0Y16       BUFG (Prop_bufg_I_O)         0.077     3.052 r  Clk_IBUF_BUFG_inst/O
                         net (fo=47, routed)          1.332     4.384    clkdiv/Clk_IBUF_BUFG
    SLICE_X6Y74          FDRE                                         r  clkdiv/DivCnt_reg[1]/C

Slack:                    inf
  Source:                 Reset
                            (input port)
  Destination:            clkdiv/DivCnt_reg[2]/R
                            (rising edge-triggered cell FDRE clocked by Clk  {rise@0.000ns fall@5.000ns period=10.000ns})
  Path Group:             (none)
  Path Type:              Setup (Max at Slow Process Corner)
  Data Path Delay:        3.898ns  (logic 1.513ns (38.807%)  route 2.385ns (61.193%))
  Logic Levels:           2  (IBUF=1 LUT2=1)
  Clock Path Skew:        4.384ns (DCD - SCD + CPR)
    Destination Clock Delay (DCD):    4.384ns
    Source Clock Delay      (SCD):    0.000ns
    Clock Pessimism Removal (CPR):    0.000ns
  Clock Uncertainty:      0.025ns  ((TSJ^2 + TIJ^2)^1/2 + DJ) / 2 + PE
    Total System Jitter     (TSJ):    0.050ns
    Total Input Jitter      (TIJ):    0.000ns
    Discrete Jitter          (DJ):    0.000ns
    Phase Error              (PE):    0.000ns

    Location             Delay type                Incr(ns)  Path(ns)    Netlist Resource(s)
  -------------------------------------------------------------------    -------------------
    N17                                               0.000     0.000 r  Reset (IN)
                         net (fo=0)                   0.000     0.000    Reset
    N17                  IBUF (Prop_ibuf_I_O)         1.408     1.408 r  Reset_IBUF_inst/O
                         net (fo=26, routed)          1.411     2.819    clkdiv/Reset_IBUF
    SLICE_X9Y76          LUT2 (Prop_lut2_I0_O)        0.105     2.924 r  clkdiv/DivCnt[0]_i_1/O
                         net (fo=26, routed)          0.974     3.898    clkdiv/DivCnt[0]_i_1_n_0
    SLICE_X6Y74          FDRE                                         r  clkdiv/DivCnt_reg[2]/R
  -------------------------------------------------------------------    -------------------

                         (clock Clk rise edge)        0.000     0.000 r  
    E3                                                0.000     0.000 r  Clk (IN)
                         net (fo=0)                   0.000     0.000    Clk
    E3                   IBUF (Prop_ibuf_I_O)         1.347     1.347 r  Clk_IBUF_inst/O
                         net (fo=1, routed)           1.628     2.975    Clk_IBUF
    BUFGCTRL_X0Y16       BUFG (Prop_bufg_I_O)         0.077     3.052 r  Clk_IBUF_BUFG_inst/O
                         net (fo=47, routed)          1.332     4.384    clkdiv/Clk_IBUF_BUFG
    SLICE_X6Y74          FDRE                                         r  clkdiv/DivCnt_reg[2]/C

Slack:                    inf
  Source:                 Reset
                            (input port)
  Destination:            clkdiv/DivCnt_reg[3]/R
                            (rising edge-triggered cell FDRE clocked by Clk  {rise@0.000ns fall@5.000ns period=10.000ns})
  Path Group:             (none)
  Path Type:              Setup (Max at Slow Process Corner)
  Data Path Delay:        3.898ns  (logic 1.513ns (38.807%)  route 2.385ns (61.193%))
  Logic Levels:           2  (IBUF=1 LUT2=1)
  Clock Path Skew:        4.384ns (DCD - SCD + CPR)
    Destination Clock Delay (DCD):    4.384ns
    Source Clock Delay      (SCD):    0.000ns
    Clock Pessimism Removal (CPR):    0.000ns
  Clock Uncertainty:      0.025ns  ((TSJ^2 + TIJ^2)^1/2 + DJ) / 2 + PE
    Total System Jitter     (TSJ):    0.050ns
    Total Input Jitter      (TIJ):    0.000ns
    Discrete Jitter          (DJ):    0.000ns
    Phase Error              (PE):    0.000ns

    Location             Delay type                Incr(ns)  Path(ns)    Netlist Resource(s)
  -------------------------------------------------------------------    -------------------
    N17                                               0.000     0.000 r  Reset (IN)
                         net (fo=0)                   0.000     0.000    Reset
    N17                  IBUF (Prop_ibuf_I_O)         1.408     1.408 r  Reset_IBUF_inst/O
                         net (fo=26, routed)          1.411     2.819    clkdiv/Reset_IBUF
    SLICE_X9Y76          LUT2 (Prop_lut2_I0_O)        0.105     2.924 r  clkdiv/DivCnt[0]_i_1/O
                         net (fo=26, routed)          0.974     3.898    clkdiv/DivCnt[0]_i_1_n_0
    SLICE_X6Y74          FDRE                                         r  clkdiv/DivCnt_reg[3]/R
  -------------------------------------------------------------------    -------------------

                         (clock Clk rise edge)        0.000     0.000 r  
    E3                                                0.000     0.000 r  Clk (IN)
                         net (fo=0)                   0.000     0.000    Clk
    E3                   IBUF (Prop_ibuf_I_O)         1.347     1.347 r  Clk_IBUF_inst/O
                         net (fo=1, routed)           1.628     2.975    Clk_IBUF
    BUFGCTRL_X0Y16       BUFG (Prop_bufg_I_O)         0.077     3.052 r  Clk_IBUF_BUFG_inst/O
                         net (fo=47, routed)          1.332     4.384    clkdiv/Clk_IBUF_BUFG
    SLICE_X6Y74          FDRE                                         r  clkdiv/DivCnt_reg[3]/C





Min Delay Paths
--------------------------------------------------------------------------------------
Slack:                    inf
  Source:                 Reset
                            (input port)
  Destination:            clkdiv/ClkOut_reg/D
                            (rising edge-triggered cell FDRE clocked by Clk  {rise@0.000ns fall@5.000ns period=10.000ns})
  Path Group:             (none)
  Path Type:              Hold (Min at Fast Process Corner)
  Data Path Delay:        1.089ns  (logic 0.289ns (26.588%)  route 0.799ns (73.412%))
  Logic Levels:           2  (IBUF=1 LUT3=1)
  Clock Path Skew:        1.995ns (DCD - SCD - CPR)
    Destination Clock Delay (DCD):    1.995ns
    Source Clock Delay      (SCD):    0.000ns
    Clock Pessimism Removal (CPR):    -0.000ns

    Location             Delay type                Incr(ns)  Path(ns)    Netlist Resource(s)
  -------------------------------------------------------------------    -------------------
    N17                                               0.000     0.000 f  Reset (IN)
                         net (fo=0)                   0.000     0.000    Reset
    N17                  IBUF (Prop_ibuf_I_O)         0.244     0.244 f  Reset_IBUF_inst/O
                         net (fo=26, routed)          0.799     1.044    clkdiv/Reset_IBUF
    SLICE_X9Y75          LUT3 (Prop_lut3_I2_O)        0.045     1.089 r  clkdiv/ClkOut_i_1/O
                         net (fo=1, routed)           0.000     1.089    clkdiv/ClkOut_i_1_n_0
    SLICE_X9Y75          FDRE                                         r  clkdiv/ClkOut_reg/D
  -------------------------------------------------------------------    -------------------

                         (clock Clk rise edge)        0.000     0.000 r  
    E3                                                0.000     0.000 r  Clk (IN)
                         net (fo=0)                   0.000     0.000    Clk
    E3                   IBUF (Prop_ibuf_I_O)         0.438     0.438 r  Clk_IBUF_inst/O
                         net (fo=1, routed)           0.699     1.136    Clk_IBUF
    BUFGCTRL_X0Y16       BUFG (Prop_bufg_I_O)         0.029     1.165 r  Clk_IBUF_BUFG_inst/O
                         net (fo=47, routed)          0.830     1.995    clkdiv/Clk_IBUF_BUFG
    SLICE_X9Y75          FDRE                                         r  clkdiv/ClkOut_reg/C

Slack:                    inf
  Source:                 Reset
                            (input port)
  Destination:            clkdiv/DivCnt_reg[10]/R
                            (rising edge-triggered cell FDRE clocked by Clk  {rise@0.000ns fall@5.000ns period=10.000ns})
  Path Group:             (none)
  Path Type:              Hold (Min at Fast Process Corner)
  Data Path Delay:        1.320ns  (logic 0.289ns (21.932%)  route 1.030ns (78.068%))
  Logic Levels:           2  (IBUF=1 LUT2=1)
  Clock Path Skew:        2.024ns (DCD - SCD - CPR)
    Destination Clock Delay (DCD):    2.024ns
    Source Clock Delay      (SCD):    0.000ns
    Clock Pessimism Removal (CPR):    -0.000ns

    Location             Delay type                Incr(ns)  Path(ns)    Netlist Resource(s)
  -------------------------------------------------------------------    -------------------
    N17                                               0.000     0.000 r  Reset (IN)
                         net (fo=0)                   0.000     0.000    Reset
    N17                  IBUF (Prop_ibuf_I_O)         0.244     0.244 r  Reset_IBUF_inst/O
                         net (fo=26, routed)          0.729     0.974    clkdiv/Reset_IBUF
    SLICE_X9Y76          LUT2 (Prop_lut2_I0_O)        0.045     1.019 r  clkdiv/DivCnt[0]_i_1/O
                         net (fo=26, routed)          0.301     1.320    clkdiv/DivCnt[0]_i_1_n_0
    SLICE_X6Y76          FDRE                                         r  clkdiv/DivCnt_reg[10]/R
  -------------------------------------------------------------------    -------------------

                         (clock Clk rise edge)        0.000     0.000 r  
    E3                                                0.000     0.000 r  Clk (IN)
                         net (fo=0)                   0.000     0.000    Clk
    E3                   IBUF (Prop_ibuf_I_O)         0.438     0.438 r  Clk_IBUF_inst/O
                         net (fo=1, routed)           0.699     1.136    Clk_IBUF
    BUFGCTRL_X0Y16       BUFG (Prop_bufg_I_O)         0.029     1.165 r  Clk_IBUF_BUFG_inst/O
                         net (fo=47, routed)          0.859     2.024    clkdiv/Clk_IBUF_BUFG
    SLICE_X6Y76          FDRE                                         r  clkdiv/DivCnt_reg[10]/C

Slack:                    inf
  Source:                 Reset
                            (input port)
  Destination:            clkdiv/DivCnt_reg[11]/R
                            (rising edge-triggered cell FDRE clocked by Clk  {rise@0.000ns fall@5.000ns period=10.000ns})
  Path Group:             (none)
  Path Type:              Hold (Min at Fast Process Corner)
  Data Path Delay:        1.320ns  (logic 0.289ns (21.932%)  route 1.030ns (78.068%))
  Logic Levels:           2  (IBUF=1 LUT2=1)
  Clock Path Skew:        2.024ns (DCD - SCD - CPR)
    Destination Clock Delay (DCD):    2.024ns
    Source Clock Delay      (SCD):    0.000ns
    Clock Pessimism Removal (CPR):    -0.000ns

    Location             Delay type                Incr(ns)  Path(ns)    Netlist Resource(s)
  -------------------------------------------------------------------    -------------------
    N17                                               0.000     0.000 r  Reset (IN)
                         net (fo=0)                   0.000     0.000    Reset
    N17                  IBUF (Prop_ibuf_I_O)         0.244     0.244 r  Reset_IBUF_inst/O
                         net (fo=26, routed)          0.729     0.974    clkdiv/Reset_IBUF
    SLICE_X9Y76          LUT2 (Prop_lut2_I0_O)        0.045     1.019 r  clkdiv/DivCnt[0]_i_1/O
                         net (fo=26, routed)          0.301     1.320    clkdiv/DivCnt[0]_i_1_n_0
    SLICE_X6Y76          FDRE                                         r  clkdiv/DivCnt_reg[11]/R
  -------------------------------------------------------------------    -------------------

                         (clock Clk rise edge)        0.000     0.000 r  
    E3                                                0.000     0.000 r  Clk (IN)
                         net (fo=0)                   0.000     0.000    Clk
    E3                   IBUF (Prop_ibuf_I_O)         0.438     0.438 r  Clk_IBUF_inst/O
                         net (fo=1, routed)           0.699     1.136    Clk_IBUF
    BUFGCTRL_X0Y16       BUFG (Prop_bufg_I_O)         0.029     1.165 r  Clk_IBUF_BUFG_inst/O
                         net (fo=47, routed)          0.859     2.024    clkdiv/Clk_IBUF_BUFG
    SLICE_X6Y76          FDRE                                         r  clkdiv/DivCnt_reg[11]/C

Slack:                    inf
  Source:                 Reset
                            (input port)
  Destination:            clkdiv/DivCnt_reg[8]/R
                            (rising edge-triggered cell FDRE clocked by Clk  {rise@0.000ns fall@5.000ns period=10.000ns})
  Path Group:             (none)
  Path Type:              Hold (Min at Fast Process Corner)
  Data Path Delay:        1.320ns  (logic 0.289ns (21.932%)  route 1.030ns (78.068%))
  Logic Levels:           2  (IBUF=1 LUT2=1)
  Clock Path Skew:        2.024ns (DCD - SCD - CPR)
    Destination Clock Delay (DCD):    2.024ns
    Source Clock Delay      (SCD):    0.000ns
    Clock Pessimism Removal (CPR):    -0.000ns

    Location             Delay type                Incr(ns)  Path(ns)    Netlist Resource(s)
  -------------------------------------------------------------------    -------------------
    N17                                               0.000     0.000 r  Reset (IN)
                         net (fo=0)                   0.000     0.000    Reset
    N17                  IBUF (Prop_ibuf_I_O)         0.244     0.244 r  Reset_IBUF_inst/O
                         net (fo=26, routed)          0.729     0.974    clkdiv/Reset_IBUF
    SLICE_X9Y76          LUT2 (Prop_lut2_I0_O)        0.045     1.019 r  clkdiv/DivCnt[0]_i_1/O
                         net (fo=26, routed)          0.301     1.320    clkdiv/DivCnt[0]_i_1_n_0
    SLICE_X6Y76          FDRE                                         r  clkdiv/DivCnt_reg[8]/R
  -------------------------------------------------------------------    -------------------

                         (clock Clk rise edge)        0.000     0.000 r  
    E3                                                0.000     0.000 r  Clk (IN)
                         net (fo=0)                   0.000     0.000    Clk
    E3                   IBUF (Prop_ibuf_I_O)         0.438     0.438 r  Clk_IBUF_inst/O
                         net (fo=1, routed)           0.699     1.136    Clk_IBUF
    BUFGCTRL_X0Y16       BUFG (Prop_bufg_I_O)         0.029     1.165 r  Clk_IBUF_BUFG_inst/O
                         net (fo=47, routed)          0.859     2.024    clkdiv/Clk_IBUF_BUFG
    SLICE_X6Y76          FDRE                                         r  clkdiv/DivCnt_reg[8]/C

Slack:                    inf
  Source:                 Reset
                            (input port)
  Destination:            clkdiv/DivCnt_reg[9]/R
                            (rising edge-triggered cell FDRE clocked by Clk  {rise@0.000ns fall@5.000ns period=10.000ns})
  Path Group:             (none)
  Path Type:              Hold (Min at Fast Process Corner)
  Data Path Delay:        1.320ns  (logic 0.289ns (21.932%)  route 1.030ns (78.068%))
  Logic Levels:           2  (IBUF=1 LUT2=1)
  Clock Path Skew:        2.024ns (DCD - SCD - CPR)
    Destination Clock Delay (DCD):    2.024ns
    Source Clock Delay      (SCD):    0.000ns
    Clock Pessimism Removal (CPR):    -0.000ns

    Location             Delay type                Incr(ns)  Path(ns)    Netlist Resource(s)
  -------------------------------------------------------------------    -------------------
    N17                                               0.000     0.000 r  Reset (IN)
                         net (fo=0)                   0.000     0.000    Reset
    N17                  IBUF (Prop_ibuf_I_O)         0.244     0.244 r  Reset_IBUF_inst/O
                         net (fo=26, routed)          0.729     0.974    clkdiv/Reset_IBUF
    SLICE_X9Y76          LUT2 (Prop_lut2_I0_O)        0.045     1.019 r  clkdiv/DivCnt[0]_i_1/O
                         net (fo=26, routed)          0.301     1.320    clkdiv/DivCnt[0]_i_1_n_0
    SLICE_X6Y76          FDRE                                         r  clkdiv/DivCnt_reg[9]/R
  -------------------------------------------------------------------    -------------------

                         (clock Clk rise edge)        0.000     0.000 r  
    E3                                                0.000     0.000 r  Clk (IN)
                         net (fo=0)                   0.000     0.000    Clk
    E3                   IBUF (Prop_ibuf_I_O)         0.438     0.438 r  Clk_IBUF_inst/O
                         net (fo=1, routed)           0.699     1.136    Clk_IBUF
    BUFGCTRL_X0Y16       BUFG (Prop_bufg_I_O)         0.029     1.165 r  Clk_IBUF_BUFG_inst/O
                         net (fo=47, routed)          0.859     2.024    clkdiv/Clk_IBUF_BUFG
    SLICE_X6Y76          FDRE                                         r  clkdiv/DivCnt_reg[9]/C

Slack:                    inf
  Source:                 Reset
                            (input port)
  Destination:            clkdiv/DivCnt_reg[4]/R
                            (rising edge-triggered cell FDRE clocked by Clk  {rise@0.000ns fall@5.000ns period=10.000ns})
  Path Group:             (none)
  Path Type:              Hold (Min at Fast Process Corner)
  Data Path Delay:        1.422ns  (logic 0.289ns (20.360%)  route 1.132ns (79.640%))
  Logic Levels:           2  (IBUF=1 LUT2=1)
  Clock Path Skew:        2.023ns (DCD - SCD - CPR)
    Destination Clock Delay (DCD):    2.023ns
    Source Clock Delay      (SCD):    0.000ns
    Clock Pessimism Removal (CPR):    -0.000ns

    Location             Delay type                Incr(ns)  Path(ns)    Netlist Resource(s)
  -------------------------------------------------------------------    -------------------
    N17                                               0.000     0.000 r  Reset (IN)
                         net (fo=0)                   0.000     0.000    Reset
    N17                  IBUF (Prop_ibuf_I_O)         0.244     0.244 r  Reset_IBUF_inst/O
                         net (fo=26, routed)          0.729     0.974    clkdiv/Reset_IBUF
    SLICE_X9Y76          LUT2 (Prop_lut2_I0_O)        0.045     1.019 r  clkdiv/DivCnt[0]_i_1/O
                         net (fo=26, routed)          0.403     1.422    clkdiv/DivCnt[0]_i_1_n_0
    SLICE_X6Y75          FDRE                                         r  clkdiv/DivCnt_reg[4]/R
  -------------------------------------------------------------------    -------------------

                         (clock Clk rise edge)        0.000     0.000 r  
    E3                                                0.000     0.000 r  Clk (IN)
                         net (fo=0)                   0.000     0.000    Clk
    E3                   IBUF (Prop_ibuf_I_O)         0.438     0.438 r  Clk_IBUF_inst/O
                         net (fo=1, routed)           0.699     1.136    Clk_IBUF
    BUFGCTRL_X0Y16       BUFG (Prop_bufg_I_O)         0.029     1.165 r  Clk_IBUF_BUFG_inst/O
                         net (fo=47, routed)          0.858     2.023    clkdiv/Clk_IBUF_BUFG
    SLICE_X6Y75          FDRE                                         r  clkdiv/DivCnt_reg[4]/C

Slack:                    inf
  Source:                 Reset
                            (input port)
  Destination:            clkdiv/DivCnt_reg[5]/R
                            (rising edge-triggered cell FDRE clocked by Clk  {rise@0.000ns fall@5.000ns period=10.000ns})
  Path Group:             (none)
  Path Type:              Hold (Min at Fast Process Corner)
  Data Path Delay:        1.422ns  (logic 0.289ns (20.360%)  route 1.132ns (79.640%))
  Logic Levels:           2  (IBUF=1 LUT2=1)
  Clock Path Skew:        2.023ns (DCD - SCD - CPR)
    Destination Clock Delay (DCD):    2.023ns
    Source Clock Delay      (SCD):    0.000ns
    Clock Pessimism Removal (CPR):    -0.000ns

    Location             Delay type                Incr(ns)  Path(ns)    Netlist Resource(s)
  -------------------------------------------------------------------    -------------------
    N17                                               0.000     0.000 r  Reset (IN)
                         net (fo=0)                   0.000     0.000    Reset
    N17                  IBUF (Prop_ibuf_I_O)         0.244     0.244 r  Reset_IBUF_inst/O
                         net (fo=26, routed)          0.729     0.974    clkdiv/Reset_IBUF
    SLICE_X9Y76          LUT2 (Prop_lut2_I0_O)        0.045     1.019 r  clkdiv/DivCnt[0]_i_1/O
                         net (fo=26, routed)          0.403     1.422    clkdiv/DivCnt[0]_i_1_n_0
    SLICE_X6Y75          FDRE                                         r  clkdiv/DivCnt_reg[5]/R
  -------------------------------------------------------------------    -------------------

                         (clock Clk rise edge)        0.000     0.000 r  
    E3                                                0.000     0.000 r  Clk (IN)
                         net (fo=0)                   0.000     0.000    Clk
    E3                   IBUF (Prop_ibuf_I_O)         0.438     0.438 r  Clk_IBUF_inst/O
                         net (fo=1, routed)           0.699     1.136    Clk_IBUF
    BUFGCTRL_X0Y16       BUFG (Prop_bufg_I_O)         0.029     1.165 r  Clk_IBUF_BUFG_inst/O
                         net (fo=47, routed)          0.858     2.023    clkdiv/Clk_IBUF_BUFG
    SLICE_X6Y75          FDRE                                         r  clkdiv/DivCnt_reg[5]/C

Slack:                    inf
  Source:                 Reset
                            (input port)
  Destination:            clkdiv/DivCnt_reg[6]/R
                            (rising edge-triggered cell FDRE clocked by Clk  {rise@0.000ns fall@5.000ns period=10.000ns})
  Path Group:             (none)
  Path Type:              Hold (Min at Fast Process Corner)
  Data Path Delay:        1.422ns  (logic 0.289ns (20.360%)  route 1.132ns (79.640%))
  Logic Levels:           2  (IBUF=1 LUT2=1)
  Clock Path Skew:        2.023ns (DCD - SCD - CPR)
    Destination Clock Delay (DCD):    2.023ns
    Source Clock Delay      (SCD):    0.000ns
    Clock Pessimism Removal (CPR):    -0.000ns

    Location             Delay type                Incr(ns)  Path(ns)    Netlist Resource(s)
  -------------------------------------------------------------------    -------------------
    N17                                               0.000     0.000 r  Reset (IN)
                         net (fo=0)                   0.000     0.000    Reset
    N17                  IBUF (Prop_ibuf_I_O)         0.244     0.244 r  Reset_IBUF_inst/O
                         net (fo=26, routed)          0.729     0.974    clkdiv/Reset_IBUF
    SLICE_X9Y76          LUT2 (Prop_lut2_I0_O)        0.045     1.019 r  clkdiv/DivCnt[0]_i_1/O
                         net (fo=26, routed)          0.403     1.422    clkdiv/DivCnt[0]_i_1_n_0
    SLICE_X6Y75          FDRE                                         r  clkdiv/DivCnt_reg[6]/R
  -------------------------------------------------------------------    -------------------

                         (clock Clk rise edge)        0.000     0.000 r  
    E3                                                0.000     0.000 r  Clk (IN)
                         net (fo=0)                   0.000     0.000    Clk
    E3                   IBUF (Prop_ibuf_I_O)         0.438     0.438 r  Clk_IBUF_inst/O
                         net (fo=1, routed)           0.699     1.136    Clk_IBUF
    BUFGCTRL_X0Y16       BUFG (Prop_bufg_I_O)         0.029     1.165 r  Clk_IBUF_BUFG_inst/O
                         net (fo=47, routed)          0.858     2.023    clkdiv/Clk_IBUF_BUFG
    SLICE_X6Y75          FDRE                                         r  clkdiv/DivCnt_reg[6]/C

Slack:                    inf
  Source:                 Reset
                            (input port)
  Destination:            clkdiv/DivCnt_reg[7]/R
                            (rising edge-triggered cell FDRE clocked by Clk  {rise@0.000ns fall@5.000ns period=10.000ns})
  Path Group:             (none)
  Path Type:              Hold (Min at Fast Process Corner)
  Data Path Delay:        1.422ns  (logic 0.289ns (20.360%)  route 1.132ns (79.640%))
  Logic Levels:           2  (IBUF=1 LUT2=1)
  Clock Path Skew:        2.023ns (DCD - SCD - CPR)
    Destination Clock Delay (DCD):    2.023ns
    Source Clock Delay      (SCD):    0.000ns
    Clock Pessimism Removal (CPR):    -0.000ns

    Location             Delay type                Incr(ns)  Path(ns)    Netlist Resource(s)
  -------------------------------------------------------------------    -------------------
    N17                                               0.000     0.000 r  Reset (IN)
                         net (fo=0)                   0.000     0.000    Reset
    N17                  IBUF (Prop_ibuf_I_O)         0.244     0.244 r  Reset_IBUF_inst/O
                         net (fo=26, routed)          0.729     0.974    clkdiv/Reset_IBUF
    SLICE_X9Y76          LUT2 (Prop_lut2_I0_O)        0.045     1.019 r  clkdiv/DivCnt[0]_i_1/O
                         net (fo=26, routed)          0.403     1.422    clkdiv/DivCnt[0]_i_1_n_0
    SLICE_X6Y75          FDRE                                         r  clkdiv/DivCnt_reg[7]/R
  -------------------------------------------------------------------    -------------------

                         (clock Clk rise edge)        0.000     0.000 r  
    E3                                                0.000     0.000 r  Clk (IN)
                         net (fo=0)                   0.000     0.000    Clk
    E3                   IBUF (Prop_ibuf_I_O)         0.438     0.438 r  Clk_IBUF_inst/O
                         net (fo=1, routed)           0.699     1.136    Clk_IBUF
    BUFGCTRL_X0Y16       BUFG (Prop_bufg_I_O)         0.029     1.165 r  Clk_IBUF_BUFG_inst/O
                         net (fo=47, routed)          0.858     2.023    clkdiv/Clk_IBUF_BUFG
    SLICE_X6Y75          FDRE                                         r  clkdiv/DivCnt_reg[7]/C

Slack:                    inf
  Source:                 Reset
                            (input port)
  Destination:            clkdiv/DivCnt_reg[12]/R
                            (rising edge-triggered cell FDRE clocked by Clk  {rise@0.000ns fall@5.000ns period=10.000ns})
  Path Group:             (none)
  Path Type:              Hold (Min at Fast Process Corner)
  Data Path Delay:        1.424ns  (logic 0.289ns (20.332%)  route 1.134ns (79.668%))
  Logic Levels:           2  (IBUF=1 LUT2=1)
  Clock Path Skew:        2.026ns (DCD - SCD - CPR)
    Destination Clock Delay (DCD):    2.026ns
    Source Clock Delay      (SCD):    0.000ns
    Clock Pessimism Removal (CPR):    -0.000ns

    Location             Delay type                Incr(ns)  Path(ns)    Netlist Resource(s)
  -------------------------------------------------------------------    -------------------
    N17                                               0.000     0.000 r  Reset (IN)
                         net (fo=0)                   0.000     0.000    Reset
    N17                  IBUF (Prop_ibuf_I_O)         0.244     0.244 r  Reset_IBUF_inst/O
                         net (fo=26, routed)          0.729     0.974    clkdiv/Reset_IBUF
    SLICE_X9Y76          LUT2 (Prop_lut2_I0_O)        0.045     1.019 r  clkdiv/DivCnt[0]_i_1/O
                         net (fo=26, routed)          0.405     1.424    clkdiv/DivCnt[0]_i_1_n_0
    SLICE_X6Y77          FDRE                                         r  clkdiv/DivCnt_reg[12]/R
  -------------------------------------------------------------------    -------------------

                         (clock Clk rise edge)        0.000     0.000 r  
    E3                                                0.000     0.000 r  Clk (IN)
                         net (fo=0)                   0.000     0.000    Clk
    E3                   IBUF (Prop_ibuf_I_O)         0.438     0.438 r  Clk_IBUF_inst/O
                         net (fo=1, routed)           0.699     1.136    Clk_IBUF
    BUFGCTRL_X0Y16       BUFG (Prop_bufg_I_O)         0.029     1.165 r  Clk_IBUF_BUFG_inst/O
                         net (fo=47, routed)          0.861     2.026    clkdiv/Clk_IBUF_BUFG
    SLICE_X6Y77          FDRE                                         r  clkdiv/DivCnt_reg[12]/C





